{"y_max": 1.6817229668738747, "mean_values": [0.13627267698190434, 0.397632807551032, 0.8702661565767681, 1.3281672263653168, 1.3281672263653168, 1.3281672263653168, 1.4006645089885508, 1.4012950152036647, 1.4012950152036647, 1.4012950152036647, 1.4012950152036647, 1.4245221535344839, 1.4264100759404303, 1.4264100759404303, 1.4264100759404303, 1.442291149337641, 1.442291149337641, 1.4466138307844525, 1.4466138307844525, 1.4466138307844525], "timestamp": "2025-03-13_12-08-29"}