{"y_max": 1.6817229668738747, "mean_values": [0.2690525641344409, 0.5798464583960052, 1.0864061672332237, 1.4035242338357208, 1.4035242338357208, 1.4035242338357208, 1.4462981630389322, 1.4462981630389322, 1.4462981630389322, 1.474773012444744, 1.474773012444744, 1.474773012444744, 1.474773012444744, 1.474773012444744, 1.474773012444744, 1.474773012444744, 1.474773012444744, 1.474773012444744, 1.474773012444744, 1.474773012444744], "timestamp": "2025-03-13_10-47-03"}