{"y_max": 1.6817229668738747, "mean_values": [0.13501150486079644, 0.3634776054722894, 0.851362264853961, 1.359058689723535, 1.359058689723535, 1.359058689723535, 1.4145537648963729, 1.4333007514761837, 1.4583457343877055, 1.4583457343877055, 1.4583457343877055, 1.4583457343877055, 1.4583457343877055, 1.4583457343877055, 1.4583457343877055, 1.4583457343877055, 1.4583457343877055, 1.4583457343877055, 1.4583457343877055, 1.4583457343877055], "timestamp": "2025-03-13_11-44-37"}