{"y_max": 1.6817229668738747, "mean_values": [0.22721078980377188, 0.5538861878334719, 1.0808568822885254, 1.4318648116184856, 1.4318648116184856, 1.4318648116184856, 1.4472062660594551, 1.4472062660594551, 1.4472062660594551, 1.4472062660594551, 1.4472062660594551, 1.472387133561616, 1.472387133561616, 1.472387133561616, 1.472387133561616, 1.472387133561616, 1.472387133561616, 1.472387133561616, 1.472387133561616, 1.472387133561616], "timestamp": "2025-03-13_11-02-14"}