{"y_max": 1.6817229668738747, "mean_values": [0.19976160466284532, 0.5633090451295688, 1.1205599515187818, 1.4242923175726148, 1.4242923175726148, 1.4242923175726148, 1.4503358239422897, 1.4503358239422897, 1.4503358239422897, 1.4503358239422897, 1.4503358239422897, 1.4503358239422897, 1.4503358239422897, 1.4503358239422897, 1.4503358239422897, 1.4503358239422897, 1.4503358239422897, 1.4503358239422897, 1.4503358239422897, 1.4503358239422897], "timestamp": "2025-03-13_11-50-55"}