{"y_max": 1.6817229668738747, "mean_values": [0.07158258855121809, 0.3738170476169759, 0.8373443799981898, 1.3399346658896176, 1.3399346658896176, 1.3399346658896176, 1.4197573458464334, 1.4197573458464334, 1.4197573458464334, 1.4417220915084745, 1.4417220915084745, 1.4417220915084745, 1.4417220915084745, 1.4417220915084745, 1.4417220915084745, 1.4417220915084745, 1.4417220915084745, 1.4417220915084745, 1.4417220915084745, 1.4417220915084745], "timestamp": "2025-03-13_11-09-42"}