{"y_max": 1.6817229668738747, "mean_values": [0.2150421104074403, 0.5304445312231127, 1.0688556525602473, 1.455801431192092, 1.455801431192092, 1.455801431192092, 1.455801431192092, 1.4709182771291358, 1.495310636765409, 1.495310636765409, 1.495310636765409, 1.495310636765409, 1.495310636765409, 1.495310636765409, 1.495310636765409, 1.495310636765409, 1.495310636765409, 1.495310636765409, 1.495310636765409, 1.495310636765409], "timestamp": "2025-03-13_11-56-21"}