{"y_max": 1.6817229668738747, "mean_values": [0.1616566379111931, 0.1616566379111931, 0.38039270398230285, 0.8485605976084198, 1.3634856432736524, 1.3634856432736524, 1.3634856432736524, 1.4099821536237316, 1.425712525118687, 1.425712525118687, 1.425712525118687, 1.425712525118687, 1.425712525118687, 1.469032807913342, 1.469032807913342, 1.469032807913342, 1.469032807913342, 1.469032807913342, 1.469032807913342, 1.469032807913342], "timestamp": "2025-03-13_10-51-40"}