{"y_max": 1.6817229668738747, "mean_values": [0.2119328128710502, 0.534367662679617, 1.016927465226477, 1.470131330483026, 1.470131330483026, 1.470131330483026, 1.470131330483026, 1.470131330483026, 1.470131330483026, 1.470131330483026, 1.470131330483026, 1.470131330483026, 1.470131330483026, 1.470131330483026, 1.470131330483026, 1.470131330483026, 1.470131330483026, 1.4928460721582537, 1.4928460721582537, 1.4928460721582537], "timestamp": "2025-03-13_11-26-02"}