{"y_max": 1.6817229668738747, "mean_values": [0.2335262425448343, 0.5562724148954702, 1.1142880693298276, 1.4562646851484802, 1.4562646851484802, 1.4562646851484802, 1.4562646851484802, 1.4562646851484802, 1.4562646851484802, 1.4562646851484802, 1.4562646851484802, 1.4562646851484802, 1.4562646851484802, 1.4562646851484802, 1.4562646851484802, 1.4562646851484802, 1.4562646851484802, 1.4562646851484802, 1.4562646851484802, 1.4562646851484802], "timestamp": "2025-03-13_11-52-42"}