{"y_max": 1.6817229668738747, "mean_values": [0.2547856485731615, 0.5895020808626945, 1.1703714204828164, 1.4341310298222463, 1.4341310298222463, 1.4341310298222463, 1.4341310298222463, 1.4341310298222463, 1.4686926709932777, 1.4686926709932777, 1.4686926709932777, 1.4686926709932777, 1.4686926709932777, 1.4686926709932777, 1.4686926709932777, 1.4686926709932777, 1.4686926709932777, 1.4686926709932777, 1.4686926709932777, 1.4686926709932777], "timestamp": "2025-03-13_11-40-58"}