{"y_max": 1.6817229668738747, "mean_values": [0.23634709954379424, 0.5787873478573897, 1.129213053542778, 1.484532507967598, 1.484532507967598, 1.484532507967598, 1.484532507967598, 1.484532507967598, 1.484532507967598, 1.484532507967598, 1.484532507967598, 1.484532507967598, 1.484532507967598, 1.484532507967598, 1.484532507967598, 1.484532507967598, 1.484532507967598, 1.484532507967598, 1.4966152015354945, 1.4966152015354945], "timestamp": "2025-03-13_11-25-07"}