{"y_max": 1.6817229668738747, "mean_values": [0.23491560794706096, 0.6041928575451327, 1.1519866751702879, 1.409211787558957, 1.409211787558957, 1.409211787558957, 1.409211787558957, 1.4106775400417164, 1.4106775400417164, 1.4106775400417164, 1.416841369052447, 1.416841369052447, 1.4427300163269414, 1.4427300163269414, 1.4427300163269414, 1.4427300163269414, 1.4427300163269414, 1.4427300163269414, 1.4427300163269414, 1.4427300163269414], "timestamp": "2025-03-13_10-44-22"}