{"y_max": 1.6817229668738747, "mean_values": [0.2485969332259457, 0.5614191684415297, 1.0913098420306522, 1.4311526791990028, 1.4311526791990028, 1.4311526791990028, 1.4311526791990028, 1.4429894853153071, 1.4429894853153071, 1.4429894853153071, 1.4429894853153071, 1.4429894853153071, 1.4429894853153071, 1.4429894853153071, 1.4429894853153071, 1.4429894853153071, 1.4429894853153071, 1.4429894853153071, 1.4429894853153071, 1.4429894853153071], "timestamp": "2025-03-13_12-10-18"}