{"y_max": 1.6817229668738747, "mean_values": [0.2327426348294495, 0.6410849576576254, 1.2381154918728445, 1.3961201384747266, 1.3961201384747266, 1.3961201384747266, 1.4379860283284576, 1.4603130587537756, 1.4603130587537756, 1.4603130587537756, 1.4603130587537756, 1.4603130587537756, 1.4603130587537756, 1.4603130587537756, 1.4603130587537756, 1.4603130587537756, 1.4603130587537756, 1.4603130587537756, 1.4603130587537756, 1.4603130587537756], "timestamp": "2025-03-13_12-09-23"}