{"y_max": 1.6817229668738747, "mean_values": [0.2096128005008095, 0.6107729832817714, 1.1277369215985735, 1.435982601822371, 1.435982601822371, 1.435982601822371, 1.4632327030413492, 1.4632327030413492, 1.4632327030413492, 1.4813592621460714, 1.4813592621460714, 1.4813592621460714, 1.4813592621460714, 1.4813592621460714, 1.4813592621460714, 1.4813592621460714, 1.4813592621460714, 1.4813592621460714, 1.4813592621460714, 1.4813592621460714], "timestamp": "2025-03-13_11-50-02"}