{"y_max": 1.6817229668738747, "mean_values": [0.18284648781477228, 0.5699212933127756, 1.1158060274042325, 1.4203056751437935, 1.4203056751437935, 1.4203056751437935, 1.447004193960849, 1.447004193960849, 1.447004193960849, 1.447004193960849, 1.447004193960849, 1.447004193960849, 1.447004193960849, 1.447004193960849, 1.447004193960849, 1.447004193960849, 1.4676498240465703, 1.4676498240465703, 1.4676498240465703, 1.4676498240465703], "timestamp": "2025-03-13_10-53-39"}