{"y_max": 1.6817229668738747, "mean_values": [0.1867955696019632, 0.5596131578906447, 1.1111070374486518, 1.4820676999633426, 1.4820676999633426, 1.4820676999633426, 1.4820676999633426, 1.4820676999633426, 1.4820676999633426, 1.4820676999633426, 1.4820676999633426, 1.4820676999633426, 1.4820676999633426, 1.4820676999633426, 1.4820676999633426, 1.4820676999633426, 1.4820676999633426, 1.4820676999633426, 1.4820676999633426, 1.4820676999633426], "timestamp": "2025-03-13_11-42-48"}