{"y_max": 1.6817229668738747, "mean_values": [0.12817711911200214, 0.3968557930728136, 0.9452902806441359, 1.4158507008748906, 1.4158507008748906, 1.4158507008748906, 1.443784379492219, 1.443784379492219, 1.443784379492219, 1.443784379492219, 1.443784379492219, 1.443784379492219, 1.443784379492219, 1.443784379492219, 1.443784379492219, 1.443784379492219, 1.443784379492219, 1.443784379492219, 1.4810097823630095, 1.4810097823630095], "timestamp": "2025-03-13_12-06-41"}