{"y_max": 1.6817229668738747, "mean_values": [0.27747805465623193, 0.6275187878913197, 1.134969391191212, 1.427873914754718, 1.427873914754718, 1.427873914754718, 1.427873914754718, 1.4354667369091236, 1.4713175479648688, 1.4713175479648688, 1.4713175479648688, 1.4713175479648688, 1.4713175479648688, 1.4713175479648688, 1.4713175479648688, 1.4713175479648688, 1.4713175479648688, 1.5178317409096183, 1.5178317409096183, 1.5178317409096183], "timestamp": "2025-03-13_11-57-22"}