{"y_max": 1.6817229668738747, "mean_values": [0.20373920397537554, 0.4310996961402426, 0.8472770409787346, 1.3516756012530116, 1.3516756012530116, 1.3516756012530116, 1.4225489774082525, 1.4225489774082525, 1.4225489774082525, 1.430031562029962, 1.430031562029962, 1.430031562029962, 1.430031562029962, 1.430031562029962, 1.430031562029962, 1.4454039337111897, 1.4454039337111897, 1.4454039337111897, 1.4454039337111897, 1.4454039337111897], "timestamp": "2025-03-13_10-48-53"}