{"y_max": 1.6817229668738747, "mean_values": [0.2612045655125281, 0.6209388077644802, 1.15878920577483, 1.4648372795237183, 1.4648372795237183, 1.4648372795237183, 1.4648372795237183, 1.4648372795237183, 1.4711404996094384, 1.4711404996094384, 1.4783760937386374, 1.5133504386275234, 1.5133504386275234, 1.5133504386275234, 1.5133504386275234, 1.5133504386275234, 1.5133504386275234, 1.5133504386275234, 1.5133504386275234, 1.5133504386275234], "timestamp": "2025-03-13_11-55-25"}