{"y_max": 1.6817229668738747, "mean_values": [0.2251795168440673, 0.5755576099778453, 1.1161738626931943, 1.4309778828144286, 1.4309778828144286, 1.4309778828144286, 1.4309778828144286, 1.4309778828144286, 1.4769551351018362, 1.4769551351018362, 1.4769551351018362, 1.4769551351018362, 1.4769551351018362, 1.4769551351018362, 1.4769551351018362, 1.4769551351018362, 1.4769551351018362, 1.4769551351018362, 1.4769551351018362, 1.4769551351018362], "timestamp": "2025-03-13_12-12-59"}