{"y_max": 1.6817229668738747, "mean_values": [0.1312116834139396, 0.3978824385797447, 0.8753823549265617, 1.3685664781574722, 1.3685664781574722, 1.3685664781574722, 1.3707184551438407, 1.396059868443098, 1.415076280501869, 1.419716417268491, 1.467238964089924, 1.467238964089924, 1.467238964089924, 1.467238964089924, 1.467238964089924, 1.467238964089924, 1.467238964089924, 1.467238964089924, 1.467238964089924, 1.467238964089924], "timestamp": "2025-03-13_12-11-12"}