{"y_max": 1.6817229668738747, "mean_values": [0.2117501270389529, 0.6131005441633534, 1.127825234032191, 1.4050575323068182, 1.4050575323068182, 1.4050575323068182, 1.4101444692976854, 1.4146284485275096, 1.4203795196629636, 1.4203795196629636, 1.4203795196629636, 1.4233588042307337, 1.4383382109143439, 1.4383382109143439, 1.4383382109143439, 1.4383382109143439, 1.4383382109143439, 1.4383382109143439, 1.4383382109143439, 1.4383382109143439], "timestamp": "2025-03-13_12-02-03"}