{"y_max": 1.6817229668738747, "mean_values": [0.1405587092397606, 0.39996818466320183, 0.8235059001316234, 1.388200181325031, 1.388200181325031, 1.388200181325031, 1.4730301093831402, 1.4730301093831402, 1.4900999275677402, 1.4900999275677402, 1.4900999275677402, 1.4900999275677402, 1.4900999275677402, 1.4900999275677402, 1.4900999275677402, 1.4900999275677402, 1.4900999275677402, 1.4900999275677402, 1.4900999275677402, 1.4900999275677402], "timestamp": "2025-03-13_11-03-10"}