{"y_max": 1.6817229668738747, "mean_values": [0.13610270159775542, 0.3704754004285451, 0.8527615521805687, 1.365794979612711, 1.365794979612711, 1.365794979612711, 1.3993436094582097, 1.425664280750648, 1.425664280750648, 1.425664280750648, 1.425664280750648, 1.425664280750648, 1.425664280750648, 1.425664280750648, 1.425664280750648, 1.425664280750648, 1.425664280750648, 1.425664280750648, 1.425664280750648, 1.425664280750648], "timestamp": "2025-03-13_12-03-54"}