{"y_max": 1.6817229668738747, "mean_values": [0.21564168716303705, 0.5108085346057153, 1.0991605415563908, 1.4111990675238093, 1.4111990675238093, 1.4111990675238093, 1.4111990675238093, 1.4111990675238093, 1.4122142299920322, 1.4122142299920322, 1.4122142299920322, 1.4364216296053915, 1.4364216296053915, 1.4364216296053915, 1.4364216296053915, 1.4364216296053915, 1.4364216296053915, 1.4364216296053915, 1.4364216296053915, 1.4364216296053915], "timestamp": "2025-03-13_10-57-29"}