{"y_max": 1.6817229668738747, "mean_values": [0.3003371919816268, 0.6587141423132893, 1.1267798337339638, 1.3687308203131616, 1.3687308203131616, 1.3687308203131616, 1.4459679935616392, 1.4459679935616392, 1.4459679935616392, 1.4459679935616392, 1.4459679935616392, 1.4459679935616392, 1.4459679935616392, 1.4459679935616392, 1.4459679935616392, 1.4459679935616392, 1.4459679935616392, 1.4459679935616392, 1.5011552877948764, 1.5011552877948764], "timestamp": "2025-03-13_10-46-10"}