{"y_max": 1.6817229668738747, "mean_values": [0.2793373059167312, 0.6125638147608946, 1.077256287209392, 1.4029385517249322, 1.4029385517249322, 1.4029385517249322, 1.4280290991047846, 1.4407378898937857, 1.4594192223916829, 1.4594192223916829, 1.4634476621629817, 1.4634476621629817, 1.4634476621629817, 1.4634476621629817, 1.4634476621629817, 1.4634476621629817, 1.4634476621629817, 1.4634476621629817, 1.4634476621629817, 1.4634476621629817], "timestamp": "2025-03-13_11-07-50"}