{"y_max": 1.6817229668738747, "mean_values": [0.2410855192003355, 0.5743985078495487, 1.1097478496741426, 1.4540672506184291, 1.4540672506184291, 1.4540672506184291, 1.4540672506184291, 1.4540672506184291, 1.4540672506184291, 1.477060128074047, 1.477060128074047, 1.477060128074047, 1.477060128074047, 1.477060128074047, 1.477060128074047, 1.477060128074047, 1.477060128074047, 1.477060128074047, 1.477060128074047, 1.477060128074047], "timestamp": "2025-03-13_11-20-16"}