{"y_max": 1.6817229668738747, "mean_values": [0.21565176134812444, 0.4636067365490244, 1.0654778707938626, 1.3857395642644845, 1.3857395642644845, 1.3857395642644845, 1.4396222551877125, 1.4587446643542494, 1.4587446643542494, 1.4587446643542494, 1.4587446643542494, 1.4587446643542494, 1.4587446643542494, 1.4587446643542494, 1.4587446643542494, 1.4587446643542494, 1.4587446643542494, 1.4587446643542494, 1.4587446643542494, 1.4587446643542494], "timestamp": "2025-03-13_12-07-35"}