{"y_max": 1.6817229668738747, "mean_values": [0.21829189497076923, 0.5771246101024374, 1.1006149502000715, 1.441314038853231, 1.441314038853231, 1.441314038853231, 1.441314038853231, 1.441314038853231, 1.441314038853231, 1.441314038853231, 1.441314038853231, 1.441314038853231, 1.45644549741438, 1.45644549741438, 1.45644549741438, 1.45644549741438, 1.45644549741438, 1.45644549741438, 1.45644549741438, 1.45644549741438], "timestamp": "2025-03-13_11-59-17"}