{"y_max": 1.6817229668738747, "mean_values": [0.23219675599482062, 0.23219675599482062, 0.44840654287007486, 1.0503595715470981, 1.457978617997212, 1.457978617997212, 1.457978617997212, 1.457978617997212, 1.457978617997212, 1.457978617997212, 1.457978617997212, 1.457978617997212, 1.457978617997212, 1.457978617997212, 1.457978617997212, 1.457978617997212, 1.457978617997212, 1.457978617997212, 1.457978617997212, 1.457978617997212], "timestamp": "2025-03-13_11-32-35"}