{"y_max": 1.6817229668738747, "mean_values": [0.19558180274901396, 0.5507556555599874, 1.1180738608140142, 1.4146005141346905, 1.4146005141346905, 1.4146005141346905, 1.4146005141346905, 1.440812935653204, 1.440812935653204, 1.4487879023974508, 1.4487879023974508, 1.4487879023974508, 1.4487879023974508, 1.4487879023974508, 1.4487879023974508, 1.4487879023974508, 1.4487879023974508, 1.4675297580303184, 1.4675297580303184, 1.4675297580303184], "timestamp": "2025-03-13_11-26-58"}