{"y_max": 1.6817229668738747, "mean_values": [0.2166116043406753, 0.6138775415136452, 1.180872677881287, 1.4730320197083735, 1.4730320197083735, 1.4730320197083735, 1.4730320197083735, 1.4730320197083735, 1.4730320197083735, 1.4730320197083735, 1.4730320197083735, 1.4730320197083735, 1.4730320197083735, 1.4730320197083735, 1.4730320197083735, 1.4730320197083735, 1.4730320197083735, 1.4730320197083735, 1.4730320197083735, 1.4730320197083735], "timestamp": "2025-03-13_10-42-32"}