{"y_max": 1.6514432699284796, "mean_values": [0.9732487745060829, 1.1325782727802611, 1.1396954447895515, 1.2259609457193248, 1.4241663250410186, 1.4241663250410186, 1.4241663250410186, 1.4241663250410186, 1.4273621497535847, 1.4273621497535847, 1.4273621497535847, 1.4273621497535847, 1.4273621497535847, 1.6508518338759632, 1.6508518338759632, 1.6508518338759632, 1.6508518338759632, 1.6508518338759632, 1.6508518338759632, 1.651988303447871, 1.651988303447871, 1.651988303447871, 1.651988303447871, 1.6520694440711126, 1.6520694440711126, 1.6520694440711126, 1.6520694440711126, 1.652577600109537, 1.6551747598561586, 1.6551747598561586], "timestamp": "2025-03-14_10-04-53"}