{"y_max": 1.6514432699284796, "mean_values": [0.9649306737566361, 1.1333169292318008, 1.1381467977177175, 1.2261062790001858, 1.419961906969063, 1.419961906969063, 1.419961906969063, 1.4337177363193272, 1.4337177363193272, 1.4337177363193272, 1.4337177363193272, 1.4337177363193272, 1.4337177363193272, 1.649027385870942, 1.649027385870942, 1.649027385870942, 1.649027385870942, 1.649027385870942, 1.649027385870942, 1.654434018944746, 1.654434018944746, 1.654434018944746, 1.654434018944746, 1.6546608349441145, 1.6546608349441145, 1.6546608349441145, 1.6546608349441145, 1.6546608349441145, 1.6546608349441145, 1.6546608349441145], "timestamp": "2025-03-14_11-35-24"}