{"y_max": 1.6514432699284796, "mean_values": [0.7983659472794676, 1.0182779953799341, 1.1385461481942911, 1.1457731329465066, 1.265406095766485, 1.4427476449207015, 1.4427476449207015, 1.4427476449207015, 1.4427476449207015, 1.4427476449207015, 1.4427476449207015, 1.4427476449207015, 1.63405929967284, 1.63405929967284, 1.63405929967284, 1.63405929967284, 1.6364861526294703, 1.6364861526294703, 1.6534157851230007, 1.6534157851230007, 1.6534157851230007, 1.6534157851230007, 1.6534157851230007, 1.6534157851230007, 1.6534157851230007, 1.6534157851230007, 1.6538501680913038, 1.6543172813495424, 1.6543172813495424, 1.6543172813495424], "timestamp": "2025-03-14_11-23-42"}