{"y_max": 1.6514432699284796, "mean_values": [0.7856854677427025, 1.0123158723732992, 1.1401481193981267, 1.1458795862823794, 1.2602923252017244, 1.4418049572020872, 1.4418049572020872, 1.4418049572020872, 1.4418049572020872, 1.4418049572020872, 1.4418049572020872, 1.4418049572020872, 1.6346066481269612, 1.6346066481269612, 1.6346066481269612, 1.6346066481269612, 1.6352740329817201, 1.6352740329817201, 1.6520580721928777, 1.653264216703057, 1.653264216703057, 1.653264216703057, 1.653264216703057, 1.653264216703057, 1.653264216703057, 1.653264216703057, 1.653264216703057, 1.653264216703057, 1.653264216703057, 1.653264216703057], "timestamp": "2025-03-14_09-43-50"}