{"y_max": 1.6514432699284796, "mean_values": [0.7801564039222544, 1.0122077076458746, 1.1392706044564984, 1.1460792119793914, 1.2639501431419982, 1.4409933088663958, 1.4409933088663958, 1.4409933088663958, 1.4409933088663958, 1.4409933088663958, 1.4409933088663958, 1.4409933088663958, 1.636277507237025, 1.636277507237025, 1.636277507237025, 1.636277507237025, 1.636277507237025, 1.636277507237025, 1.636277507237025, 1.653548387489517, 1.6544764855509264, 1.6544764855509264, 1.6544764855509264, 1.6544764855509264, 1.6544764855509264, 1.6544764855509264, 1.6544764855509264, 1.6544764855509264, 1.6544764855509264, 1.6544764855509264], "timestamp": "2025-03-14_11-14-28"}