{"y_max": 1.6514432699284796, "mean_values": [0.7410596115966677, 1.006226075814539, 1.1386190152653084, 1.1456151949245625, 1.2642522634640463, 1.4403586266389095, 1.4403586266389095, 1.4403586266389095, 1.4403586266389095, 1.4403586266389095, 1.4403586266389095, 1.4403586266389095, 1.6366872892629623, 1.6366872892629623, 1.6366872892629623, 1.6366872892629623, 1.6366872892629623, 1.6366872892629623, 1.6366872892629623, 1.6523082022548514, 1.6541548884301867, 1.6541548884301867, 1.6541548884301867, 1.6541548884301867, 1.6541548884301867, 1.6541548884301867, 1.6541548884301867, 1.6541548884301867, 1.6541548884301867, 1.6541548884301867], "timestamp": "2025-03-14_09-50-47"}