{"y_max": 1.6514432699284796, "mean_values": [0.802864087392912, 1.019223677234512, 1.1383002700340297, 1.145508490182441, 1.2643831437455062, 1.4413484537462444, 1.4413484537462444, 1.4413484537462444, 1.4413484537462444, 1.4413484537462444, 1.4413484537462444, 1.4413484537462444, 1.4413484537462444, 1.622679119268555, 1.622679119268555, 1.622679119268555, 1.622679119268555, 1.6410647986029967, 1.6410647986029967, 1.6530854914197914, 1.6530854914197914, 1.6536591437194443, 1.6536591437194443, 1.6536591437194443, 1.6536591437194443, 1.6536591437194443, 1.6536591437194443, 1.6536591437194443, 1.6536591437194443, 1.6536591437194443], "timestamp": "2025-03-14_09-01-40"}