{"y_max": 1.6514432699284796, "mean_values": [0.7203792102935018, 0.9996251412423918, 1.139331427339901, 1.1432139685205462, 1.2611013992229407, 1.4405343355442575, 1.4405343355442575, 1.4405343355442575, 1.4405343355442575, 1.4405343355442575, 1.4405343355442575, 1.4405343355442575, 1.6392098978842817, 1.6392098978842817, 1.6392098978842817, 1.6392098978842817, 1.6392098978842817, 1.6392098978842817, 1.6521594208681059, 1.6521594208681059, 1.6521594208681059, 1.6521594208681059, 1.6521594208681059, 1.6522137301452122, 1.6522137301452122, 1.6522137301452122, 1.6522137301452122, 1.6522137301452122, 1.6522137301452122, 1.6522137301452122], "timestamp": "2025-03-14_10-44-02"}