{"y_max": 1.6514432699284796, "mean_values": [0.7719838566084541, 1.0108738819770395, 1.1388199880147316, 1.144546872341154, 1.2645446876473843, 1.4437857728418493, 1.4437857728418493, 1.4437857728418493, 1.4437857728418493, 1.4437857728418493, 1.4437857728418493, 1.4437857728418493, 1.6361370968302793, 1.6361370968302793, 1.6361370968302793, 1.6361370968302793, 1.6361370968302793, 1.6361370968302793, 1.6361370968302793, 1.653661866400823, 1.653661866400823, 1.653661866400823, 1.653661866400823, 1.653661866400823, 1.653661866400823, 1.653661866400823, 1.653661866400823, 1.653661866400823, 1.653661866400823, 1.653661866400823], "timestamp": "2025-03-14_10-07-13"}