{"y_max": 1.6514432699284796, "mean_values": [0.802198218480816, 1.0179665467648573, 1.1394905808492188, 1.1456217267705853, 1.2654706694929982, 1.442897494188669, 1.442897494188669, 1.442897494188669, 1.442897494188669, 1.442897494188669, 1.442897494188669, 1.442897494188669, 1.442897494188669, 1.6257131752837828, 1.6257131752837828, 1.6257131752837828, 1.6257131752837828, 1.640757182473561, 1.640757182473561, 1.6525120438936374, 1.6525120438936374, 1.6544932257461147, 1.6544932257461147, 1.6544932257461147, 1.6544932257461147, 1.6544932257461147, 1.6544932257461147, 1.6544932257461147, 1.6544932257461147, 1.6544932257461147], "timestamp": "2025-03-14_11-19-03"}