{"y_max": 1.6514432699284796, "mean_values": [0.7984034603198502, 1.0165122919503642, 1.1391430711393182, 1.1465330813784391, 1.2655611318710225, 1.4411906280449678, 1.4411906280449678, 1.4411906280449678, 1.4411906280449678, 1.4411906280449678, 1.4411906280449678, 1.4411906280449678, 1.622412054668358, 1.622412054668358, 1.622412054668358, 1.622412054668358, 1.6415896256033882, 1.6415896256033882, 1.6511829982202488, 1.6511829982202488, 1.6511829982202488, 1.6511829982202488, 1.6511829982202488, 1.6519233577390438, 1.6519233577390438, 1.6519233577390438, 1.6519233577390438, 1.6519233577390438, 1.6519233577390438, 1.6519233577390438], "timestamp": "2025-03-14_10-20-49"}