{"y_max": 1.6514432699284796, "mean_values": [0.7797111600836414, 1.0108747429237972, 1.1404844820711737, 1.146411627662627, 1.262390597131172, 1.4413186405576943, 1.4413186405576943, 1.4413186405576943, 1.4413186405576943, 1.4413186405576943, 1.4413186405576943, 1.4413186405576943, 1.6359803355529374, 1.6359803355529374, 1.6359803355529374, 1.6359803355529374, 1.6367675445311836, 1.6367675445311836, 1.6531538859377846, 1.65416098762864, 1.65416098762864, 1.65416098762864, 1.65416098762864, 1.65416098762864, 1.65416098762864, 1.65416098762864, 1.65416098762864, 1.65416098762864, 1.65416098762864, 1.65416098762864], "timestamp": "2025-03-14_12-01-07"}