{"y_max": 1.6514432699284796, "mean_values": [0.7718091935329856, 1.0097982992236754, 1.1402910709089238, 1.1466738161500745, 1.2638424665129877, 1.4422250103285188, 1.4422250103285188, 1.4422250103285188, 1.4422250103285188, 1.4422250103285188, 1.4422250103285188, 1.4422250103285188, 1.6347109167923484, 1.6347109167923484, 1.6347109167923484, 1.6347109167923484, 1.6367381264391991, 1.6367381264391991, 1.6529121659449655, 1.6529121659449655, 1.6529121659449655, 1.6529121659449655, 1.6529121659449655, 1.6529121659449655, 1.6529121659449655, 1.6529121659449655, 1.6529121659449655, 1.6529121659449655, 1.6529121659449655, 1.6529121659449655], "timestamp": "2025-03-14_10-23-07"}