{"y_max": 1.6514432699284796, "mean_values": [0.7776127408808269, 1.0102901716246198, 1.1394587955087778, 1.1464196087769776, 1.2629928387058225, 1.4412884309509963, 1.4412884309509963, 1.4412884309509963, 1.4412884309509963, 1.4412884309509963, 1.4412884309509963, 1.4412884309509963, 1.6354031698752731, 1.6354031698752731, 1.6354031698752731, 1.6354031698752731, 1.6354031698752731, 1.6354031698752731, 1.6512228887037737, 1.652975697610034, 1.652975697610034, 1.652975697610034, 1.652975697610034, 1.652975697610034, 1.652975697610034, 1.652975697610034, 1.652975697610034, 1.652975697610034, 1.652975697610034, 1.652975697610034], "timestamp": "2025-03-14_11-21-21"}