{"y_max": 1.6514432699284796, "mean_values": [0.7491702452292816, 1.0040842910932475, 1.1397847998423873, 1.143805768596399, 1.2649550425625558, 1.4413405004471882, 1.4413405004471882, 1.4413405004471882, 1.4413405004471882, 1.4413405004471882, 1.4413405004471882, 1.4413405004471882, 1.6342631528172553, 1.6342631528172553, 1.6342631528172553, 1.6342631528172553, 1.6362979531445294, 1.6362979531445294, 1.651049003511744, 1.6538551814956748, 1.6538551814956748, 1.6538551814956748, 1.6538551814956748, 1.6538551814956748, 1.6538551814956748, 1.6538551814956748, 1.6538551814956748, 1.6538551814956748, 1.6538551814956748, 1.6538551814956748], "timestamp": "2025-03-14_11-37-45"}