{"y_max": 1.6514432699284796, "mean_values": [0.96480581002768, 1.1313697000983436, 1.1396660347022154, 1.2255863472583846, 1.4194739576339883, 1.4194739576339883, 1.4194739576339883, 1.4329268337033727, 1.4329268337033727, 1.4329268337033727, 1.4329268337033727, 1.4329268337033727, 1.4329268337033727, 1.6511929699624908, 1.6511929699624908, 1.6511929699624908, 1.6511929699624908, 1.6511929699624908, 1.6511929699624908, 1.6523374264623045, 1.6537374957376763, 1.6537374957376763, 1.6537374957376763, 1.6540140275539628, 1.6540140275539628, 1.6540140275539628, 1.6540140275539628, 1.6540140275539628, 1.6540140275539628, 1.6540140275539628], "timestamp": "2025-03-14_11-54-02"}