{"y_max": 1.6514432699284796, "mean_values": [0.7982709293536258, 1.0183510392856256, 1.1401442127499324, 1.1459985550268177, 1.2642727797749793, 1.442730906575207, 1.442730906575207, 1.442730906575207, 1.442730906575207, 1.442730906575207, 1.442730906575207, 1.442730906575207, 1.442730906575207, 1.6261196946828629, 1.6261196946828629, 1.6261196946828629, 1.6261196946828629, 1.6437593295824142, 1.6437593295824142, 1.6500052565208796, 1.6500052565208796, 1.6543551003651527, 1.6543551003651527, 1.6543551003651527, 1.6543551003651527, 1.6543551003651527, 1.6543551003651527, 1.6543551003651527, 1.6543551003651527, 1.6543551003651527], "timestamp": "2025-03-14_11-47-02"}