{"y_max": 1.6514432699284796, "mean_values": [0.7567028085281347, 1.0127973946680735, 1.1386244395139629, 1.1436030786995195, 1.2645243194343667, 1.443804629025325, 1.443804629025325, 1.443804629025325, 1.443804629025325, 1.443804629025325, 1.443804629025325, 1.443804629025325, 1.6315867179754078, 1.6315867179754078, 1.6315867179754078, 1.6315867179754078, 1.635663276959782, 1.635663276959782, 1.6519204018782856, 1.6540822494941654, 1.6540822494941654, 1.6540822494941654, 1.6540822494941654, 1.6540822494941654, 1.6540822494941654, 1.6540822494941654, 1.6540822494941654, 1.6540822494941654, 1.6540822494941654, 1.6540822494941654], "timestamp": "2025-03-14_11-51-42"}