{"y_max": 1.6514432699284796, "mean_values": [0.7871332702626426, 1.0110951717996495, 1.1397421974472226, 1.1444970797737062, 1.2605611774555863, 1.4412440597794203, 1.4412440597794203, 1.4412440597794203, 1.4412440597794203, 1.4412440597794203, 1.4412440597794203, 1.4412440597794203, 1.6353007538927613, 1.6353007538927613, 1.6353007538927613, 1.6353007538927613, 1.636827884410371, 1.636827884410371, 1.6528775380825729, 1.6528775380825729, 1.6528775380825729, 1.6528775380825729, 1.6528775380825729, 1.6528775380825729, 1.6528775380825729, 1.6528775380825729, 1.6528775380825729, 1.6528775380825729, 1.6528775380825729, 1.6528775380825729], "timestamp": "2025-03-14_11-25-59"}