{"y_max": 1.6514432699284796, "mean_values": [0.7950654512486574, 1.0186583946994268, 1.1392772639531934, 1.1460517870702644, 1.2655450919382802, 1.442728887303621, 1.442728887303621, 1.442728887303621, 1.442728887303621, 1.442728887303621, 1.442728887303621, 1.442728887303621, 1.6363452227173965, 1.6363452227173965, 1.6363452227173965, 1.6363452227173965, 1.6363452227173965, 1.6363452227173965, 1.6513301312582456, 1.6534486987635177, 1.6534486987635177, 1.6534486987635177, 1.6534486987635177, 1.6534486987635177, 1.6534486987635177, 1.6534486987635177, 1.6534486987635177, 1.6534486987635177, 1.6534486987635177, 1.6534486987635177], "timestamp": "2025-03-14_10-34-45"}