{"y_max": 1.6514432699284796, "mean_values": [0.7467183707788274, 1.0042336317618996, 1.140572364825446, 1.1427821516957364, 1.2635416788369922, 1.4422212424385195, 1.4422212424385195, 1.4422212424385195, 1.4422212424385195, 1.4422212424385195, 1.4422212424385195, 1.4422212424385195, 1.6336635900630199, 1.6336635900630199, 1.6336635900630199, 1.6336635900630199, 1.6366165000482202, 1.6366165000482202, 1.6526432167962004, 1.654506040449396, 1.654506040449396, 1.654506040449396, 1.654506040449396, 1.654506040449396, 1.654506040449396, 1.654506040449396, 1.654506040449396, 1.654506040449396, 1.654506040449396, 1.654506040449396], "timestamp": "2025-03-14_11-40-06"}