{"y_max": 1.6514432699284796, "mean_values": [0.7928853673498297, 1.0166542850747753, 1.1397227578492217, 1.1466866249928083, 1.2654479879778997, 1.440924685787117, 1.440924685787117, 1.440924685787117, 1.440924685787117, 1.440924685787117, 1.440924685787117, 1.440924685787117, 1.6349727572537986, 1.6349727572537986, 1.6349727572537986, 1.6349727572537986, 1.6349727572537986, 1.6349727572537986, 1.652635305650969, 1.6533126265559108, 1.6533126265559108, 1.6533126265559108, 1.6533126265559108, 1.6533126265559108, 1.6533126265559108, 1.6533126265559108, 1.6533126265559108, 1.6533126265559108, 1.6533126265559108, 1.6533126265559108], "timestamp": "2025-03-14_10-27-45"}