{"y_max": 1.6514432699284796, "mean_values": [0.784849717438034, 1.0104608600582357, 1.139691697068288, 1.1463823648343778, 1.2597821601889776, 1.4393057661013704, 1.4393057661013704, 1.4393057661013704, 1.4393057661013704, 1.4393057661013704, 1.4393057661013704, 1.4393057661013704, 1.6317249021946247, 1.6317249021946247, 1.6317249021946247, 1.6317249021946247, 1.6353505690768246, 1.6353505690768246, 1.6537196921202495, 1.6546814211672096, 1.6546814211672096, 1.6546814211672096, 1.6546814211672096, 1.6546814211672096, 1.6546814211672096, 1.6546814211672096, 1.6546814211672096, 1.6546814211672096, 1.6546814211672096, 1.6546814211672096], "timestamp": "2025-03-14_09-08-24"}