{"y_max": 1.6514432699284796, "mean_values": [0.8126962108848148, 1.018990828787166, 1.137296487731583, 1.1444366929092322, 1.2579264427146286, 1.4423799335023402, 1.4423799335023402, 1.4423799335023402, 1.4423799335023402, 1.4423799335023402, 1.4423799335023402, 1.4423799335023402, 1.4423799335023402, 1.636131259727071, 1.636131259727071, 1.636131259727071, 1.636131259727071, 1.63654913902431, 1.63654913902431, 1.6528136245372032, 1.6535149375591145, 1.6535149375591145, 1.6535149375591145, 1.6535149375591145, 1.6535149375591145, 1.6535149375591145, 1.6535149375591145, 1.6535149375591145, 1.6535149375591145, 1.6535149375591145], "timestamp": "2025-03-14_11-28-19"}