{"y_max": 1.6514432699284796, "mean_values": [0.780548983078241, 1.0093440088044012, 1.1383506786158817, 1.1446034662207007, 1.2598175243513825, 1.440246102320938, 1.440246102320938, 1.440246102320938, 1.440246102320938, 1.440246102320938, 1.440246102320938, 1.440246102320938, 1.6363522183606325, 1.6363522183606325, 1.6363522183606325, 1.6363522183606325, 1.6363522183606325, 1.6363522183606325, 1.65228336099044, 1.65228336099044, 1.65228336099044, 1.65228336099044, 1.65228336099044, 1.65228336099044, 1.65228336099044, 1.65228336099044, 1.65228336099044, 1.65228336099044, 1.65228336099044, 1.65228336099044], "timestamp": "2025-03-14_10-00-12"}