{"y_max": 1.6514432699284796, "mean_values": [0.79978658931571, 1.0182374402108456, 1.140825815514533, 1.1459549959095523, 1.2654157332138842, 1.4417686764351259, 1.4417686764351259, 1.4417686764351259, 1.4417686764351259, 1.4417686764351259, 1.4417686764351259, 1.4417686764351259, 1.4417686764351259, 1.623842000402482, 1.623842000402482, 1.623842000402482, 1.623842000402482, 1.6419640562888165, 1.6419640562888165, 1.6513993162279395, 1.6513993162279395, 1.654573478394692, 1.654573478394692, 1.654573478394692, 1.654573478394692, 1.654573478394692, 1.654573478394692, 1.654573478394692, 1.654573478394692, 1.654573478394692], "timestamp": "2025-03-14_10-25-27"}