{"y_max": 1.6514432699284796, "mean_values": [0.7577473321206443, 1.0121398104971369, 1.1393616102091588, 1.1447080996668069, 1.2634220474053095, 1.4412190489196754, 1.4412190489196754, 1.4412190489196754, 1.4412190489196754, 1.4412190489196754, 1.4412190489196754, 1.4412190489196754, 1.6320563741908964, 1.6320563741908964, 1.6320563741908964, 1.6320563741908964, 1.6365296435700836, 1.6365296435700836, 1.6523534221551543, 1.6546237397658214, 1.6546237397658214, 1.6546237397658214, 1.6546237397658214, 1.6546237397658214, 1.6546237397658214, 1.6546237397658214, 1.6546237397658214, 1.6546237397658214, 1.6546237397658214, 1.6546237397658214], "timestamp": "2025-03-14_09-53-08"}