{"y_max": 1.6514432699284796, "mean_values": [0.7956258108804116, 1.0169653521468123, 1.1385924417852544, 1.1451736170658562, 1.264441705472378, 1.444127337448258, 1.444127337448258, 1.444127337448258, 1.444127337448258, 1.444127337448258, 1.444127337448258, 1.444127337448258, 1.6335534215525467, 1.6335534215525467, 1.6335534215525467, 1.6335534215525467, 1.635749594446857, 1.635749594446857, 1.6518161236224636, 1.6522458555037098, 1.6522458555037098, 1.6522458555037098, 1.6522458555037098, 1.6522458555037098, 1.6522458555037098, 1.6522458555037098, 1.6522458555037098, 1.6522458555037098, 1.6522458555037098, 1.6522458555037098], "timestamp": "2025-03-14_05-00-00"}