{"y_max": 1.6514432699284796, "mean_values": [0.805161150900438, 1.0168263004149634, 1.1398198811651374, 1.147330427275501, 1.2648433520345264, 1.4392634346032143, 1.4392634346032143, 1.4392634346032143, 1.4392634346032143, 1.4392634346032143, 1.4392634346032143, 1.4392634346032143, 1.4392634346032143, 1.6249127197646407, 1.6249127197646407, 1.6249127197646407, 1.6249127197646407, 1.6432071785550781, 1.6432071785550781, 1.650617916942579, 1.650617916942579, 1.652137165571325, 1.652137165571325, 1.652137165571325, 1.652137165571325, 1.652137165571325, 1.6524671660694366, 1.6524671660694366, 1.6533175479673332, 1.6533175479673332], "timestamp": "2025-03-14_05-13-02"}