{"y_max": 1.6514432699284796, "mean_values": [0.7345964994579454, 1.0056909165942909, 1.141049184065248, 1.1428992001943528, 1.2664569004578101, 1.4424433328387838, 1.4424433328387838, 1.4424433328387838, 1.4424433328387838, 1.4424433328387838, 1.4424433328387838, 1.4424433328387838, 1.6349783194232272, 1.6349783194232272, 1.6349783194232272, 1.6349783194232272, 1.6349783194232272, 1.6349783194232272, 1.6511322737274219, 1.6532182971972584, 1.6532182971972584, 1.6532182971972584, 1.6532182971972584, 1.6532182971972584, 1.6532182971972584, 1.6532182971972584, 1.6532182971972584, 1.6532182971972584, 1.6532182971972584, 1.6532182971972584], "timestamp": "2025-03-14_04-29-15"}