{"y_max": 1.6514432699284796, "mean_values": [0.789354510642176, 1.0155009989409145, 1.137783348090767, 1.1456744237643366, 1.26538688522572, 1.441632300344366, 1.441632300344366, 1.441632300344366, 1.441632300344366, 1.441632300344366, 1.441632300344366, 1.441632300344366, 1.631397279546386, 1.631397279546386, 1.631397279546386, 1.631397279546386, 1.6361461776258195, 1.6361461776258195, 1.649553862892929, 1.6521080774152204, 1.6521080774152204, 1.6521080774152204, 1.6521080774152204, 1.6521080774152204, 1.6521080774152204, 1.6521080774152204, 1.652379497319931, 1.652379497319931, 1.652379497319931, 1.652379497319931], "timestamp": "2025-03-14_05-39-04"}