{"y_max": 1.6514432699284796, "mean_values": [0.7973317456678315, 1.019456809605203, 1.138394258630959, 1.14674737060026, 1.2657256901557101, 1.440488546352553, 1.440488546352553, 1.440488546352553, 1.440488546352553, 1.440488546352553, 1.440488546352553, 1.440488546352553, 1.6246791700948153, 1.6246791700948153, 1.6246791700948153, 1.6246791700948153, 1.6420662203283478, 1.6420662203283478, 1.6520155920723611, 1.6520155920723611, 1.6548009921505984, 1.6548009921505984, 1.6548009921505984, 1.6548009921505984, 1.6548009921505984, 1.6548009921505984, 1.6548009921505984, 1.6548009921505984, 1.6548009921505984, 1.6548009921505984], "timestamp": "2025-03-14_01-51-54"}