{"y_max": 1.6514432699284796, "mean_values": [0.9713444356005869, 1.1328724351520947, 1.1372660204684875, 1.2247969824100566, 1.423824120215336, 1.423824120215336, 1.423824120215336, 1.423824120215336, 1.4293238921147793, 1.4293238921147793, 1.4293238921147793, 1.4293238921147793, 1.4293238921147793, 1.6509774436722813, 1.6509774436722813, 1.6509774436722813, 1.6509774436722813, 1.6509774436722813, 1.6509774436722813, 1.6520528714568645, 1.654198215429243, 1.654198215429243, 1.654198215429243, 1.6548656733499736, 1.6548656733499736, 1.6548656733499736, 1.6548656733499736, 1.6548656733499736, 1.6548656733499736, 1.6548656733499736], "timestamp": "2025-03-14_03-19-13"}