{"y_max": 1.6514432699284796, "mean_values": [0.9726803884456181, 1.1342211310448198, 1.1394512202198066, 1.2237467709631604, 1.4245022454815834, 1.4245022454815834, 1.4245022454815834, 1.4245022454815834, 1.4292025894841835, 1.4292025894841835, 1.4292025894841835, 1.4292025894841835, 1.4292025894841835, 1.6509709392142677, 1.6509709392142677, 1.6509709392142677, 1.6509709392142677, 1.6509709392142677, 1.6509709392142677, 1.652882198402993, 1.652882198402993, 1.652882198402993, 1.652882198402993, 1.6538356004253683, 1.6538356004253683, 1.6538356004253683, 1.6538356004253683, 1.6538356004253683, 1.6538356004253683, 1.6538356004253683], "timestamp": "2025-03-14_04-07-09"}