{"y_max": 1.6514432699284796, "mean_values": [0.7944786687179497, 1.0184498718920516, 1.137972496441719, 1.1467676950413896, 1.262540027250974, 1.4419618734632176, 1.4419618734632176, 1.4419618734632176, 1.4419618734632176, 1.4419618734632176, 1.4419618734632176, 1.4419618734632176, 1.6346971026186576, 1.6346971026186576, 1.6346971026186576, 1.6346971026186576, 1.636375633890142, 1.636375633890142, 1.6508564315560796, 1.6518147052596008, 1.6518147052596008, 1.6518147052596008, 1.6518147052596008, 1.652083677815588, 1.652083677815588, 1.652083677815588, 1.6523428287509903, 1.6523428287509903, 1.6523428287509903, 1.6523428287509903], "timestamp": "2025-03-14_03-05-58"}