{"y_max": 1.6514432699284796, "mean_values": [0.843708662122246, 1.023164883770015, 1.1396418078931, 1.1475643120534886, 1.2645238750319563, 1.4410041343915143, 1.4410041343915143, 1.4410041343915143, 1.4410041343915143, 1.4410041343915143, 1.4410041343915143, 1.4410041343915143, 1.4410041343915143, 1.4410041343915143, 1.6318856802174333, 1.6318856802174333, 1.6318856802174333, 1.6318856802174333, 1.6371588629478342, 1.653120846219991, 1.653120846219991, 1.6539484773547688, 1.6539484773547688, 1.6539484773547688, 1.6539484773547688, 1.6539484773547688, 1.6539484773547688, 1.6539484773547688, 1.6539484773547688, 1.6539484773547688], "timestamp": "2025-03-15_17-16-20"}