{"y_max": 1.6514432699284796, "mean_values": [0.8181847609542452, 1.0194390208125736, 1.1385760626186494, 1.1450676965475104, 1.2583370048761695, 1.44020706149967, 1.44020706149967, 1.44020706149967, 1.44020706149967, 1.44020706149967, 1.44020706149967, 1.44020706149967, 1.44020706149967, 1.6379587613990174, 1.6379587613990174, 1.6379587613990174, 1.6379587613990174, 1.6379587613990174, 1.6379587613990174, 1.6510837871914323, 1.653134841652734, 1.653134841652734, 1.653134841652734, 1.653134841652734, 1.653134841652734, 1.653984975373884, 1.653984975373884, 1.653984975373884, 1.653984975373884, 1.653984975373884], "timestamp": "2025-03-15_17-33-17"}