{"y_max": 1.6514432699284796, "mean_values": [0.8344139744571321, 1.0243383774573287, 1.1377103072925354, 1.1476296867550126, 1.2629246076731886, 1.4406245312807189, 1.4406245312807189, 1.4406245312807189, 1.4406245312807189, 1.4406245312807189, 1.4406245312807189, 1.4406245312807189, 1.4406245312807189, 1.4406245312807189, 1.6331530312055964, 1.6331530312055964, 1.6331530312055964, 1.6331530312055964, 1.6351450128009426, 1.6351450128009426, 1.6351450128009426, 1.6510301908696539, 1.6533526785021737, 1.6533526785021737, 1.6533526785021737, 1.6533526785021737, 1.6533526785021737, 1.6533526785021737, 1.6533526785021737, 1.6533526785021737], "timestamp": "2025-03-14_02-26-49"}