{"y_max": 1.6514432699284796, "mean_values": [0.8211876602080522, 1.0176665298701666, 1.138883624711196, 1.14420553989506, 1.2590734678192395, 1.4418420512180476, 1.4418420512180476, 1.4418420512180476, 1.4418420512180476, 1.4418420512180476, 1.4418420512180476, 1.4418420512180476, 1.4418420512180476, 1.6388031020694163, 1.6388031020694163, 1.6388031020694163, 1.6388031020694163, 1.6388031020694163, 1.6388031020694163, 1.6501876526254289, 1.654660921741374, 1.654660921741374, 1.654660921741374, 1.654660921741374, 1.654660921741374, 1.654660921741374, 1.654660921741374, 1.654660921741374, 1.654660921741374, 1.654660921741374], "timestamp": "2025-03-14_01-30-13"}