{"y_max": 1.6514432699284796, "mean_values": [0.8363566133030674, 1.0232228950282218, 1.140660538815272, 1.1471893725278803, 1.2687095752074007, 1.4416519862226178, 1.4416519862226178, 1.4416519862226178, 1.4416519862226178, 1.4416519862226178, 1.4416519862226178, 1.4416519862226178, 1.4416519862226178, 1.4416519862226178, 1.632596572512966, 1.632596572512966, 1.632596572512966, 1.632596572512966, 1.6357462842652708, 1.6357462842652708, 1.6513319394457793, 1.6533387038470224, 1.6533387038470224, 1.6533387038470224, 1.6533387038470224, 1.6533387038470224, 1.6533387038470224, 1.6533387038470224, 1.6533387038470224, 1.6533387038470224], "timestamp": "2025-03-14_03-10-27"}