{"y_max": 1.6514432699284796, "mean_values": [0.796094910180631, 1.0172546793980897, 1.139553555211624, 1.146309727588011, 1.2627985603108287, 1.4420926033494363, 1.4420926033494363, 1.4420926033494363, 1.4420926033494363, 1.4420926033494363, 1.4420926033494363, 1.4420926033494363, 1.634373338268734, 1.634373338268734, 1.634373338268734, 1.634373338268734, 1.6345826392886245, 1.6345826392886245, 1.6523269073542217, 1.6523269073542217, 1.6523269073542217, 1.6523269073542217, 1.6523269073542217, 1.6529449175148168, 1.6529449175148168, 1.6529449175148168, 1.6529449175148168, 1.6529449175148168, 1.6529449175148168, 1.6529449175148168], "timestamp": "2025-03-14_04-24-50"}