{"y_max": 1.6514432699284796, "mean_values": [0.7320633621724617, 1.0049373313334315, 1.1412690310748133, 1.1458849755053657, 1.263091108009795, 1.441752812065338, 1.441752812065338, 1.441752812065338, 1.441752812065338, 1.441752812065338, 1.441752812065338, 1.441752812065338, 1.636638396344413, 1.636638396344413, 1.636638396344413, 1.636638396344413, 1.636638396344413, 1.636638396344413, 1.636638396344413, 1.6527176973059523, 1.6527176973059523, 1.6527176973059523, 1.6527176973059523, 1.6527176973059523, 1.6527176973059523, 1.6527176973059523, 1.6527176973059523, 1.6527176973059523, 1.6527176973059523, 1.6527176973059523], "timestamp": "2025-03-14_00-24-55"}