{"y_max": 1.6514432699284796, "mean_values": [0.9665875854574504, 1.133173992382772, 1.1400609253439205, 1.2274753189001686, 1.4228431958563525, 1.4228431958563525, 1.4228431958563525, 1.4295316007176173, 1.4295316007176173, 1.4295316007176173, 1.4295316007176173, 1.4295316007176173, 1.4295316007176173, 1.6454701631124369, 1.6454701631124369, 1.6454701631124369, 1.6454701631124369, 1.6454701631124369, 1.6454701631124369, 1.650891995232463, 1.6531049969120502, 1.6531049969120502, 1.6531049969120502, 1.6531049969120502, 1.6531049969120502, 1.6531049969120502, 1.6531049969120502, 1.6531049969120502, 1.6531049969120502, 1.6531049969120502], "timestamp": "2025-03-14_01-21-30"}