{"y_max": 1.6514432699284796, "mean_values": [0.8197203692722937, 1.0180770750421804, 1.1404102610025155, 1.144335163511693, 1.260874330670281, 1.4404025086116876, 1.4404025086116876, 1.4404025086116876, 1.4404025086116876, 1.4404025086116876, 1.4404025086116876, 1.4404025086116876, 1.4404025086116876, 1.63986919602522, 1.63986919602522, 1.63986919602522, 1.63986919602522, 1.63986919602522, 1.63986919602522, 1.6505998655419718, 1.6542011297787962, 1.6542011297787962, 1.6542011297787962, 1.6542011297787962, 1.6542011297787962, 1.6542011297787962, 1.6542011297787962, 1.6542011297787962, 1.6542011297787962, 1.6542011297787962], "timestamp": "2025-03-14_05-47-55"}