{"y_max": 1.6514432699284796, "mean_values": [0.8312661327689853, 1.0244670575792514, 1.1402013815602432, 1.1458721569709955, 1.2653057553374227, 1.4434698124896526, 1.4434698124896526, 1.4434698124896526, 1.4434698124896526, 1.4434698124896526, 1.4434698124896526, 1.4434698124896526, 1.4434698124896526, 1.4434698124896526, 1.6302059241044808, 1.6302059241044808, 1.6302059241044808, 1.6302059241044808, 1.63415028065481, 1.63415028065481, 1.6527847395492452, 1.6527847395492452, 1.6527847395492452, 1.6527847395492452, 1.6527847395492452, 1.6527847395492452, 1.6527847395492452, 1.6527847395492452, 1.6527847395492452, 1.6527847395492452], "timestamp": "2025-03-14_02-13-43"}