{"y_max": 1.6514432699284796, "mean_values": [0.8133876102945958, 1.0175682848293002, 1.1396076750916653, 1.145607254518277, 1.2603570316157569, 1.4406604019475868, 1.4406604019475868, 1.4406604019475868, 1.4406604019475868, 1.4406604019475868, 1.4406604019475868, 1.4406604019475868, 1.4406604019475868, 1.6384797967279978, 1.6384797967279978, 1.6384797967279978, 1.6384797967279978, 1.6384797967279978, 1.6384797967279978, 1.653801401264359, 1.653801401264359, 1.653801401264359, 1.653801401264359, 1.653801401264359, 1.653801401264359, 1.653801401264359, 1.653801401264359, 1.653801401264359, 1.653801401264359, 1.653801401264359], "timestamp": "2025-03-14_05-34-47"}