{"y_max": 1.6514432699284796, "mean_values": [0.7375335915772748, 1.0064571291447437, 1.139135439708824, 1.1448618982670076, 1.2639191380540626, 1.4422938542851942, 1.4422938542851942, 1.4422938542851942, 1.4422938542851942, 1.4422938542851942, 1.4422938542851942, 1.4422938542851942, 1.6309368953798224, 1.6309368953798224, 1.6309368953798224, 1.6309368953798224, 1.6368875929592406, 1.6368875929592406, 1.650683968165779, 1.6528814371656617, 1.6528814371656617, 1.6528814371656617, 1.6528814371656617, 1.6528814371656617, 1.6528814371656617, 1.6528814371656617, 1.6528814371656617, 1.6528814371656617, 1.6528814371656617, 1.6528814371656617], "timestamp": "2025-03-14_04-20-25"}