{"y_max": 1.6514432699284796, "mean_values": [0.8236251978901709, 1.0229862230184874, 1.1391686433891495, 1.1456921605726396, 1.2640319605938404, 1.439928048805445, 1.439928048805445, 1.439928048805445, 1.439928048805445, 1.439928048805445, 1.439928048805445, 1.439928048805445, 1.439928048805445, 1.6334665475109593, 1.6334665475109593, 1.6334665475109593, 1.6334665475109593, 1.6354431814289363, 1.6354431814289363, 1.6524114390047615, 1.6531679879581775, 1.6531679879581775, 1.6531679879581775, 1.6531679879581775, 1.6531679879581775, 1.6531679879581775, 1.6531679879581775, 1.6531679879581775, 1.6531679879581775, 1.6531679879581775], "timestamp": "2025-03-14_02-44-18"}