{"y_max": 1.6514432699284796, "mean_values": [0.7933930444800288, 1.0165572399726341, 1.1400119479983348, 1.1459452019546805, 1.2654158556728712, 1.4412995228343863, 1.4412995228343863, 1.4412995228343863, 1.4412995228343863, 1.4412995228343863, 1.4412995228343863, 1.4412995228343863, 1.634384233640949, 1.634384233640949, 1.634384233640949, 1.634384233640949, 1.6357230910656104, 1.6357230910656104, 1.6518836511707418, 1.6530613740842997, 1.6530613740842997, 1.6530613740842997, 1.6530613740842997, 1.6530613740842997, 1.6530613740842997, 1.6530613740842997, 1.6530613740842997, 1.6530613740842997, 1.6530613740842997, 1.6530613740842997], "timestamp": "2025-03-14_01-43-13"}