{"y_max": 1.6514432699284796, "mean_values": [0.7812091052166091, 1.0110538815302927, 1.1408353139609368, 1.144947630538137, 1.2642689135110123, 1.443029074731641, 1.443029074731641, 1.443029074731641, 1.443029074731641, 1.443029074731641, 1.443029074731641, 1.443029074731641, 1.6336649840194142, 1.6336649840194142, 1.6336649840194142, 1.6336649840194142, 1.6363578544137793, 1.6363578544137793, 1.651904955638683, 1.6525032401880506, 1.6525032401880506, 1.6525032401880506, 1.6525032401880506, 1.6525032401880506, 1.6525032401880506, 1.6525032401880506, 1.6525032401880506, 1.6525032401880506, 1.6525032401880506, 1.6525032401880506], "timestamp": "2025-03-14_02-48-44"}