{"y_max": 1.6514432699284796, "mean_values": [0.7832160847697149, 1.0091161141603107, 1.1388734313471736, 1.1455052334330251, 1.2593338309829103, 1.4392570448065893, 1.4392570448065893, 1.4392570448065893, 1.4392570448065893, 1.4392570448065893, 1.4392570448065893, 1.4392570448065893, 1.6343057825071998, 1.6343057825071998, 1.6343057825071998, 1.6343057825071998, 1.6343057825071998, 1.6343057825071998, 1.6343057825071998, 1.6533144336358279, 1.6549831453033348, 1.6549831453033348, 1.6549831453033348, 1.6549831453033348, 1.6549831453033348, 1.6549831453033348, 1.6549831453033348, 1.6549831453033348, 1.6549831453033348, 1.6549831453033348], "timestamp": "2025-03-14_04-38-16"}