{"y_max": 1.6514432699284796, "mean_values": [0.7968810617986676, 1.0172777467460716, 1.13883087335808, 1.1458595401108798, 1.2653969360430621, 1.441399168997329, 1.441399168997329, 1.441399168997329, 1.441399168997329, 1.441399168997329, 1.441399168997329, 1.441399168997329, 1.6272777096397135, 1.6272777096397135, 1.6272777096397135, 1.6272777096397135, 1.6412830654051336, 1.6412830654051336, 1.6518469254141006, 1.6518469254141006, 1.6536052551488882, 1.6536052551488882, 1.6536052551488882, 1.6536052551488882, 1.6536052551488882, 1.6536052551488882, 1.6536052551488882, 1.6536052551488882, 1.6536052551488882, 1.6536052551488882], "timestamp": "2025-03-14_05-08-42"}