{"y_max": 1.6514432699284796, "mean_values": [0.9636152611819544, 1.1332063881641306, 1.1394094024837385, 1.2235949347139756, 1.4223324851779524, 1.4223324851779524, 1.4223324851779524, 1.4316885387903473, 1.4316885387903473, 1.4316885387903473, 1.4316885387903473, 1.4316885387903473, 1.4316885387903473, 1.6499709819069057, 1.6499709819069057, 1.6499709819069057, 1.6499709819069057, 1.6499709819069057, 1.6499709819069057, 1.6529095830533607, 1.6536418392236303, 1.6536418392236303, 1.6536418392236303, 1.6536418392236303, 1.6536418392236303, 1.6536418392236303, 1.6536418392236303, 1.6536418392236303, 1.6546477057388862, 1.6546477057388862], "timestamp": "2025-03-14_01-47-33"}