{"y_max": 1.6514432699284796, "mean_values": [0.9592075161869148, 1.1328343114862665, 1.1388632839360444, 1.2183597497877838, 1.4168837855808485, 1.4168837855808485, 1.4168837855808485, 1.4304427298490587, 1.4408911930145494, 1.4408911930145494, 1.4430577995377065, 1.4430577995377065, 1.4430577995377065, 1.4430577995377065, 1.4430577995377065, 1.4430577995377065, 1.4430577995377065, 1.4430577995377065, 1.4430577995377065, 1.4430577995377065, 1.4430577995377065, 1.4430577995377065, 1.4430577995377065, 1.4430577995377065, 1.4430577995377065, 1.4430577995377065, 1.4430577995377065, 1.4430577995377065, 1.4430577995377065, 1.4430577995377065], "timestamp": "2025-03-14_02-35-26"}