{"y_max": 1.6514432699284796, "mean_values": [0.7916463516659883, 1.0171139763183137, 1.1384479836562527, 1.146143094847689, 1.2644008476749042, 1.4421629007692742, 1.4421629007692742, 1.4421629007692742, 1.4421629007692742, 1.4421629007692742, 1.4421629007692742, 1.4421629007692742, 1.635827204296684, 1.635827204296684, 1.635827204296684, 1.635827204296684, 1.635827204296684, 1.635827204296684, 1.635827204296684, 1.6528369307400732, 1.6541712957132568, 1.6541712957132568, 1.6541712957132568, 1.6541712957132568, 1.6541712957132568, 1.6541712957132568, 1.6541712957132568, 1.6541712957132568, 1.6541712957132568, 1.6541712957132568], "timestamp": "2025-03-15_16-44-04"}