{"y_max": 1.6514432699284796, "mean_values": [0.7943237945000841, 1.0180160684835557, 1.1392630080455113, 1.145849612715217, 1.2645763610145115, 1.4422362491918868, 1.4422362491918868, 1.4422362491918868, 1.4422362491918868, 1.4422362491918868, 1.4422362491918868, 1.4422362491918868, 1.6361193123147573, 1.6361193123147573, 1.6361193123147573, 1.6361193123147573, 1.6370472006366357, 1.6370472006366357, 1.6520713561529692, 1.6551688361628654, 1.6551688361628654, 1.6551688361628654, 1.6551688361628654, 1.6551688361628654, 1.6551688361628654, 1.6551688361628654, 1.6551688361628654, 1.6551688361628654, 1.6551688361628654, 1.6551688361628654], "timestamp": "2025-03-14_00-42-24"}