{"y_max": 1.6514432699284796, "mean_values": [0.8273244634946304, 1.024511365293703, 1.1394086296849317, 1.14476313223211, 1.2642036290735645, 1.4407263221036075, 1.4407263221036075, 1.4407263221036075, 1.4407263221036075, 1.4407263221036075, 1.4407263221036075, 1.4407263221036075, 1.4407263221036075, 1.6317378620859195, 1.6317378620859195, 1.6317378620859195, 1.6317378620859195, 1.6358662786117633, 1.6525095723987826, 1.6525095723987826, 1.6525095723987826, 1.6525095723987826, 1.6525095723987826, 1.6525095723987826, 1.6525095723987826, 1.6525095723987826, 1.6525095723987826, 1.6525095723987826, 1.6525095723987826, 1.6525095723987826], "timestamp": "2025-03-14_03-54-07"}