{"y_max": 1.6514432699284796, "mean_values": [0.7851545117910523, 1.0118165865030648, 1.139512150339506, 1.142497972958733, 1.2592846413821797, 1.4407266840830628, 1.4407266840830628, 1.4407266840830628, 1.4407266840830628, 1.4407266840830628, 1.4407266840830628, 1.4407266840830628, 1.6353480300190757, 1.6353480300190757, 1.6353480300190757, 1.6353480300190757, 1.6356473596487262, 1.6356473596487262, 1.6532520149014494, 1.6533239060534501, 1.6533239060534501, 1.6533239060534501, 1.6533239060534501, 1.6533239060534501, 1.6533239060534501, 1.6533239060534501, 1.6533239060534501, 1.6533239060534501, 1.6533239060534501, 1.6533239060534501], "timestamp": "2025-03-14_04-02-41"}