{"y_max": 1.6514432699284796, "mean_values": [0.758271675335061, 1.01022189341074, 1.1392217916543974, 1.1458687518076307, 1.2644910622069854, 1.4409623505013385, 1.4409623505013385, 1.4409623505013385, 1.4409623505013385, 1.4409623505013385, 1.4409623505013385, 1.4409623505013385, 1.6315676815442077, 1.6315676815442077, 1.6315676815442077, 1.6315676815442077, 1.6360677083661401, 1.6360677083661401, 1.6536055518640007, 1.6537448455243489, 1.6537448455243489, 1.6537448455243489, 1.6537448455243489, 1.6537448455243489, 1.6537448455243489, 1.6537448455243489, 1.6537448455243489, 1.6537448455243489, 1.6537448455243489, 1.6537448455243489], "timestamp": "2025-03-14_01-56-19"}