{
    "y_max": 1.6514432699284796,
    "mean_values": [
        0.7873423461775985,
        1.017635612243775,
        1.1387926232678987,
        1.1387926232678987,
        1.1474571224923504,
        1.1474571224923504,
        1.273794859193492,
        1.4415038639446047,
        1.4415038639446047,
        1.4415038639446047,
        1.4415038639446047,
        1.4415038639446047,
        1.4415038639446047,
        1.4415038639446047,
        1.4415038639446047,
        1.4415038639446047,
        1.6429785930017988,
        1.6429785930017988,
        1.6429785930017988,
        1.6429785930017988,
        1.6429785930017988,
        1.6429785930017988,
        1.6429785930017988,
        1.6429785930017988,
        1.6429785930017988,
        1.6429785930017988,
        1.6429785930017988,
        1.6429785930017988,
        1.6429785930017988,
        1.6429785930017988,
        1.6429785930017988,
        1.648522638900959,
        1.648522638900959,
        1.648522638900959,
        1.648522638900959,
        1.648522638900959,
        1.648522638900959,
        1.648522638900959,
        1.648522638900959,
        1.648522638900959,
        1.648522638900959,
        1.648522638900959,
        1.648522638900959,
        1.648522638900959,
        1.648522638900959,
        1.648522638900959,
        1.648522638900959,
        1.648522638900959,
        1.648522638900959,
        1.648522638900959
    ],
    "timestamp": "2025-03-14_00-33-22"
}