{
    "y_max": 1.6514432699284796,
    "mean_values": [
        0.9685577217373289,
        1.1350822885145637,
        1.1402848946727382,
        1.2306789633212343,
        1.2306789633212343,
        1.4280024441721315,
        1.4280024441721315,
        1.4280024441721315,
        1.4280024441721315,
        1.4280024441721315,
        1.4280024441721315,
        1.4280024441721315,
        1.4280024441721315,
        1.4280024441721315,
        1.6520806149605778,
        1.6520806149605778,
        1.6520806149605778,
        1.6520806149605778,
        1.6520806149605778,
        1.6520806149605778,
        1.6520806149605778,
        1.6520806149605778,
        1.6520806149605778,
        1.6524621628433749,
        1.6524621628433749,
        1.6524621628433749,
        1.6524621628433749,
        1.6524621628433749,
        1.6524621628433749,
        1.6524621628433749,
        1.6524621628433749,
        1.6524621628433749,
        1.6524621628433749,
        1.6524621628433749,
        1.652632512380609,
        1.652632512380609,
        1.652632512380609,
        1.652632512380609,
        1.652632512380609,
        1.652632512380609,
        1.652632512380609,
        1.652632512380609,
        1.652632512380609,
        1.652632512380609,
        1.652632512380609,
        1.652632512380609,
        1.652632512380609,
        1.652632512380609,
        1.652632512380609,
        1.652632512380609
    ],
    "timestamp": "2025-03-13_23-24-04"
}