{
    "y_max": 1.6514432699284796,
    "mean_values": [
        0.9681689483252315,
        0.9681689483252315,
        1.1376540024195168,
        1.140184028662446,
        1.2415051467105038,
        1.4345923566267682,
        1.4345923566267682,
        1.4345923566267682,
        1.4345923566267682,
        1.4345923566267682,
        1.4345923566267682,
        1.4345923566267682,
        1.6512046687853916,
        1.6512046687853916,
        1.6512046687853916,
        1.6512046687853916,
        1.6512046687853916,
        1.6512046687853916,
        1.6512046687853916,
        1.6512046687853916,
        1.6512046687853916,
        1.6512046687853916,
        1.6512046687853916,
        1.6512046687853916,
        1.6512046687853916,
        1.6512046687853916,
        1.6512046687853916,
        1.6512046687853916,
        1.6512046687853916,
        1.6512046687853916,
        1.6512046687853916,
        1.6512046687853916,
        1.6512046687853916,
        1.6512046687853916,
        1.6512046687853916,
        1.6512046687853916,
        1.6512046687853916,
        1.6512046687853916,
        1.6512046687853916,
        1.6512046687853916,
        1.6512046687853916,
        1.6512046687853916,
        1.6512046687853916,
        1.6512046687853916,
        1.6512046687853916,
        1.6512046687853916,
        1.6512046687853916,
        1.6512046687853916,
        1.6512046687853916,
        1.6512046687853916
    ],
    "timestamp": "2025-03-13_23-22-10"
}