{
    "y_max": 1.6514432699284796,
    "mean_values": [
        0.7907802715732593,
        1.0159800201110267,
        1.1381515312822639,
        1.1381515312822639,
        1.1381515312822639,
        1.14683980024549,
        1.273755307128561,
        1.4428094717425477,
        1.4428094717425477,
        1.4428094717425477,
        1.4428094717425477,
        1.4428094717425477,
        1.6430339228379318,
        1.6430339228379318,
        1.6430339228379318,
        1.6430339228379318,
        1.6430339228379318,
        1.6430339228379318,
        1.6430339228379318,
        1.6430339228379318,
        1.6430339228379318,
        1.6430339228379318,
        1.6430339228379318,
        1.6430339228379318,
        1.6430339228379318,
        1.6430339228379318,
        1.6430339228379318,
        1.6430339228379318,
        1.6430339228379318,
        1.6430339228379318,
        1.6430339228379318,
        1.6430339228379318,
        1.6430339228379318,
        1.6430339228379318,
        1.6430339228379318,
        1.6430339228379318,
        1.6430339228379318,
        1.6430339228379318,
        1.6430339228379318,
        1.6430339228379318,
        1.6430339228379318,
        1.6430339228379318,
        1.6430339228379318,
        1.6430339228379318,
        1.6430339228379318,
        1.6430339228379318,
        1.6430339228379318,
        1.6430339228379318,
        1.6430339228379318,
        1.6430339228379318
    ],
    "timestamp": "2025-03-14_01-07-51"
}