{
    "y_max": 1.6514432699284796,
    "mean_values": [
        0.7875157938560835,
        1.0167196502508886,
        1.0167196502508886,
        1.137973033695127,
        1.1478392731204872,
        1.2721316312341753,
        1.4433536284946014,
        1.4433536284946014,
        1.4433536284946014,
        1.4433536284946014,
        1.4433536284946014,
        1.4433536284946014,
        1.4433536284946014,
        1.4433536284946014,
        1.644066357979502,
        1.644066357979502,
        1.644066357979502,
        1.644066357979502,
        1.644066357979502,
        1.644066357979502,
        1.644066357979502,
        1.644066357979502,
        1.644066357979502,
        1.644066357979502,
        1.644066357979502,
        1.644066357979502,
        1.644066357979502,
        1.644066357979502,
        1.6441676341959022,
        1.6441676341959022,
        1.6441676341959022,
        1.6441676341959022,
        1.6441676341959022,
        1.6441676341959022,
        1.6441676341959022,
        1.6441676341959022,
        1.6441676341959022,
        1.6441676341959022,
        1.6441676341959022,
        1.6441676341959022,
        1.6441676341959022,
        1.6441676341959022,
        1.6441676341959022,
        1.6441676341959022,
        1.6441676341959022,
        1.6441676341959022,
        1.6441676341959022,
        1.6441676341959022,
        1.6441676341959022,
        1.6441676341959022
    ],
    "timestamp": "2025-03-14_00-07-51"
}