{
    "y_max": 1.6514432699284796,
    "mean_values": [
        0.9689700494742731,
        1.1346285178045554,
        1.1402212631680482,
        1.2324998051135445,
        1.428734224903554,
        1.428734224903554,
        1.428734224903554,
        1.428734224903554,
        1.428734224903554,
        1.428734224903554,
        1.428734224903554,
        1.428734224903554,
        1.6535510277213747,
        1.6535510277213747,
        1.6535510277213747,
        1.6535510277213747,
        1.6535510277213747,
        1.6535510277213747,
        1.6535510277213747,
        1.6535510277213747,
        1.6535510277213747,
        1.6535510277213747,
        1.6535510277213747,
        1.6535510277213747,
        1.6535510277213747,
        1.6535510277213747,
        1.6535510277213747,
        1.6535510277213747,
        1.6535510277213747,
        1.6535510277213747,
        1.6535510277213747,
        1.6535510277213747,
        1.6535510277213747,
        1.6535510277213747,
        1.6535510277213747,
        1.6535510277213747,
        1.6535510277213747,
        1.6535510277213747,
        1.6535510277213747,
        1.6535510277213747,
        1.6535510277213747,
        1.6535510277213747,
        1.6535510277213747,
        1.6535510277213747,
        1.6535510277213747,
        1.6535510277213747,
        1.6535510277213747,
        1.6535510277213747,
        1.6535510277213747,
        1.6535510277213747
    ],
    "timestamp": "2025-03-14_00-13-27"
}