{
    "y_max": 1.6514432699284796,
    "mean_values": [
        0.7877055455270735,
        1.016501357722974,
        1.1398928286309993,
        1.1398928286309993,
        1.146818912446256,
        1.2727808055858256,
        1.4400055707082555,
        1.4400055707082555,
        1.4400055707082555,
        1.4400055707082555,
        1.4400055707082555,
        1.4400055707082555,
        1.4400055707082555,
        1.4400055707082555,
        1.6424399956959501,
        1.6424399956959501,
        1.6424399956959501,
        1.6424399956959501,
        1.6424399956959501,
        1.6424399956959501,
        1.6424399956959501,
        1.6424399956959501,
        1.6424399956959501,
        1.6424399956959501,
        1.6424399956959501,
        1.6424399956959501,
        1.6424399956959501,
        1.6424399956959501,
        1.6424399956959501,
        1.6424399956959501,
        1.6424399956959501,
        1.6424399956959501,
        1.6424399956959501,
        1.6424399956959501,
        1.6424399956959501,
        1.6424399956959501,
        1.6475646456610789,
        1.6475646456610789,
        1.6475646456610789,
        1.6475646456610789,
        1.6475646456610789,
        1.6475646456610789,
        1.6475646456610789,
        1.6475646456610789,
        1.6475646456610789,
        1.6475646456610789,
        1.6475646456610789,
        1.6475646456610789,
        1.6475646456610789,
        1.6475646456610789
    ],
    "timestamp": "2025-03-13_22-51-29"
}