{
    "y_max": 1.6514432699284796,
    "mean_values": [
        0.7878987419857365,
        0.7878987419857365,
        1.0368651491051768,
        1.1376204931535903,
        1.1507523013936163,
        1.1507523013936163,
        1.1507523013936163,
        1.2758649901343841,
        1.6291511469963982,
        1.6291511469963982,
        1.6291511469963982,
        1.6291511469963982,
        1.6291511469963982,
        1.6291511469963982,
        1.6291511469963982,
        1.6291511469963982,
        1.6291511469963982,
        1.6291511469963982,
        1.6291511469963982,
        1.6291511469963982,
        1.6291511469963982,
        1.6291511469963982,
        1.6291511469963982,
        1.6291511469963982,
        1.6291511469963982,
        1.6291511469963982,
        1.6525412656578424,
        1.6525412656578424,
        1.6525412656578424,
        1.6525412656578424,
        1.6525412656578424,
        1.6525412656578424,
        1.6525412656578424,
        1.6525412656578424,
        1.6525412656578424,
        1.6525412656578424,
        1.6525412656578424,
        1.6525412656578424,
        1.6525412656578424,
        1.6525412656578424,
        1.6525412656578424,
        1.6525412656578424,
        1.6525412656578424,
        1.6525412656578424,
        1.6525412656578424,
        1.6525412656578424,
        1.6525412656578424,
        1.6525412656578424,
        1.6525412656578424,
        1.6525412656578424
    ],
    "timestamp": "2025-03-13_23-53-05"
}