{
    "y_max": 1.6514432699284796,
    "mean_values": [
        0.7897870605527887,
        1.0174990933392152,
        1.1382819241030762,
        1.1470121532188566,
        1.27218312515419,
        1.443423200767043,
        1.443423200767043,
        1.443423200767043,
        1.443423200767043,
        1.443423200767043,
        1.443423200767043,
        1.443423200767043,
        1.443423200767043,
        1.443423200767043,
        1.443423200767043,
        1.644459955909558,
        1.644459955909558,
        1.644459955909558,
        1.644459955909558,
        1.644459955909558,
        1.6494908203882108,
        1.6494908203882108,
        1.6494908203882108,
        1.6494908203882108,
        1.6494908203882108,
        1.6494908203882108,
        1.6494908203882108,
        1.6494908203882108,
        1.6494908203882108,
        1.6494908203882108,
        1.6494908203882108,
        1.6494908203882108,
        1.6494908203882108,
        1.6494908203882108,
        1.6494908203882108,
        1.6494908203882108,
        1.6511882868381296,
        1.6511882868381296,
        1.6511882868381296,
        1.6511882868381296,
        1.6511882868381296,
        1.6511882868381296,
        1.6511882868381296,
        1.6511882868381296,
        1.6511882868381296,
        1.6511882868381296,
        1.6511882868381296,
        1.6511882868381296,
        1.6511882868381296,
        1.6511882868381296
    ],
    "timestamp": "2025-03-14_01-18-52"
}