{
    "y_max": 1.6514432699284796,
    "mean_values": [
        0.9689220171239834,
        1.1358046331060367,
        1.139507369737879,
        1.229850003203024,
        1.229850003203024,
        1.425690277500838,
        1.425690277500838,
        1.425690277500838,
        1.425690277500838,
        1.425690277500838,
        1.425690277500838,
        1.425690277500838,
        1.425690277500838,
        1.4305460840922748,
        1.4305460840922748,
        1.4305460840922748,
        1.4305460840922748,
        1.4305460840922748,
        1.4305460840922748,
        1.654654099361846,
        1.654654099361846,
        1.654654099361846,
        1.654654099361846,
        1.654654099361846,
        1.654654099361846,
        1.654654099361846,
        1.654654099361846,
        1.654654099361846,
        1.654654099361846,
        1.654654099361846,
        1.654654099361846,
        1.654654099361846,
        1.654654099361846,
        1.654654099361846,
        1.654654099361846,
        1.654654099361846,
        1.654654099361846,
        1.654654099361846,
        1.654654099361846,
        1.654654099361846,
        1.654654099361846,
        1.654654099361846,
        1.654654099361846,
        1.654654099361846,
        1.654654099361846,
        1.654654099361846,
        1.654654099361846,
        1.654654099361846,
        1.654654099361846,
        1.654654099361846
    ],
    "timestamp": "2025-03-14_00-11-41"
}