{
    "y_max": 1.6514432699284796,
    "mean_values": [
        0.9692103081221971,
        1.134864226331994,
        1.1407385547293087,
        1.1407385547293087,
        1.231908520575247,
        1.4298382867362405,
        1.4298382867362405,
        1.4298382867362405,
        1.4298382867362405,
        1.4298382867362405,
        1.4298382867362405,
        1.4298382867362405,
        1.4298382867362405,
        1.4298382867362405,
        1.6534827012427402,
        1.6534827012427402,
        1.6534827012427402,
        1.6534827012427402,
        1.6534827012427402,
        1.6534827012427402,
        1.6534827012427402,
        1.6534827012427402,
        1.6534827012427402,
        1.6534827012427402,
        1.6534827012427402,
        1.6534827012427402,
        1.6534827012427402,
        1.6534827012427402,
        1.6534827012427402,
        1.6534827012427402,
        1.6534827012427402,
        1.6534827012427402,
        1.6534827012427402,
        1.6534827012427402,
        1.6534827012427402,
        1.6534827012427402,
        1.6534827012427402,
        1.6534827012427402,
        1.6534827012427402,
        1.6534827012427402,
        1.6534827012427402,
        1.6534827012427402,
        1.6534827012427402,
        1.6534827012427402,
        1.6534827012427402,
        1.6534827012427402,
        1.6534827012427402,
        1.6534827012427402,
        1.6534827012427402,
        1.6534827012427402
    ],
    "timestamp": "2025-03-14_00-09-39"
}