{
    "y_max": 1.6514432699284796,
    "mean_values": [
        0.9693675989373924,
        1.1353550551630587,
        1.1403874993122534,
        1.230100928109912,
        1.4254460314225268,
        1.4254460314225268,
        1.4254460314225268,
        1.4254460314225268,
        1.4254460314225268,
        1.4254460314225268,
        1.4254460314225268,
        1.4254460314225268,
        1.4254460314225268,
        1.4254460314225268,
        1.4394952473400933,
        1.6522499541359799,
        1.6522499541359799,
        1.6522499541359799,
        1.6522499541359799,
        1.6522499541359799,
        1.6522499541359799,
        1.6522499541359799,
        1.6522499541359799,
        1.6522499541359799,
        1.6522499541359799,
        1.6522499541359799,
        1.6522499541359799,
        1.6522499541359799,
        1.6522499541359799,
        1.6522499541359799,
        1.6522499541359799,
        1.6522499541359799,
        1.6522499541359799,
        1.6522499541359799,
        1.6522499541359799,
        1.6522499541359799,
        1.6522499541359799,
        1.6522499541359799,
        1.6522499541359799,
        1.6522499541359799,
        1.6522499541359799,
        1.6522499541359799,
        1.6522499541359799,
        1.6522499541359799,
        1.6522499541359799,
        1.6522499541359799,
        1.6522499541359799,
        1.6522499541359799,
        1.6522499541359799,
        1.6522499541359799
    ],
    "timestamp": "2025-03-13_23-11-20"
}