{
    "y_max": 1.6514432699284796,
    "mean_values": [
        0.7892693410873203,
        1.0168336637786415,
        1.1407236453062126,
        1.1407236453062126,
        1.1470989309986261,
        1.1470989309986261,
        1.1470989309986261,
        1.2731169317980071,
        1.3087815392060562,
        1.6402066550519983,
        1.6402066550519983,
        1.6402066550519983,
        1.6402066550519983,
        1.6402066550519983,
        1.6402066550519983,
        1.6402066550519983,
        1.6402066550519983,
        1.6402066550519983,
        1.6513292790980088,
        1.6513292790980088,
        1.6513292790980088,
        1.6513292790980088,
        1.6513292790980088,
        1.6513292790980088,
        1.6513292790980088,
        1.6513292790980088,
        1.6513292790980088,
        1.6513292790980088,
        1.6513292790980088,
        1.6513292790980088,
        1.6513292790980088,
        1.6513292790980088,
        1.6513292790980088,
        1.6513292790980088,
        1.6513292790980088,
        1.6513292790980088,
        1.6513292790980088,
        1.6513292790980088,
        1.6513292790980088,
        1.6513292790980088,
        1.6513292790980088,
        1.6513292790980088,
        1.6513292790980088,
        1.6513292790980088,
        1.6513292790980088,
        1.6513292790980088,
        1.6513292790980088,
        1.6513292790980088,
        1.6513292790980088,
        1.6513292790980088
    ],
    "timestamp": "2025-03-14_00-22-38"
}