{
    "y_max": 1.6514432699284796,
    "mean_values": [
        0.7880873968504148,
        0.7880873968504148,
        0.7914039684517368,
        1.0373347445446983,
        1.1393437279285563,
        1.148737779403024,
        1.2857563359321966,
        1.4417802355212868,
        1.4417802355212868,
        1.4417802355212868,
        1.4417802355212868,
        1.4417802355212868,
        1.4417802355212868,
        1.4417802355212868,
        1.6311975245355312,
        1.6311975245355312,
        1.6311975245355312,
        1.6311975245355312,
        1.6311975245355312,
        1.6311975245355312,
        1.6311975245355312,
        1.6311975245355312,
        1.6311975245355312,
        1.6311975245355312,
        1.6311975245355312,
        1.6311975245355312,
        1.6311975245355312,
        1.6311975245355312,
        1.6311975245355312,
        1.6311975245355312,
        1.6469966717606295,
        1.6469966717606295,
        1.6469966717606295,
        1.653018336291382,
        1.653018336291382,
        1.653018336291382,
        1.653018336291382,
        1.653018336291382,
        1.653018336291382,
        1.653018336291382,
        1.653018336291382,
        1.653018336291382,
        1.653018336291382,
        1.653018336291382,
        1.653018336291382,
        1.653018336291382,
        1.653018336291382,
        1.653018336291382,
        1.653018336291382,
        1.653018336291382
    ],
    "timestamp": "2025-03-14_00-29-51"
}