{
    "y_max": 1.6514432699284796,
    "mean_values": [
        0.9680468363614108,
        1.132678109180615,
        1.132678109180615,
        1.139967344847881,
        1.2316153203803333,
        1.427819995211551,
        1.427819995211551,
        1.427819995211551,
        1.427819995211551,
        1.427819995211551,
        1.427819995211551,
        1.427819995211551,
        1.427819995211551,
        1.427819995211551,
        1.427819995211551,
        1.427819995211551,
        1.6537048821228189,
        1.6537048821228189,
        1.6537048821228189,
        1.6537048821228189,
        1.6537048821228189,
        1.6537048821228189,
        1.6537048821228189,
        1.6537048821228189,
        1.6537048821228189,
        1.6537048821228189,
        1.6537048821228189,
        1.6537048821228189,
        1.6541321209396052,
        1.6541321209396052,
        1.6541321209396052,
        1.6541321209396052,
        1.6541321209396052,
        1.6541321209396052,
        1.6541321209396052,
        1.6541321209396052,
        1.6541321209396052,
        1.6541321209396052,
        1.6541321209396052,
        1.6541321209396052,
        1.6541321209396052,
        1.6541321209396052,
        1.6541321209396052,
        1.6541321209396052,
        1.6541321209396052,
        1.6541321209396052,
        1.6541321209396052,
        1.6541321209396052,
        1.6541321209396052,
        1.6541321209396052
    ],
    "timestamp": "2025-03-14_01-33-42"
}