{
    "y_max": 1.6514432699284796,
    "mean_values": [
        0.9694296113157189,
        1.134625358943103,
        1.134625358943103,
        1.1398343284813386,
        1.2325186872302185,
        1.2325186872302185,
        1.4264115957137042,
        1.4264115957137042,
        1.4264115957137042,
        1.4264115957137042,
        1.4264115957137042,
        1.4264115957137042,
        1.4264115957137042,
        1.4264115957137042,
        1.6542041260612623,
        1.6542041260612623,
        1.6542041260612623,
        1.6542041260612623,
        1.6542041260612623,
        1.6542041260612623,
        1.6542041260612623,
        1.6542041260612623,
        1.6542041260612623,
        1.6542041260612623,
        1.6542041260612623,
        1.6542041260612623,
        1.6542041260612623,
        1.6542041260612623,
        1.6542041260612623,
        1.6542041260612623,
        1.6542041260612623,
        1.6542041260612623,
        1.6542041260612623,
        1.6542041260612623,
        1.6542041260612623,
        1.6542041260612623,
        1.6542041260612623,
        1.6542041260612623,
        1.6542041260612623,
        1.6542041260612623,
        1.6542041260612623,
        1.6542041260612623,
        1.6542041260612623,
        1.6542041260612623,
        1.6542041260612623,
        1.6542041260612623,
        1.6542041260612623,
        1.6542041260612623,
        1.6542041260612623,
        1.6542041260612623
    ],
    "timestamp": "2025-03-14_01-00-37"
}