{
    "y_max": 1.6514432699284796,
    "mean_values": [
        0.7899915883827363,
        0.7899915883827363,
        1.0374915933890558,
        1.0374915933890558,
        1.0374915933890558,
        1.2724805912050268,
        1.2724805912050268,
        1.6285928873432716,
        1.6285928873432716,
        1.6285928873432716,
        1.6285928873432716,
        1.6285928873432716,
        1.6285928873432716,
        1.6285928873432716,
        1.6285928873432716,
        1.6285928873432716,
        1.6285928873432716,
        1.6285928873432716,
        1.6285928873432716,
        1.6285928873432716,
        1.6285928873432716,
        1.6285928873432716,
        1.6505142113043432,
        1.6505142113043432,
        1.6505142113043432,
        1.6505142113043432,
        1.6505142113043432,
        1.6505142113043432,
        1.6505142113043432,
        1.6505142113043432,
        1.6505142113043432,
        1.6505142113043432,
        1.6505142113043432,
        1.6505142113043432,
        1.6505142113043432,
        1.6505142113043432,
        1.6505142113043432,
        1.6505142113043432,
        1.6505142113043432,
        1.6505142113043432,
        1.6505142113043432,
        1.6505142113043432,
        1.6505142113043432,
        1.6505142113043432,
        1.6505142113043432,
        1.6505142113043432,
        1.6505142113043432,
        1.6505142113043432,
        1.6505142113043432,
        1.6505142113043432
    ],
    "timestamp": "2025-03-14_00-26-13"
}