{
    "y_max": 1.6514432699284796,
    "mean_values": [
        0.9686729418341471,
        0.9686729418341471,
        1.1366185327767655,
        1.1431831808715662,
        1.2424229908358737,
        1.2424229908358737,
        1.4344202078919468,
        1.4344202078919468,
        1.4344202078919468,
        1.4344202078919468,
        1.4344202078919468,
        1.4344202078919468,
        1.4344202078919468,
        1.4344202078919468,
        1.4344202078919468,
        1.649615619328531,
        1.649615619328531,
        1.649615619328531,
        1.649615619328531,
        1.649615619328531,
        1.649615619328531,
        1.649615619328531,
        1.649615619328531,
        1.649615619328531,
        1.649615619328531,
        1.649615619328531,
        1.649615619328531,
        1.649615619328531,
        1.649615619328531,
        1.649615619328531,
        1.649615619328531,
        1.649615619328531,
        1.649615619328531,
        1.649615619328531,
        1.649615619328531,
        1.649615619328531,
        1.649615619328531,
        1.649615619328531,
        1.649615619328531,
        1.649615619328531,
        1.649615619328531,
        1.649615619328531,
        1.649615619328531,
        1.649615619328531,
        1.649615619328531,
        1.649615619328531,
        1.649615619328531,
        1.649615619328531,
        1.649615619328531,
        1.649615619328531
    ],
    "timestamp": "2025-03-14_00-53-29"
}