{
    "y_max": 1.6514432699284796,
    "mean_values": [
        0.790547242742502,
        1.0164053412572276,
        1.137804456056587,
        1.145518698720521,
        1.2690872269342777,
        1.444175318668768,
        1.444175318668768,
        1.444175318668768,
        1.444175318668768,
        1.444175318668768,
        1.444175318668768,
        1.444175318668768,
        1.444175318668768,
        1.444175318668768,
        1.6414036252804654,
        1.6414036252804654,
        1.6414036252804654,
        1.6414036252804654,
        1.6414036252804654,
        1.6414036252804654,
        1.6414036252804654,
        1.6414036252804654,
        1.6414036252804654,
        1.6414036252804654,
        1.6414036252804654,
        1.6414036252804654,
        1.6414036252804654,
        1.6414036252804654,
        1.6414036252804654,
        1.6414036252804654,
        1.650505531468463,
        1.650505531468463,
        1.650505531468463,
        1.650505531468463,
        1.650505531468463,
        1.650505531468463,
        1.650505531468463,
        1.650505531468463,
        1.650505531468463,
        1.650505531468463,
        1.650505531468463,
        1.650505531468463,
        1.650505531468463,
        1.650505531468463,
        1.650505531468463,
        1.650505531468463,
        1.650505531468463,
        1.650505531468463,
        1.650505531468463,
        1.650505531468463
    ],
    "timestamp": "2025-03-13_22-46-00"
}