{
    "y_max": 1.6514432699284796,
    "mean_values": [
        0.9691890220901553,
        1.1326062186321033,
        1.141740764281958,
        1.231179757981692,
        1.4279503401848213,
        1.4279503401848213,
        1.4279503401848213,
        1.4279503401848213,
        1.4279503401848213,
        1.4279503401848213,
        1.4279503401848213,
        1.4279503401848213,
        1.4279503401848213,
        1.6537520197895248,
        1.6537520197895248,
        1.6537520197895248,
        1.6537520197895248,
        1.6537520197895248,
        1.6537520197895248,
        1.6537520197895248,
        1.6537520197895248,
        1.6537520197895248,
        1.6537520197895248,
        1.6537520197895248,
        1.6537520197895248,
        1.6537520197895248,
        1.6537520197895248,
        1.6537520197895248,
        1.6537520197895248,
        1.6537520197895248,
        1.6537520197895248,
        1.6537520197895248,
        1.6537520197895248,
        1.6537520197895248,
        1.6537520197895248,
        1.6537520197895248,
        1.6537520197895248,
        1.6537520197895248,
        1.6537520197895248,
        1.6537520197895248,
        1.6537520197895248,
        1.6537520197895248,
        1.6537520197895248,
        1.6537520197895248,
        1.6537520197895248,
        1.6537520197895248,
        1.6537520197895248,
        1.6537520197895248,
        1.6537520197895248,
        1.6537520197895248
    ],
    "timestamp": "2025-03-13_23-49-22"
}