{
    "y_max": 1.6514432699284796,
    "mean_values": [
        0.9702921956294772,
        0.9702921956294772,
        1.1348398696049151,
        1.1412012566584129,
        1.2440405315640037,
        1.4361376824355123,
        1.4361376824355123,
        1.4361376824355123,
        1.4361376824355123,
        1.4361376824355123,
        1.4361376824355123,
        1.4361376824355123,
        1.4361376824355123,
        1.4361376824355123,
        1.4361376824355123,
        1.649632205777146,
        1.649632205777146,
        1.649632205777146,
        1.649632205777146,
        1.649632205777146,
        1.649632205777146,
        1.649632205777146,
        1.649632205777146,
        1.649632205777146,
        1.649632205777146,
        1.649632205777146,
        1.649632205777146,
        1.649632205777146,
        1.649632205777146,
        1.649632205777146,
        1.649632205777146,
        1.649632205777146,
        1.649632205777146,
        1.649632205777146,
        1.649632205777146,
        1.649632205777146,
        1.649632205777146,
        1.649632205777146,
        1.649632205777146,
        1.649632205777146,
        1.649632205777146,
        1.649632205777146,
        1.649632205777146,
        1.649632205777146,
        1.649632205777146,
        1.649632205777146,
        1.649632205777146,
        1.649632205777146,
        1.649632205777146,
        1.649632205777146
    ],
    "timestamp": "2025-03-14_01-04-24"
}