{
    "y_max": 1.6514432699284796,
    "mean_values": [
        0.9713111274714655,
        1.1339193068175384,
        1.1401355992848963,
        1.2320021924189897,
        1.4281917859776405,
        1.4281917859776405,
        1.4281917859776405,
        1.4281917859776405,
        1.4281917859776405,
        1.4281917859776405,
        1.4281917859776405,
        1.4281917859776405,
        1.4281917859776405,
        1.6549211103944834,
        1.6549211103944834,
        1.6549211103944834,
        1.6549211103944834,
        1.6549211103944834,
        1.6549211103944834,
        1.6549211103944834,
        1.6549211103944834,
        1.6549211103944834,
        1.6549211103944834,
        1.6549211103944834,
        1.6549211103944834,
        1.6549211103944834,
        1.6549211103944834,
        1.6549211103944834,
        1.6549211103944834,
        1.6549211103944834,
        1.6549211103944834,
        1.6549211103944834,
        1.6549211103944834,
        1.6549211103944834,
        1.6549211103944834,
        1.6549211103944834,
        1.6549211103944834,
        1.6549211103944834,
        1.6549211103944834,
        1.6549211103944834,
        1.6549211103944834,
        1.6549211103944834,
        1.6549211103944834,
        1.6549211103944834,
        1.6549211103944834,
        1.6549211103944834,
        1.6549211103944834,
        1.6549211103944834,
        1.6549211103944834,
        1.6549211103944834
    ],
    "timestamp": "2025-03-14_00-47-56"
}