{
    "y_max": 1.6514432699284796,
    "mean_values": [
        0.7888357633269651,
        1.0153183322160342,
        1.1400552321984634,
        1.1400552321984634,
        1.1469526051088936,
        1.1469526051088936,
        1.1469526051088936,
        1.2740607880613146,
        1.4430920589012988,
        1.4430920589012988,
        1.6430832996697111,
        1.6430832996697111,
        1.6430832996697111,
        1.6430832996697111,
        1.6430832996697111,
        1.6430832996697111,
        1.6430832996697111,
        1.6430832996697111,
        1.6430832996697111,
        1.6430832996697111,
        1.6430832996697111,
        1.6430832996697111,
        1.6430832996697111,
        1.6430832996697111,
        1.6430832996697111,
        1.6430832996697111,
        1.6430832996697111,
        1.6521294165029532,
        1.6521294165029532,
        1.6521294165029532,
        1.6521294165029532,
        1.6521294165029532,
        1.6521294165029532,
        1.6521294165029532,
        1.6521294165029532,
        1.6521294165029532,
        1.6521294165029532,
        1.6521294165029532,
        1.6521294165029532,
        1.6521294165029532,
        1.6521294165029532,
        1.6521294165029532,
        1.6521294165029532,
        1.6521294165029532,
        1.6521294165029532,
        1.6521294165029532,
        1.6521294165029532,
        1.6521294165029532,
        1.6521294165029532,
        1.6521294165029532
    ],
    "timestamp": "2025-03-14_01-22-40"
}