{
    "y_max": 1.6514432699284796,
    "mean_values": [
        0.9698000063573986,
        0.9698000063573986,
        1.1361446563714992,
        1.139613027490562,
        1.24387943557799,
        1.4349976584445112,
        1.4349976584445112,
        1.4349976584445112,
        1.4349976584445112,
        1.4349976584445112,
        1.4349976584445112,
        1.4349976584445112,
        1.6482422582204033,
        1.6482422582204033,
        1.6482422582204033,
        1.6482422582204033,
        1.6482422582204033,
        1.6482422582204033,
        1.6482422582204033,
        1.6482422582204033,
        1.6482422582204033,
        1.6482422582204033,
        1.6482422582204033,
        1.6482422582204033,
        1.6482422582204033,
        1.6482422582204033,
        1.6482422582204033,
        1.6482422582204033,
        1.6482422582204033,
        1.6482422582204033,
        1.6482422582204033,
        1.6482422582204033,
        1.6482422582204033,
        1.6482422582204033,
        1.6482422582204033,
        1.6482422582204033,
        1.6482422582204033,
        1.6482422582204033,
        1.6482422582204033,
        1.6482422582204033,
        1.6482422582204033,
        1.6482422582204033,
        1.6482422582204033,
        1.6482422582204033,
        1.6482422582204033,
        1.6482422582204033,
        1.6482422582204033,
        1.6482422582204033,
        1.6482422582204033,
        1.6482422582204033
    ],
    "timestamp": "2025-03-14_00-00-24"
}