{
    "y_max": 1.6514432699284796,
    "mean_values": [
        0.7892788802846344,
        0.7892788802846344,
        1.0403553057851262,
        1.1407802760229309,
        1.1509573450228059,
        1.2876561433018667,
        1.4422159537624437,
        1.4422159537624437,
        1.4422159537624437,
        1.4422159537624437,
        1.4422159537624437,
        1.4422159537624437,
        1.4422159537624437,
        1.4422159537624437,
        1.6296754674710925,
        1.6296754674710925,
        1.6296754674710925,
        1.647054887015426,
        1.647054887015426,
        1.647054887015426,
        1.647054887015426,
        1.647054887015426,
        1.647054887015426,
        1.647054887015426,
        1.647054887015426,
        1.647054887015426,
        1.647054887015426,
        1.647054887015426,
        1.647054887015426,
        1.647054887015426,
        1.647054887015426,
        1.647054887015426,
        1.647054887015426,
        1.647054887015426,
        1.647054887015426,
        1.647054887015426,
        1.647054887015426,
        1.647054887015426,
        1.647054887015426,
        1.647054887015426,
        1.647054887015426,
        1.647054887015426,
        1.647054887015426,
        1.647054887015426,
        1.647054887015426,
        1.647054887015426,
        1.647054887015426,
        1.647054887015426,
        1.647054887015426,
        1.647054887015426
    ],
    "timestamp": "2025-03-13_23-33-15"
}