{
    "y_max": 1.6514432699284796,
    "mean_values": [
        0.788965384538275,
        1.0175559933449765,
        1.1385827427164334,
        1.1477608058532127,
        1.1477608058532127,
        1.272468949011784,
        1.272468949011784,
        1.4410838391240919,
        1.4410838391240919,
        1.4410838391240919,
        1.4410838391240919,
        1.4410838391240919,
        1.6443867384832502,
        1.6443867384832502,
        1.6443867384832502,
        1.6443867384832502,
        1.6443867384832502,
        1.6443867384832502,
        1.6443867384832502,
        1.6443867384832502,
        1.6443867384832502,
        1.6443867384832502,
        1.6443867384832502,
        1.6443867384832502,
        1.6443867384832502,
        1.6443867384832502,
        1.6443867384832502,
        1.6443867384832502,
        1.6443867384832502,
        1.6443867384832502,
        1.650786344163133,
        1.650786344163133,
        1.650786344163133,
        1.650786344163133,
        1.6547914817362435,
        1.6547914817362435,
        1.6547914817362435,
        1.6547914817362435,
        1.6547914817362435,
        1.6547914817362435,
        1.6547914817362435,
        1.6547914817362435,
        1.6547914817362435,
        1.6547914817362435,
        1.6547914817362435,
        1.6547914817362435,
        1.6547914817362435,
        1.6547914817362435,
        1.6547914817362435,
        1.6547914817362435
    ],
    "timestamp": "2025-03-14_01-24-28"
}