{
    "y_max": 1.6514432699284796,
    "mean_values": [
        0.9686609969914396,
        1.1338252477605684,
        1.1402055264349877,
        1.230234531860114,
        1.230234531860114,
        1.4266951872003446,
        1.4266951872003446,
        1.4266951872003446,
        1.4266951872003446,
        1.4266951872003446,
        1.4266951872003446,
        1.4266951872003446,
        1.4266951872003446,
        1.4266951872003446,
        1.4266951872003446,
        1.4266951872003446,
        1.6531616974189616,
        1.6531616974189616,
        1.6531616974189616,
        1.6531616974189616,
        1.6531616974189616,
        1.6531616974189616,
        1.6531616974189616,
        1.6531616974189616,
        1.6531616974189616,
        1.6531616974189616,
        1.6531616974189616,
        1.6531616974189616,
        1.6531616974189616,
        1.6531616974189616,
        1.6531616974189616,
        1.6531616974189616,
        1.6531616974189616,
        1.6531616974189616,
        1.6531616974189616,
        1.6531616974189616,
        1.6531616974189616,
        1.6531616974189616,
        1.6531616974189616,
        1.6531616974189616,
        1.6531616974189616,
        1.6531616974189616,
        1.6531616974189616,
        1.6531616974189616,
        1.6531616974189616,
        1.6531616974189616,
        1.6531616974189616,
        1.6531616974189616,
        1.6531616974189616,
        1.6531616974189616
    ],
    "timestamp": "2025-03-13_23-20-27"
}