{
    "y_max": 1.6514432699284796,
    "mean_values": [
        0.9699753459906655,
        1.1330854041020788,
        1.140855719523149,
        1.230116355463676,
        1.230116355463676,
        1.4266577558722404,
        1.4266577558722404,
        1.4266577558722404,
        1.4266577558722404,
        1.4266577558722404,
        1.4266577558722404,
        1.4266577558722404,
        1.6540184220947916,
        1.6540184220947916,
        1.6540184220947916,
        1.6540184220947916,
        1.6540184220947916,
        1.6540184220947916,
        1.6540184220947916,
        1.6540184220947916,
        1.6540184220947916,
        1.6540184220947916,
        1.6540184220947916,
        1.6540184220947916,
        1.6540184220947916,
        1.6540184220947916,
        1.6540184220947916,
        1.6540184220947916,
        1.6540184220947916,
        1.6540184220947916,
        1.6540184220947916,
        1.6540184220947916,
        1.6540184220947916,
        1.6540184220947916,
        1.6540184220947916,
        1.6540184220947916,
        1.6540184220947916,
        1.6540184220947916,
        1.6540184220947916,
        1.6540184220947916,
        1.6540184220947916,
        1.6540184220947916,
        1.6540184220947916,
        1.6540184220947916,
        1.6540184220947916,
        1.6540184220947916,
        1.6540184220947916,
        1.6540184220947916,
        1.6540184220947916,
        1.6540184220947916
    ],
    "timestamp": "2025-03-13_22-47-47"
}