{
    "y_max": 1.6514432699284796,
    "mean_values": [
        0.7891133840519392,
        0.7891133840519392,
        0.7905048280821787,
        0.9653769919501979,
        1.0402554569184577,
        1.1398324529848118,
        1.2743784345522309,
        1.2743784345522309,
        1.2922154166521316,
        1.4387090710654045,
        1.4387090710654045,
        1.4387090710654045,
        1.627826635998692,
        1.627826635998692,
        1.627826635998692,
        1.627826635998692,
        1.627826635998692,
        1.627826635998692,
        1.627826635998692,
        1.627826635998692,
        1.627826635998692,
        1.627826635998692,
        1.627826635998692,
        1.627826635998692,
        1.627826635998692,
        1.627826635998692,
        1.627826635998692,
        1.627826635998692,
        1.627826635998692,
        1.627826635998692,
        1.627826635998692,
        1.627826635998692,
        1.6376670342480486,
        1.6376670342480486,
        1.6376670342480486,
        1.6376670342480486,
        1.6376670342480486,
        1.6376670342480486,
        1.6376670342480486,
        1.6376670342480486,
        1.6376670342480486,
        1.6376670342480486,
        1.6376670342480486,
        1.6376670342480486,
        1.6376670342480486,
        1.6376670342480486,
        1.6376670342480486,
        1.6376670342480486,
        1.6376670342480486,
        1.6376670342480486
    ],
    "timestamp": "2025-03-13_23-02-27"
}