{
    "y_max": 1.6514432699284796,
    "mean_values": [
        0.7904759804795431,
        1.0178251078518115,
        1.1414044826312932,
        1.1459258326232702,
        1.2713045860650884,
        1.4439226854007718,
        1.4439226854007718,
        1.4439226854007718,
        1.4439226854007718,
        1.4439226854007718,
        1.4439226854007718,
        1.4439226854007718,
        1.4439226854007718,
        1.4439226854007718,
        1.4439226854007718,
        1.64321257578826,
        1.64321257578826,
        1.64321257578826,
        1.64321257578826,
        1.64321257578826,
        1.64321257578826,
        1.64321257578826,
        1.64321257578826,
        1.64321257578826,
        1.64321257578826,
        1.64321257578826,
        1.64321257578826,
        1.64321257578826,
        1.64321257578826,
        1.6449809202425068,
        1.6449809202425068,
        1.6449809202425068,
        1.6449809202425068,
        1.6449809202425068,
        1.6449809202425068,
        1.6449809202425068,
        1.6449809202425068,
        1.6530688222423833,
        1.6530688222423833,
        1.6530688222423833,
        1.6530688222423833,
        1.6530688222423833,
        1.6530688222423833,
        1.6530688222423833,
        1.6530688222423833,
        1.6530688222423833,
        1.6530688222423833,
        1.6530688222423833,
        1.6530688222423833,
        1.6530688222423833
    ],
    "timestamp": "2025-03-14_00-20-54"
}