{
    "y_max": 1.6514432699284796,
    "mean_values": [
        0.9698893670929036,
        1.1358334377835295,
        1.1371046903987438,
        1.2282490278774423,
        1.2282490278774423,
        1.4263947617311303,
        1.4263947617311303,
        1.4263947617311303,
        1.4263947617311303,
        1.4263947617311303,
        1.4263947617311303,
        1.4263947617311303,
        1.4263947617311303,
        1.4366311800805702,
        1.4366311800805702,
        1.6523727572400169,
        1.6523727572400169,
        1.6523727572400169,
        1.6523727572400169,
        1.6523727572400169,
        1.6523727572400169,
        1.6523727572400169,
        1.6523727572400169,
        1.6523727572400169,
        1.6523727572400169,
        1.6523727572400169,
        1.6523727572400169,
        1.6523727572400169,
        1.6523727572400169,
        1.6523727572400169,
        1.6523727572400169,
        1.6523727572400169,
        1.6523727572400169,
        1.6523727572400169,
        1.6523727572400169,
        1.6523727572400169,
        1.6523727572400169,
        1.6523727572400169,
        1.6523727572400169,
        1.6523727572400169,
        1.6523727572400169,
        1.6523727572400169,
        1.6523727572400169,
        1.6523727572400169,
        1.6523727572400169,
        1.6523727572400169,
        1.6523727572400169,
        1.6523727572400169,
        1.6523727572400169,
        1.6523727572400169
    ],
    "timestamp": "2025-03-13_22-55-07"
}