{
    "y_max": 1.6514432699284796,
    "mean_values": [
        0.7892169927804317,
        0.7892169927804317,
        0.7900328690646619,
        0.9655743824815852,
        1.2739623084919955,
        1.2739623084919955,
        1.6240749491927837,
        1.6240749491927837,
        1.6240749491927837,
        1.6240749491927837,
        1.6240749491927837,
        1.6240749491927837,
        1.6240749491927837,
        1.6240749491927837,
        1.6240749491927837,
        1.6240749491927837,
        1.6240749491927837,
        1.6240749491927837,
        1.6240749491927837,
        1.6240749491927837,
        1.6240749491927837,
        1.62708574914227,
        1.62708574914227,
        1.62708574914227,
        1.62708574914227,
        1.62708574914227,
        1.62708574914227,
        1.62708574914227,
        1.62708574914227,
        1.6532056381658082,
        1.6532056381658082,
        1.6532056381658082,
        1.6532056381658082,
        1.6532056381658082,
        1.6532056381658082,
        1.6532056381658082,
        1.6532056381658082,
        1.6532056381658082,
        1.6532056381658082,
        1.6532056381658082,
        1.6532056381658082,
        1.6532056381658082,
        1.6532056381658082,
        1.6532056381658082,
        1.6532056381658082,
        1.6532056381658082,
        1.6532056381658082,
        1.6532056381658082,
        1.6532056381658082,
        1.6532056381658082
    ],
    "timestamp": "2025-03-13_23-16-40"
}