{
    "y_max": 1.6514432699284796,
    "mean_values": [
        0.9705340288974359,
        0.9705340288974359,
        1.135372249364423,
        1.135372249364423,
        1.141984062627351,
        1.243195745347662,
        1.4341234692513756,
        1.4341234692513756,
        1.4341234692513756,
        1.4341234692513756,
        1.4341234692513756,
        1.4341234692513756,
        1.4341234692513756,
        1.4341234692513756,
        1.4341234692513756,
        1.652018670661601,
        1.652018670661601,
        1.652018670661601,
        1.652018670661601,
        1.652018670661601,
        1.652018670661601,
        1.652018670661601,
        1.652018670661601,
        1.652018670661601,
        1.652018670661601,
        1.652018670661601,
        1.652018670661601,
        1.652018670661601,
        1.6530258168783452,
        1.6530258168783452,
        1.6530258168783452,
        1.6530258168783452,
        1.6530258168783452,
        1.6530258168783452,
        1.6530258168783452,
        1.6530258168783452,
        1.6530258168783452,
        1.6530258168783452,
        1.6530258168783452,
        1.6530258168783452,
        1.6530258168783452,
        1.6530258168783452,
        1.6530258168783452,
        1.6530258168783452,
        1.6530258168783452,
        1.6530258168783452,
        1.6530258168783452,
        1.6530258168783452,
        1.6530258168783452,
        1.6530258168783452
    ],
    "timestamp": "2025-03-14_01-39-25"
}