{
    "y_max": 1.6514432699284796,
    "mean_values": [
        0.7918833895554649,
        0.7918833895554649,
        1.037713058123137,
        1.037713058123137,
        1.037713058123137,
        1.142039562256972,
        1.1498477580047142,
        1.273180773879253,
        1.2871740820392281,
        1.4405849482462438,
        1.627703054112946,
        1.627703054112946,
        1.627703054112946,
        1.627703054112946,
        1.627703054112946,
        1.627703054112946,
        1.627703054112946,
        1.627703054112946,
        1.627703054112946,
        1.627703054112946,
        1.627703054112946,
        1.627703054112946,
        1.627703054112946,
        1.627703054112946,
        1.627703054112946,
        1.627703054112946,
        1.627703054112946,
        1.627703054112946,
        1.627703054112946,
        1.627703054112946,
        1.6421448910582401,
        1.6421448910582401,
        1.6421448910582401,
        1.6421448910582401,
        1.6421448910582401,
        1.6421448910582401,
        1.6421448910582401,
        1.6421448910582401,
        1.6421448910582401,
        1.6421448910582401,
        1.6421448910582401,
        1.6421448910582401,
        1.6421448910582401,
        1.6421448910582401,
        1.6421448910582401,
        1.6421448910582401,
        1.6421448910582401,
        1.6421448910582401,
        1.6421448910582401,
        1.6421448910582401
    ],
    "timestamp": "2025-03-13_23-13-14"
}