{
    "y_max": 1.6514432699284796,
    "mean_values": [
        0.9711925909734727,
        1.1343247067289357,
        1.140029628392529,
        1.231221257323121,
        1.4289812968676188,
        1.4289812968676188,
        1.4289812968676188,
        1.4289812968676188,
        1.4289812968676188,
        1.4289812968676188,
        1.4289812968676188,
        1.4289812968676188,
        1.4289812968676188,
        1.4379682021665665,
        1.4379682021665665,
        1.4379682021665665,
        1.6515714101002463,
        1.6515714101002463,
        1.6515714101002463,
        1.6515714101002463,
        1.6515714101002463,
        1.6515714101002463,
        1.6515714101002463,
        1.6515714101002463,
        1.6515714101002463,
        1.6515714101002463,
        1.6515714101002463,
        1.6515714101002463,
        1.6515714101002463,
        1.6515714101002463,
        1.6515714101002463,
        1.6515714101002463,
        1.6515714101002463,
        1.6515714101002463,
        1.6515714101002463,
        1.6521974758988638,
        1.6521974758988638,
        1.6521974758988638,
        1.6521974758988638,
        1.6521974758988638,
        1.6521974758988638,
        1.6521974758988638,
        1.6521974758988638,
        1.6521974758988638,
        1.6521974758988638,
        1.6521974758988638,
        1.6521974758988638,
        1.6521974758988638,
        1.6521974758988638,
        1.6521974758988638
    ],
    "timestamp": "2025-03-13_22-38-52"
}