{
    "y_max": 1.6514432699284796,
    "mean_values": [
        0.7888036762926615,
        1.0179910983874092,
        1.138446472328755,
        1.1481648172031584,
        1.2721109900015197,
        1.441359790288811,
        1.441359790288811,
        1.441359790288811,
        1.441359790288811,
        1.441359790288811,
        1.441359790288811,
        1.441359790288811,
        1.441359790288811,
        1.4436413926446618,
        1.4436413926446618,
        1.4436413926446618,
        1.4436413926446618,
        1.4436413926446618,
        1.4436413926446618,
        1.6431215149153726,
        1.6431215149153726,
        1.6431215149153726,
        1.6431215149153726,
        1.6431215149153726,
        1.6431215149153726,
        1.6431215149153726,
        1.6431215149153726,
        1.651639614559143,
        1.651639614559143,
        1.651639614559143,
        1.651639614559143,
        1.651639614559143,
        1.651639614559143,
        1.651639614559143,
        1.651639614559143,
        1.651639614559143,
        1.651639614559143,
        1.651639614559143,
        1.651639614559143,
        1.651639614559143,
        1.651639614559143,
        1.651639614559143,
        1.651639614559143,
        1.651639614559143,
        1.651639614559143,
        1.651639614559143,
        1.651639614559143,
        1.651639614559143,
        1.651639614559143,
        1.651639614559143
    ],
    "timestamp": "2025-03-13_23-00-39"
}