{
    "y_max": 1.6514432699284796,
    "mean_values": [
        0.9687101931307599,
        1.1337839041802735,
        1.1376238821499118,
        1.1376238821499118,
        1.2313264769899934,
        1.2313264769899934,
        1.4258507505930527,
        1.4258507505930527,
        1.4258507505930527,
        1.4258507505930527,
        1.4258507505930527,
        1.4258507505930527,
        1.4258507505930527,
        1.4258507505930527,
        1.4258507505930527,
        1.6540346110913626,
        1.6540346110913626,
        1.6540346110913626,
        1.6540346110913626,
        1.6540346110913626,
        1.6540346110913626,
        1.6540346110913626,
        1.6540346110913626,
        1.6540346110913626,
        1.6540346110913626,
        1.6540346110913626,
        1.6540346110913626,
        1.6540346110913626,
        1.6540346110913626,
        1.6540346110913626,
        1.6540346110913626,
        1.6540346110913626,
        1.6540346110913626,
        1.6540346110913626,
        1.6540346110913626,
        1.6540346110913626,
        1.6540346110913626,
        1.6540346110913626,
        1.6540346110913626,
        1.6540346110913626,
        1.6540346110913626,
        1.6540346110913626,
        1.6540346110913626,
        1.6540346110913626,
        1.6540346110913626,
        1.6540346110913626,
        1.6540346110913626,
        1.6540346110913626,
        1.6540346110913626,
        1.6540346110913626
    ],
    "timestamp": "2025-03-14_00-55-12"
}