{
    "y_max": 1.6514432699284796,
    "mean_values": [
        0.7871458669290881,
        1.0173622597036256,
        1.0173622597036256,
        1.0173622597036256,
        1.142490789903103,
        1.142490789903103,
        1.306782086498628,
        1.6416787859289428,
        1.6416787859289428,
        1.6416787859289428,
        1.6416787859289428,
        1.6416787859289428,
        1.6416787859289428,
        1.6416787859289428,
        1.6416787859289428,
        1.6416787859289428,
        1.6416787859289428,
        1.6416787859289428,
        1.6416787859289428,
        1.6416787859289428,
        1.6416787859289428,
        1.6416787859289428,
        1.6416787859289428,
        1.6416787859289428,
        1.6416787859289428,
        1.6495857528071391,
        1.6495857528071391,
        1.6495857528071391,
        1.6495857528071391,
        1.6495857528071391,
        1.6495857528071391,
        1.6495857528071391,
        1.6495857528071391,
        1.6495857528071391,
        1.6531358471967765,
        1.6531358471967765,
        1.6531358471967765,
        1.6531358471967765,
        1.6531358471967765,
        1.6531358471967765,
        1.6531358471967765,
        1.6531358471967765,
        1.6531358471967765,
        1.6531358471967765,
        1.6531358471967765,
        1.6531358471967765,
        1.6531358471967765,
        1.6531358471967765,
        1.6531358471967765,
        1.6531358471967765
    ],
    "timestamp": "2025-03-13_23-07-49"
}