{
    "y_max": 1.6514432699284796,
    "mean_values": [
        0.9700263939971467,
        1.1362456118599555,
        1.1415806692421264,
        1.1415806692421264,
        1.1415806692421264,
        1.2341004170338556,
        1.428413794387382,
        1.428413794387382,
        1.428413794387382,
        1.428413794387382,
        1.428413794387382,
        1.428413794387382,
        1.6528032371375025,
        1.6528032371375025,
        1.6528032371375025,
        1.6528032371375025,
        1.6528032371375025,
        1.6528032371375025,
        1.6528032371375025,
        1.6528032371375025,
        1.6528032371375025,
        1.6528032371375025,
        1.6528032371375025,
        1.6528032371375025,
        1.6528032371375025,
        1.6528032371375025,
        1.6528032371375025,
        1.6528032371375025,
        1.6528032371375025,
        1.6528032371375025,
        1.6528032371375025,
        1.6528032371375025,
        1.6528032371375025,
        1.6528032371375025,
        1.6528032371375025,
        1.6528032371375025,
        1.6528032371375025,
        1.6528032371375025,
        1.6528032371375025,
        1.6528032371375025,
        1.6528032371375025,
        1.6528032371375025,
        1.6528032371375025,
        1.6528032371375025,
        1.6528032371375025,
        1.6528032371375025,
        1.6528032371375025,
        1.6528032371375025,
        1.6528032371375025,
        1.6528032371375025
    ],
    "timestamp": "2025-03-13_22-56-53"
}