{
    "y_max": 1.6514432699284796,
    "mean_values": [
        0.7889742597004116,
        1.0153392238166679,
        1.1377734321628903,
        1.1377734321628903,
        1.146750239712187,
        1.271577056845575,
        1.4425965867608725,
        1.4425965867608725,
        1.4425965867608725,
        1.4425965867608725,
        1.4425965867608725,
        1.4425965867608725,
        1.4425965867608725,
        1.4425965867608725,
        1.4425965867608725,
        1.4425965867608725,
        1.4425965867608725,
        1.6413996877001202,
        1.6413996877001202,
        1.6413996877001202,
        1.6413996877001202,
        1.6413996877001202,
        1.6413996877001202,
        1.6413996877001202,
        1.6413996877001202,
        1.6413996877001202,
        1.6413996877001202,
        1.6413996877001202,
        1.643005839359685,
        1.643005839359685,
        1.643005839359685,
        1.643005839359685,
        1.643005839359685,
        1.643005839359685,
        1.643005839359685,
        1.643005839359685,
        1.643005839359685,
        1.643005839359685,
        1.643005839359685,
        1.643005839359685,
        1.643005839359685,
        1.643005839359685,
        1.643005839359685,
        1.643005839359685,
        1.643005839359685,
        1.643005839359685,
        1.643005839359685,
        1.643005839359685,
        1.643005839359685,
        1.643005839359685
    ],
    "timestamp": "2025-03-13_23-54-57"
}