{
    "y_max": 1.6514432699284796,
    "mean_values": [
        0.7899441198683781,
        0.7899441198683781,
        1.0402646989408288,
        1.0402646989408288,
        1.139934125380895,
        1.139934125380895,
        1.1509143013399343,
        1.2890200715852327,
        1.4386291326837326,
        1.4386291326837326,
        1.4386291326837326,
        1.4386291326837326,
        1.6265784081376695,
        1.6265784081376695,
        1.6265784081376695,
        1.6265784081376695,
        1.6265784081376695,
        1.6265784081376695,
        1.6265784081376695,
        1.6265784081376695,
        1.6265784081376695,
        1.6265784081376695,
        1.6265784081376695,
        1.6265784081376695,
        1.6265784081376695,
        1.6265784081376695,
        1.6265784081376695,
        1.6447570788430181,
        1.6447570788430181,
        1.6447570788430181,
        1.6447570788430181,
        1.6447570788430181,
        1.6529355831526114,
        1.6529355831526114,
        1.6529355831526114,
        1.6529355831526114,
        1.6529355831526114,
        1.6529355831526114,
        1.6529355831526114,
        1.6529355831526114,
        1.6529355831526114,
        1.6529355831526114,
        1.6529355831526114,
        1.6529355831526114,
        1.6529355831526114,
        1.6529355831526114,
        1.6529355831526114,
        1.6529355831526114,
        1.6529355831526114,
        1.6529355831526114
    ],
    "timestamp": "2025-03-14_01-28-07"
}