{
    "y_max": 1.6514432699284796,
    "mean_values": [
        0.7894901867138439,
        1.0161177394207843,
        1.1385688754391505,
        1.1471402917272617,
        1.1471402917272617,
        1.2707199841154668,
        1.4423970879246566,
        1.4423970879246566,
        1.4423970879246566,
        1.4423970879246566,
        1.4423970879246566,
        1.4423970879246566,
        1.4423970879246566,
        1.4423970879246566,
        1.4423970879246566,
        1.6441783842742563,
        1.6441783842742563,
        1.6441783842742563,
        1.6441783842742563,
        1.6441783842742563,
        1.6441783842742563,
        1.6441783842742563,
        1.6441783842742563,
        1.6441783842742563,
        1.6441783842742563,
        1.6492087906674577,
        1.6492087906674577,
        1.6492087906674577,
        1.6492087906674577,
        1.6492087906674577,
        1.6492087906674577,
        1.6504815200928928,
        1.6504815200928928,
        1.6504815200928928,
        1.6504815200928928,
        1.6504815200928928,
        1.6504815200928928,
        1.6504815200928928,
        1.6504815200928928,
        1.6504815200928928,
        1.6504815200928928,
        1.6504815200928928,
        1.6504815200928928,
        1.6504815200928928,
        1.6504815200928928,
        1.6504815200928928,
        1.6504815200928928,
        1.6504815200928928,
        1.6504815200928928,
        1.6504815200928928
    ],
    "timestamp": "2025-03-14_00-44-19"
}