{
    "y_max": 1.6514432699284796,
    "mean_values": [
        0.9685106463085201,
        1.1336249793216737,
        1.139932710967584,
        1.2313419078754886,
        1.425826403973951,
        1.425826403973951,
        1.425826403973951,
        1.425826403973951,
        1.425826403973951,
        1.425826403973951,
        1.425826403973951,
        1.425826403973951,
        1.6542867626589435,
        1.6542867626589435,
        1.6542867626589435,
        1.6542867626589435,
        1.6542867626589435,
        1.6542867626589435,
        1.6542867626589435,
        1.6542867626589435,
        1.6542867626589435,
        1.6542867626589435,
        1.6542867626589435,
        1.6542867626589435,
        1.6542867626589435,
        1.6542867626589435,
        1.6542867626589435,
        1.6542867626589435,
        1.6542867626589435,
        1.6542867626589435,
        1.6542867626589435,
        1.6542867626589435,
        1.6542867626589435,
        1.6542867626589435,
        1.6542867626589435,
        1.6542867626589435,
        1.6542867626589435,
        1.6542867626589435,
        1.6542867626589435,
        1.6542867626589435,
        1.6542867626589435,
        1.6542867626589435,
        1.6542867626589435,
        1.6542867626589435,
        1.6542867626589435,
        1.6542867626589435,
        1.6542867626589435,
        1.6542867626589435,
        1.6542867626589435,
        1.6542867626589435
    ],
    "timestamp": "2025-03-14_00-28-00"
}