{
    "y_max": 1.6514432699284796,
    "mean_values": [
        0.9695651201848356,
        1.1335297206928416,
        1.1379013995743337,
        1.2298898501854865,
        1.4275435092020088,
        1.4275435092020088,
        1.4275435092020088,
        1.4275435092020088,
        1.4275435092020088,
        1.4275435092020088,
        1.4275435092020088,
        1.4275435092020088,
        1.4275435092020088,
        1.4275435092020088,
        1.4275435092020088,
        1.4275435092020088,
        1.4275435092020088,
        1.4275435092020088,
        1.653178823670006,
        1.653178823670006,
        1.653178823670006,
        1.653178823670006,
        1.653178823670006,
        1.653178823670006,
        1.653178823670006,
        1.653178823670006,
        1.653178823670006,
        1.653178823670006,
        1.653178823670006,
        1.653178823670006,
        1.653178823670006,
        1.653178823670006,
        1.653178823670006,
        1.653178823670006,
        1.653178823670006,
        1.653178823670006,
        1.653178823670006,
        1.653178823670006,
        1.653178823670006,
        1.653178823670006,
        1.653178823670006,
        1.653178823670006,
        1.653178823670006,
        1.653178823670006,
        1.653178823670006,
        1.653178823670006,
        1.653178823670006,
        1.653178823670006,
        1.653178823670006,
        1.653178823670006
    ],
    "timestamp": "2025-03-14_00-15-19"
}