{
    "y_max": 1.6514432699284796,
    "mean_values": [
        0.7903960146603408,
        1.0183927437569724,
        1.138723785007127,
        1.1444295809128366,
        1.1444295809128366,
        1.1444295809128366,
        1.1444295809128366,
        1.2709699116790294,
        1.4422115368527852,
        1.4422115368527852,
        1.4422115368527852,
        1.6442716669839819,
        1.6442716669839819,
        1.6442716669839819,
        1.6442716669839819,
        1.6442716669839819,
        1.6442716669839819,
        1.6442716669839819,
        1.6442716669839819,
        1.6442716669839819,
        1.6442716669839819,
        1.6442716669839819,
        1.6442716669839819,
        1.6442716669839819,
        1.6442716669839819,
        1.6442716669839819,
        1.6442716669839819,
        1.6442716669839819,
        1.6442716669839819,
        1.6442716669839819,
        1.6442716669839819,
        1.6442716669839819,
        1.6442716669839819,
        1.6442716669839819,
        1.6442716669839819,
        1.6442716669839819,
        1.6442716669839819,
        1.6442716669839819,
        1.6442716669839819,
        1.6442716669839819,
        1.6442716669839819,
        1.6442716669839819,
        1.6442716669839819,
        1.6442716669839819,
        1.6442716669839819,
        1.6442716669839819,
        1.6442716669839819,
        1.6442716669839819,
        1.6442716669839819,
        1.6442716669839819
    ],
    "timestamp": "2025-03-13_23-18-28"
}