{
    "y_max": 1.6514432699284796,
    "mean_values": [
        0.9683867444162562,
        1.1329826133256005,
        1.1395669446683705,
        1.2293338646251393,
        1.4271943685320525,
        1.4271943685320525,
        1.4271943685320525,
        1.4271943685320525,
        1.4271943685320525,
        1.4271943685320525,
        1.4271943685320525,
        1.4271943685320525,
        1.4271943685320525,
        1.6552249462870017,
        1.6552249462870017,
        1.6552249462870017,
        1.6552249462870017,
        1.6552249462870017,
        1.6552249462870017,
        1.6552249462870017,
        1.6552249462870017,
        1.6552249462870017,
        1.6552249462870017,
        1.6552249462870017,
        1.6552249462870017,
        1.6552249462870017,
        1.6552249462870017,
        1.6552249462870017,
        1.6552249462870017,
        1.6552249462870017,
        1.6552249462870017,
        1.6552249462870017,
        1.6552249462870017,
        1.6552249462870017,
        1.6552249462870017,
        1.6552249462870017,
        1.6552249462870017,
        1.6552249462870017,
        1.6552249462870017,
        1.6552249462870017,
        1.6552249462870017,
        1.6552249462870017,
        1.6552249462870017,
        1.6552249462870017,
        1.6552249462870017,
        1.6552249462870017,
        1.6552249462870017,
        1.6552249462870017,
        1.6552249462870017,
        1.6552249462870017
    ],
    "timestamp": "2025-03-14_00-49-50"
}