{
    "y_max": 1.6514432699284796,
    "mean_values": [
        0.7885483363869138,
        0.7885483363869138,
        0.7911241803053969,
        0.9671215889138746,
        1.0395052754048495,
        1.274228131295378,
        1.624974277942811,
        1.624974277942811,
        1.624974277942811,
        1.624974277942811,
        1.624974277942811,
        1.624974277942811,
        1.624974277942811,
        1.624974277942811,
        1.624974277942811,
        1.624974277942811,
        1.624974277942811,
        1.624974277942811,
        1.624974277942811,
        1.624974277942811,
        1.624974277942811,
        1.624974277942811,
        1.624974277942811,
        1.624974277942811,
        1.624974277942811,
        1.6296867592657855,
        1.6296867592657855,
        1.6296867592657855,
        1.6296867592657855,
        1.6296867592657855,
        1.6296867592657855,
        1.6296867592657855,
        1.6480927468009978,
        1.6480927468009978,
        1.6480927468009978,
        1.6480927468009978,
        1.6480927468009978,
        1.6480927468009978,
        1.6480927468009978,
        1.6480927468009978,
        1.6480927468009978,
        1.6480927468009978,
        1.6480927468009978,
        1.6480927468009978,
        1.6480927468009978,
        1.6480927468009978,
        1.6480927468009978,
        1.6480927468009978,
        1.6480927468009978,
        1.6480927468009978
    ],
    "timestamp": "2025-03-14_00-36-59"
}