{
    "y_max": 1.6514432699284796,
    "mean_values": [
        0.7891223657672464,
        1.0178081619250936,
        1.0178081619250936,
        1.1390711391374913,
        1.1471605190503842,
        1.2731137475671603,
        1.441106151760492,
        1.441106151760492,
        1.441106151760492,
        1.441106151760492,
        1.441106151760492,
        1.441106151760492,
        1.6438813486468946,
        1.6438813486468946,
        1.6438813486468946,
        1.6438813486468946,
        1.6438813486468946,
        1.6438813486468946,
        1.6438813486468946,
        1.6438813486468946,
        1.6438813486468946,
        1.6438813486468946,
        1.6438813486468946,
        1.6438813486468946,
        1.6438813486468946,
        1.6438813486468946,
        1.6438813486468946,
        1.6438813486468946,
        1.6438813486468946,
        1.6438813486468946,
        1.6438813486468946,
        1.6438813486468946,
        1.6438813486468946,
        1.6438813486468946,
        1.6438813486468946,
        1.6438813486468946,
        1.6438813486468946,
        1.6438813486468946,
        1.6438813486468946,
        1.6438813486468946,
        1.6438813486468946,
        1.6438813486468946,
        1.6438813486468946,
        1.6438813486468946,
        1.6438813486468946,
        1.6438813486468946,
        1.6438813486468946,
        1.6438813486468946,
        1.6438813486468946,
        1.6438813486468946
    ],
    "timestamp": "2025-03-14_01-16-55"
}