{
    "y_max": 1.6514432699284796,
    "mean_values": [
        0.9717674261729924,
        0.9717674261729924,
        1.1363586325492216,
        1.139119319754975,
        1.2429543943761951,
        1.434599757365538,
        1.434599757365538,
        1.434599757365538,
        1.434599757365538,
        1.434599757365538,
        1.434599757365538,
        1.434599757365538,
        1.434599757365538,
        1.6502408055514797,
        1.6502408055514797,
        1.6502408055514797,
        1.6502408055514797,
        1.6502408055514797,
        1.6502408055514797,
        1.6502408055514797,
        1.6502408055514797,
        1.6502408055514797,
        1.6502408055514797,
        1.6502408055514797,
        1.6502408055514797,
        1.6502408055514797,
        1.6502408055514797,
        1.6502408055514797,
        1.6502408055514797,
        1.6502408055514797,
        1.6502408055514797,
        1.6502408055514797,
        1.6502408055514797,
        1.6502408055514797,
        1.6502408055514797,
        1.6502408055514797,
        1.6502408055514797,
        1.6502408055514797,
        1.6502408055514797,
        1.6502408055514797,
        1.6502408055514797,
        1.6502408055514797,
        1.6502408055514797,
        1.6502408055514797,
        1.6502408055514797,
        1.6502408055514797,
        1.6502408055514797,
        1.6502408055514797,
        1.6502408055514797,
        1.6502408055514797
    ],
    "timestamp": "2025-03-13_23-29-20"
}