{
    "y_max": 1.6514432699284796,
    "mean_values": [
        0.7884023532428661,
        1.015546142039574,
        1.1415399507929451,
        1.1415399507929451,
        1.1478851663300702,
        1.1478851663300702,
        1.2734775660125819,
        1.4417363016263176,
        1.4417363016263176,
        1.4417363016263176,
        1.4417363016263176,
        1.6419860920882452,
        1.6419860920882452,
        1.6419860920882452,
        1.6419860920882452,
        1.6419860920882452,
        1.6419860920882452,
        1.6419860920882452,
        1.6419860920882452,
        1.6419860920882452,
        1.6419860920882452,
        1.6419860920882452,
        1.6419860920882452,
        1.6538703925265774,
        1.6538703925265774,
        1.6538703925265774,
        1.6538703925265774,
        1.6538703925265774,
        1.6538703925265774,
        1.6538703925265774,
        1.6538703925265774,
        1.6538703925265774,
        1.6538703925265774,
        1.6538703925265774,
        1.6538703925265774,
        1.6538703925265774,
        1.6538703925265774,
        1.6538703925265774,
        1.6538703925265774,
        1.6538703925265774,
        1.6538703925265774,
        1.6538703925265774,
        1.6538703925265774,
        1.6538703925265774,
        1.6538703925265774,
        1.6538703925265774,
        1.6538703925265774,
        1.6538703925265774,
        1.6538703925265774,
        1.6538703925265774
    ],
    "timestamp": "2025-03-14_00-31-29"
}