{
    "y_max": 1.6514432699284796,
    "mean_values": [
        0.7887190705240397,
        0.7887190705240397,
        1.0393268630366215,
        1.1373504745281708,
        1.1373504745281708,
        1.149479395289612,
        1.149479395289612,
        1.2882682439935198,
        1.4427744563280005,
        1.4427744563280005,
        1.4427744563280005,
        1.4427744563280005,
        1.4427744563280005,
        1.6283054643992232,
        1.6283054643992232,
        1.6283054643992232,
        1.6283054643992232,
        1.6283054643992232,
        1.6283054643992232,
        1.6283054643992232,
        1.6283054643992232,
        1.6283054643992232,
        1.6283054643992232,
        1.6283054643992232,
        1.6283054643992232,
        1.6283054643992232,
        1.6283054643992232,
        1.6283054643992232,
        1.6283054643992232,
        1.6283054643992232,
        1.6283054643992232,
        1.6514496356026696,
        1.6514496356026696,
        1.6514496356026696,
        1.6514496356026696,
        1.6514496356026696,
        1.6514496356026696,
        1.6514496356026696,
        1.6514496356026696,
        1.6514496356026696,
        1.6514496356026696,
        1.6514496356026696,
        1.6514496356026696,
        1.6514496356026696,
        1.6514496356026696,
        1.6514496356026696,
        1.6514496356026696,
        1.6514496356026696,
        1.6514496356026696,
        1.6514496356026696
    ],
    "timestamp": "2025-03-13_23-31-16"
}