{"y_max": 1.6817229668738742, "mean_values": [0.14515809841135519, 0.14515809841135519, 0.3174163243357088, 0.7297502712692261, 1.2088026352996792, 1.4388975523817622, 1.4388975523817622, 1.4388975523817622, 1.4388975523817622, 1.4388975523817622, 1.4388975523817622, 1.4388975523817622, 1.4388975523817622, 1.4388975523817622, 1.4388975523817622, 1.4388975523817622, 1.4388975523817622, 1.4388975523817622, 1.4388975523817622, 1.4388975523817622, 1.5700884773949035, 1.5700884773949035, 1.5700884773949035, 1.5700884773949035, 1.5700884773949035, 1.5700884773949035, 1.5797237915305764, 1.5797237915305764, 1.5797237915305764, 1.5797237915305764, 1.5797237915305764, 1.5797237915305764, 1.6894982609009446, 1.6894982609009446, 1.6894982609009446, 1.6894982609009446, 1.6894982609009446, 1.6894982609009446, 1.6894982609009446, 1.6894982609009446, 1.6894982609009446, 1.6894982609009446, 1.6894982609009446], "timestamp": "2025-03-13_10-40-58"}