{"y_max": 1.6817229668738742, "mean_values": [0.1274895882070882, 0.27700786108139314, 0.6210304284612729, 0.6210304284612729, 0.9889150596532267, 1.3018604033897483, 1.375385190975519, 1.375385190975519, 1.375385190975519, 1.375385190975519, 1.375385190975519, 1.375385190975519, 1.375385190975519, 1.375385190975519, 1.375385190975519, 1.375385190975519, 1.375385190975519, 1.375385190975519, 1.375385190975519, 1.375385190975519, 1.375385190975519, 1.375385190975519, 1.6457265593338852, 1.6457265593338852, 1.6457265593338852, 1.6457265593338852, 1.6457265593338852, 1.6457265593338852, 1.6457265593338852, 1.6457265593338852, 1.6501147590812242, 1.6501147590812242, 1.6501147590812242, 1.6501147590812242, 1.6501147590812242, 1.6501147590812242, 1.6501147590812242, 1.6501147590812242, 1.6644649106343732, 1.6644649106343732, 1.6644649106343732, 1.6644649106343732], "timestamp": "2025-03-13_11-15-29"}