{"y_max": 1.6817229668738742, "mean_values": [0.15340056857926648, 0.29862290002240305, 0.5981009287614272, 1.0434342141515682, 1.4160937692747386, 1.4160937692747386, 1.4160937692747386, 1.4160937692747386, 1.4160937692747386, 1.4160937692747386, 1.4160937692747386, 1.4160937692747386, 1.4160937692747386, 1.4160937692747386, 1.4160937692747386, 1.4160937692747386, 1.4160937692747386, 1.4160937692747386, 1.4160937692747386, 1.4160937692747386, 1.4160937692747386, 1.6440132567993366, 1.6440132567993366, 1.6440132567993366, 1.6440132567993366, 1.6440132567993366, 1.6809289332066577, 1.6809289332066577, 1.6809289332066577, 1.6809289332066577, 1.6809289332066577, 1.6809289332066577, 1.6809289332066577, 1.6816891642695453, 1.6816891642695453, 1.6816891642695453, 1.6816891642695453, 1.6816891642695453, 1.6816891642695453, 1.6816891642695453, 1.6816891642695453, 1.6816891642695453, 1.6816891642695453, 1.6816891642695453, 1.6816891642695453, 1.6816891642695453], "timestamp": "2025-03-13_08-40-47"}