{"y_max": 1.6817229668738742, "mean_values": [0.15636798221722442, 0.3710675107718905, 0.6842016208031065, 0.9131662818456494, 1.404960091152193, 1.404960091152193, 1.404960091152193, 1.404960091152193, 1.404960091152193, 1.404960091152193, 1.404960091152193, 1.404960091152193, 1.404960091152193, 1.404960091152193, 1.404960091152193, 1.404960091152193, 1.404960091152193, 1.404960091152193, 1.404960091152193, 1.404960091152193, 1.679471366636607, 1.679471366636607, 1.679471366636607, 1.679471366636607, 1.679471366636607, 1.679471366636607, 1.679471366636607, 1.679471366636607, 1.679471366636607, 1.679471366636607, 1.679471366636607, 1.679471366636607, 1.679471366636607, 1.679471366636607, 1.679471366636607, 1.679471366636607, 1.679471366636607, 1.679471366636607, 1.679471366636607, 1.679471366636607, 1.679471366636607, 1.679471366636607, 1.679471366636607, 1.679471366636607, 1.679471366636607, 1.679471366636607, 1.679471366636607, 1.679471366636607, 1.679471366636607, 1.679471366636607], "timestamp": "2025-03-13_09-55-59"}