{"y_max": 1.6817229668738742, "mean_values": [0.18758560281374115, 0.18758560281374115, 0.18758560281374115, 0.39798589709787735, 0.7487978357181455, 0.7487978357181455, 1.3080180128447942, 1.3080180128447942, 1.3080180128447942, 1.3080180128447942, 1.3080180128447942, 1.3080180128447942, 1.3080180128447942, 1.3080180128447942, 1.3080180128447942, 1.3080180128447942, 1.6193486898660183, 1.6193486898660183, 1.6193486898660183, 1.6193486898660183, 1.6193486898660183, 1.6193486898660183, 1.6193486898660183, 1.6193486898660183, 1.6193486898660183, 1.6193486898660183, 1.6193486898660183, 1.6193486898660183, 1.6504328784901605, 1.6504328784901605, 1.6547297640907896, 1.6547297640907896, 1.6547297640907896, 1.6547297640907896, 1.6547297640907896, 1.6547297640907896, 1.6547297640907896, 1.7134355393406007, 1.7134355393406007, 1.7134355393406007, 1.7134355393406007, 1.7134355393406007, 1.7134355393406007, 1.7134355393406007, 1.7134355393406007, 1.7134355393406007, 1.7134355393406007, 1.7134355393406007, 1.7134355393406007, 1.7134355393406007], "timestamp": "2025-03-13_10-59-57"}