{"y_max": 1.6817229668738742, "mean_values": [0.22808402766912875, 0.4007248060981441, 0.7974692173901811, 0.7974692173901811, 1.3411337873398759, 1.3411337873398759, 1.3411337873398759, 1.3411337873398759, 1.3411337873398759, 1.3411337873398759, 1.3411337873398759, 1.3411337873398759, 1.3411337873398759, 1.3411337873398759, 1.3411337873398759, 1.3411337873398759, 1.3411337873398759, 1.3411337873398759, 1.3411337873398759, 1.3411337873398759, 1.5817360352326417, 1.5817360352326417, 1.5817360352326417, 1.5817360352326417, 1.5817360352326417, 1.6305462190557622, 1.6305462190557622, 1.6305462190557622, 1.6305462190557622, 1.6305462190557622, 1.6305462190557622, 1.6566447268239823, 1.6566447268239823, 1.6566447268239823, 1.6566447268239823], "timestamp": "2025-03-13_10-27-35"}