{"y_max": 1.6817229668738742, "mean_values": [0.205874348101032, 0.205874348101032, 0.4578242983205928, 0.9125705699987766, 1.239799122756365, 1.4029812554502763, 1.4029812554502763, 1.4029812554502763, 1.4029812554502763, 1.4029812554502763, 1.4029812554502763, 1.4029812554502763, 1.4029812554502763, 1.4029812554502763, 1.4029812554502763, 1.4029812554502763, 1.4029812554502763, 1.4029812554502763, 1.5396313083879687, 1.5396313083879687, 1.5396313083879687, 1.5396313083879687, 1.5396313083879687, 1.5396313083879687, 1.5396313083879687, 1.5396313083879687, 1.5396313083879687, 1.5396313083879687, 1.5396313083879687, 1.7432398030820686, 1.7432398030820686, 1.7432398030820686, 1.7432398030820686, 1.7432398030820686, 1.7432398030820686, 1.7432398030820686, 1.7432398030820686, 1.7432398030820686, 1.7432398030820686, 1.7432398030820686, 1.7432398030820686, 1.7432398030820686, 1.7432398030820686, 1.7432398030820686, 1.7432398030820686, 1.7432398030820686, 1.7432398030820686, 1.7432398030820686], "timestamp": "2025-03-13_10-46-03"}