{"y_max": 1.6817229668738742, "mean_values": [0.23078707617115718, 0.39766637679630756, 0.7293365620872508, 1.3274495327472289, 1.4802743923568293, 1.4802743923568293, 1.4802743923568293, 1.4802743923568293, 1.4802743923568293, 1.4802743923568293, 1.4802743923568293, 1.4802743923568293, 1.4802743923568293, 1.4802743923568293, 1.4802743923568293, 1.4802743923568293, 1.4802743923568293, 1.4802743923568293, 1.4802743923568293, 1.4802743923568293, 1.6192468405066394, 1.6192468405066394, 1.6192468405066394, 1.6192468405066394, 1.6192468405066394, 1.6192468405066394, 1.6859679657465145, 1.6859679657465145, 1.6859679657465145, 1.6859679657465145, 1.6859679657465145, 1.6859679657465145, 1.6859679657465145, 1.6859679657465145, 1.6859679657465145, 1.6859679657465145, 1.6859679657465145, 1.6859679657465145, 1.6859679657465145, 1.6859679657465145, 1.6859679657465145, 1.6859679657465145, 1.6859679657465145, 1.6859679657465145, 1.6859679657465145, 1.6859679657465145, 1.6859679657465145, 1.6859679657465145, 1.6859679657465145, 1.6859679657465145], "timestamp": "2025-03-13_12-28-25"}