{"y_max": 1.6817229668738742, "mean_values": [0.15042968538321402, 0.30930205428826224, 0.5975525552110704, 1.0173697551174652, 1.0173697551174652, 1.4421290092834906, 1.4421290092834906, 1.4421290092834906, 1.4421290092834906, 1.4421290092834906, 1.4421290092834906, 1.4421290092834906, 1.4421290092834906, 1.4421290092834906, 1.4421290092834906, 1.4421290092834906, 1.4421290092834906, 1.6851226430564272, 1.6851226430564272, 1.6851226430564272, 1.6851226430564272, 1.6851226430564272, 1.6851226430564272, 1.6851226430564272, 1.6851226430564272, 1.6851226430564272, 1.6851226430564272, 1.6851226430564272, 1.6851226430564272, 1.6851226430564272, 1.6851226430564272, 1.6851226430564272, 1.6851226430564272, 1.6851226430564272, 1.6851226430564272, 1.6851226430564272, 1.6851226430564272, 1.6851226430564272, 1.6851226430564272, 1.6851226430564272, 1.6851226430564272], "timestamp": "2025-03-13_09-35-26"}