{"y_max": 1.6817229668738742, "mean_values": [0.1864684952819981, 0.30029458229485906, 0.5660708505883933, 0.5660708505883933, 1.099860775226395, 1.407437264919432, 1.407437264919432, 1.407437264919432, 1.407437264919432, 1.407437264919432, 1.407437264919432, 1.407437264919432, 1.407437264919432, 1.407437264919432, 1.407437264919432, 1.407437264919432, 1.407437264919432, 1.407437264919432, 1.407437264919432, 1.407437264919432, 1.407437264919432, 1.6605073822550278, 1.6605073822550278, 1.6605073822550278, 1.6605073822550278, 1.6605073822550278, 1.6605073822550278, 1.6605073822550278, 1.6605073822550278, 1.6605073822550278, 1.6605073822550278, 1.6605073822550278, 1.6605073822550278, 1.6605073822550278, 1.6605073822550278, 1.6605073822550278, 1.6605073822550278, 1.6605073822550278, 1.6839895148719881, 1.6839895148719881, 1.6839895148719881], "timestamp": "2025-03-13_09-24-22"}