{"y_max": 1.6817229668738742, "mean_values": [0.15362733383892782, 0.15362733383892782, 0.4035630483103175, 0.7470745588184751, 1.2201252910699372, 1.2201252910699372, 1.2201252910699372, 1.368426567323129, 1.368426567323129, 1.368426567323129, 1.368426567323129, 1.368426567323129, 1.368426567323129, 1.368426567323129, 1.368426567323129, 1.368426567323129, 1.6561209797507737, 1.6561209797507737, 1.6561209797507737, 1.6561209797507737, 1.6561209797507737, 1.6561209797507737, 1.6561209797507737, 1.6926320849074619, 1.6926320849074619, 1.6926320849074619, 1.6926320849074619, 1.6926320849074619, 1.6926320849074619, 1.6926320849074619, 1.6926320849074619, 1.6926320849074619, 1.6926320849074619, 1.6926320849074619, 1.6926320849074619, 1.6926320849074619, 1.6926320849074619, 1.6926320849074619, 1.6926320849074619, 1.6926320849074619, 1.7101915603213618, 1.7101915603213618, 1.7101915603213618, 1.7101915603213618, 1.7101915603213618, 1.7101915603213618], "timestamp": "2025-03-13_12-31-07"}