{"y_max": 1.6817229668738742, "mean_values": [0.17164888994193966, 0.31823952712370407, 0.5802572782114788, 1.111304662825001, 1.3968414854096212, 1.3968414854096212, 1.3968414854096212, 1.3968414854096212, 1.3968414854096212, 1.3968414854096212, 1.3968414854096212, 1.3968414854096212, 1.3968414854096212, 1.3968414854096212, 1.3968414854096212, 1.3968414854096212, 1.3968414854096212, 1.3968414854096212, 1.3968414854096212, 1.4081525490591311, 1.652738774122798, 1.652738774122798, 1.652738774122798, 1.652738774122798, 1.652738774122798, 1.652738774122798, 1.652738774122798, 1.6864681145517533, 1.6864681145517533, 1.6864681145517533, 1.6864681145517533, 1.6864681145517533, 1.6864681145517533, 1.6864681145517533, 1.6864681145517533, 1.6864681145517533, 1.6864681145517533, 1.6864681145517533, 1.7035532565820506, 1.7035532565820506, 1.7035532565820506, 1.7035532565820506, 1.7035532565820506, 1.7035532565820506, 1.7035532565820506, 1.7035532565820506, 1.7035532565820506, 1.7035532565820506, 1.7035532565820506, 1.7035532565820506], "timestamp": "2025-03-13_10-04-23"}