{"y_max": 1.6817229668738742, "mean_values": [0.1296573625763632, 0.2933557785419495, 0.5260804420491527, 1.0141342480227309, 1.0141342480227309, 1.4707668736819979, 1.4707668736819979, 1.4707668736819979, 1.4707668736819979, 1.4707668736819979, 1.4707668736819979, 1.4707668736819979, 1.4707668736819979, 1.4707668736819979, 1.4707668736819979, 1.4707668736819979, 1.4707668736819979, 1.4707668736819979, 1.6336143568866002, 1.6336143568866002, 1.6336143568866002, 1.6336143568866002, 1.6336143568866002, 1.6336143568866002, 1.6336143568866002, 1.6336143568866002, 1.6661596584039087, 1.6661596584039087, 1.6661596584039087, 1.6661596584039087, 1.6661596584039087, 1.6661596584039087, 1.6661596584039087, 1.6661596584039087, 1.6661596584039087, 1.6661596584039087, 1.6661596584039087, 1.6661596584039087, 1.6661596584039087, 1.6661596584039087, 1.6661596584039087, 1.6661596584039087, 1.6661596584039087, 1.6661596584039087, 1.6661596584039087, 1.6661596584039087, 1.6661596584039087, 1.6661596584039087, 1.6674236774506326, 1.738885156869811], "timestamp": "2025-03-13_10-20-17"}