{"y_max": 1.6817229668738742, "mean_values": [0.25956494129446095, 0.35245187333952693, 0.6598379414144783, 1.2066624194068225, 1.3690247537164286, 1.3690247537164286, 1.3690247537164286, 1.3690247537164286, 1.3690247537164286, 1.3690247537164286, 1.3690247537164286, 1.3690247537164286, 1.3690247537164286, 1.3690247537164286, 1.3690247537164286, 1.3690247537164286, 1.3690247537164286, 1.3690247537164286, 1.5030381865216538, 1.5030381865216538, 1.5030381865216538, 1.5030381865216538, 1.5030381865216538, 1.5030381865216538, 1.5030381865216538, 1.5030381865216538, 1.5030381865216538, 1.5030381865216538, 1.5030381865216538, 1.703756154070353, 1.703756154070353, 1.7326846200646677, 1.7326846200646677, 1.7326846200646677, 1.7326846200646677, 1.7326846200646677, 1.7326846200646677, 1.7326846200646677, 1.7326846200646677, 1.7326846200646677, 1.7326846200646677, 1.7326846200646677, 1.7326846200646677, 1.7326846200646677, 1.7326846200646677], "timestamp": "2025-03-13_13-13-16"}