{"y_max": 1.6817229668738742, "mean_values": [0.22811844222670316, 0.44664745789892274, 0.7883977236276494, 0.7883977236276494, 1.3304075643718156, 1.3664979398569292, 1.3664979398569292, 1.3664979398569292, 1.3664979398569292, 1.3664979398569292, 1.3664979398569292, 1.3664979398569292, 1.3664979398569292, 1.3664979398569292, 1.3664979398569292, 1.3664979398569292, 1.3664979398569292, 1.3664979398569292, 1.3664979398569292, 1.3664979398569292, 1.6160013900639298, 1.6160013900639298, 1.6160013900639298, 1.6160013900639298, 1.6160013900639298, 1.6582994235261004, 1.6582994235261004, 1.6582994235261004, 1.6582994235261004, 1.6582994235261004, 1.6582994235261004, 1.6582994235261004, 1.6582994235261004, 1.6582994235261004, 1.6582994235261004, 1.6582994235261004, 1.6582994235261004, 1.6582994235261004, 1.6582994235261004, 1.6582994235261004, 1.6582994235261004, 1.6582994235261004, 1.6582994235261004, 1.6654674044996292, 1.6654674044996292, 1.6654674044996292, 1.6654674044996292, 1.6654674044996292, 1.6654674044996292, 1.6654674044996292], "timestamp": "2025-03-13_08-37-59"}