{"y_max": 1.6817229668738742, "mean_values": [0.1835034239184266, 0.1835034239184266, 0.32666255888526674, 0.7574010888035494, 1.2703904816881237, 1.3723665122600646, 1.3723665122600646, 1.3723665122600646, 1.3723665122600646, 1.3723665122600646, 1.3723665122600646, 1.3723665122600646, 1.3723665122600646, 1.3723665122600646, 1.3723665122600646, 1.3723665122600646, 1.3723665122600646, 1.3723665122600646, 1.6079214235390074, 1.6079214235390074, 1.6079214235390074, 1.6079214235390074, 1.6079214235390074, 1.6079214235390074, 1.6079214235390074, 1.6079214235390074, 1.6788857284723842, 1.6788857284723842, 1.6788857284723842, 1.7001314474260334, 1.7001314474260334, 1.7001314474260334, 1.7001314474260334, 1.7001314474260334, 1.7001314474260334, 1.7001314474260334, 1.7001314474260334, 1.7001314474260334, 1.7001314474260334, 1.7001314474260334], "timestamp": "2025-03-13_11-44-13"}