{"y_max": 1.6817229668738742, "mean_values": [0.10141111521667992, 0.22842836552838983, 0.442736000901453, 0.442736000901453, 0.9270649953579988, 0.9270649953579988, 1.2642409092051505, 1.4074296173568475, 1.4074296173568475, 1.4074296173568475, 1.4074296173568475, 1.4074296173568475, 1.4074296173568475, 1.4074296173568475, 1.4074296173568475, 1.4074296173568475, 1.4074296173568475, 1.4074296173568475, 1.4074296173568475, 1.4074296173568475, 1.4074296173568475, 1.6560277047918412, 1.6560277047918412, 1.6560277047918412, 1.6560277047918412, 1.6560277047918412, 1.6754922937920744, 1.6754922937920744, 1.6754922937920744, 1.6754922937920744, 1.6754922937920744, 1.6754922937920744, 1.6754922937920744, 1.6754922937920744, 1.6754922937920744, 1.6754922937920744, 1.6754922937920744, 1.6754922937920744, 1.6754922937920744, 1.6754922937920744, 1.6754922937920744, 1.6754922937920744, 1.6754922937920744, 1.6754922937920744, 1.7037581356156433, 1.7037581356156433, 1.7037581356156433, 1.7037581356156433, 1.7037581356156433, 1.7037581356156433], "timestamp": "2025-03-13_10-01-26"}