{"y_max": 1.6817229668738742, "mean_values": [0.19355684528210454, 0.19355684528210454, 0.19355684528210454, 0.19355684528210454, 0.19355684528210454, 0.4386036152765719, 0.9715754910627113, 0.9715754910627113, 0.9715754910627113, 1.43183647461743, 1.43183647461743, 1.43183647461743, 1.43183647461743, 1.43183647461743, 1.4908908813396844, 1.4908908813396844, 1.4908908813396844, 1.4908908813396844, 1.4908908813396844, 1.5820903468689822, 1.5820903468689822, 1.5820903468689822, 1.5820903468689822, 1.5820903468689822, 1.5820903468689822, 1.6747348253980374, 1.6747348253980374, 1.6747348253980374, 1.6747348253980374, 1.6747348253980374, 1.6747348253980374, 1.6747348253980374, 1.6747348253980374, 1.6747348253980374, 1.6747348253980374, 1.6747348253980374, 1.6747348253980374, 1.6747348253980374, 1.6747348253980374, 1.6747348253980374, 1.6747348253980374, 1.6747348253980374, 1.7227171390418885, 1.7227171390418885], "timestamp": "2025-03-13_11-18-01"}