{"y_max": 1.6817229668738742, "mean_values": [0.23292224419297677, 0.23292224419297677, 0.2659457565823785, 0.5612665366701509, 0.5612665366701509, 1.0772514334800067, 1.4819777880917766, 1.4819777880917766, 1.4819777880917766, 1.4819777880917766, 1.4819777880917766, 1.4819777880917766, 1.4819777880917766, 1.4819777880917766, 1.4819777880917766, 1.4819777880917766, 1.4819777880917766, 1.4819777880917766, 1.4819777880917766, 1.4819777880917766, 1.4819777880917766, 1.4819777880917766, 1.637237672791631, 1.637237672791631, 1.637237672791631, 1.637237672791631, 1.637237672791631, 1.6763776187860597, 1.691875244915453, 1.691875244915453, 1.691875244915453, 1.691875244915453, 1.691875244915453, 1.691875244915453, 1.691875244915453, 1.7129777325755133, 1.7129777325755133, 1.7129777325755133, 1.7129777325755133, 1.7129777325755133, 1.7129777325755133, 1.7129777325755133, 1.7129777325755133, 1.7129777325755133, 1.7129777325755133, 1.7129777325755133, 1.7185468207314567, 1.7185468207314567, 1.7185468207314567, 1.7185468207314567], "timestamp": "2025-03-13_12-25-35"}