{"y_max": 1.6817229668738742, "mean_values": [0.11991418604923076, 0.3091989591346454, 0.3091989591346454, 0.3091989591346454, 0.3091989591346454, 0.6703867865071153, 1.168151031571259, 1.168151031571259, 1.168151031571259, 1.4249189900777761, 1.4249189900777761, 1.4249189900777761, 1.4249189900777761, 1.4249189900777761, 1.4249189900777761, 1.4249189900777761, 1.4249189900777761, 1.4249189900777761, 1.7012186664767008, 1.7012186664767008, 1.7012186664767008, 1.7012186664767008, 1.7012186664767008, 1.7012186664767008, 1.7012186664767008, 1.7012186664767008, 1.7012186664767008, 1.7012186664767008, 1.7012186664767008, 1.7012186664767008, 1.7012186664767008, 1.7012186664767008, 1.7012186664767008, 1.7012186664767008, 1.7012186664767008, 1.7012186664767008, 1.7012186664767008, 1.7012186664767008, 1.7012186664767008, 1.7012186664767008, 1.7012186664767008, 1.7012186664767008, 1.7062224135027662, 1.7062224135027662, 1.7062224135027662, 1.7062224135027662, 1.7062224135027662, 1.7062224135027662, 1.7062224135027662, 1.7062224135027662], "timestamp": "2025-03-13_10-09-31"}