{"y_max": 1.6817229668738742, "mean_values": [0.2579960872541386, 0.40078337203662295, 0.7813338790827101, 1.3558169467228052, 1.3598440261419484, 1.3598440261419484, 1.3598440261419484, 1.3598440261419484, 1.3598440261419484, 1.3598440261419484, 1.3598440261419484, 1.3598440261419484, 1.3598440261419484, 1.3598440261419484, 1.3598440261419484, 1.3598440261419484, 1.3598440261419484, 1.3598440261419484, 1.3598440261419484, 1.3598440261419484, 1.6531456367188748, 1.6531456367188748, 1.6531456367188748, 1.6531456367188748, 1.6531456367188748, 1.6531456367188748, 1.6531456367188748, 1.6795705226419537, 1.6795705226419537, 1.6795705226419537, 1.6795705226419537, 1.6795705226419537, 1.6795705226419537, 1.6795705226419537, 1.6795705226419537, 1.6795705226419537, 1.6795705226419537, 1.7102606309868138, 1.7102606309868138, 1.7102606309868138, 1.7102606309868138, 1.7102606309868138, 1.7102606309868138, 1.7102606309868138, 1.7102606309868138, 1.7102606309868138, 1.7102606309868138, 1.7102606309868138], "timestamp": "2025-03-13_11-58-12"}