{"y_max": 1.6817229668738742, "mean_values": [0.18749883975061982, 0.4064042688229542, 0.8398083889901727, 1.272232836138705, 1.4305501327791115, 1.4305501327791115, 1.4305501327791115, 1.4305501327791115, 1.4305501327791115, 1.4305501327791115, 1.4305501327791115, 1.4305501327791115, 1.4305501327791115, 1.4305501327791115, 1.4305501327791115, 1.4305501327791115, 1.4305501327791115, 1.4305501327791115, 1.4305501327791115, 1.4305501327791115, 1.7214812465650844, 1.7214812465650844, 1.7214812465650844, 1.7214812465650844, 1.7214812465650844, 1.7214812465650844, 1.7214812465650844, 1.7214812465650844, 1.7214812465650844, 1.7214812465650844, 1.7214812465650844, 1.7214812465650844, 1.7214812465650844, 1.7214812465650844, 1.7214812465650844, 1.7214812465650844, 1.7214812465650844, 1.7214812465650844, 1.7214812465650844, 1.7214812465650844, 1.7214812465650844, 1.7214812465650844, 1.7214812465650844, 1.7214812465650844, 1.7214812465650844], "timestamp": "2025-03-13_12-59-40"}