{"y_max": 1.6817229668738742, "mean_values": [0.16049618738973917, 0.35502216922799784, 0.35502216922799784, 0.35502216922799784, 0.35502216922799784, 0.35502216922799784, 0.6786180704088148, 0.6786180704088148, 0.6827589943060494, 0.8566188717522298, 1.1317824439506052, 1.225778357023989, 1.599156758887385, 1.599156758887385, 1.599156758887385, 1.599156758887385, 1.599156758887385, 1.599156758887385, 1.599156758887385, 1.599156758887385, 1.599156758887385, 1.599156758887385, 1.599156758887385, 1.6372230230146456, 1.6372230230146456, 1.6372230230146456, 1.6372230230146456, 1.6372230230146456, 1.6372230230146456, 1.6372230230146456, 1.6372230230146456, 1.6372230230146456, 1.7135347203623243, 1.7135347203623243, 1.7135347203623243, 1.7135347203623243, 1.7135347203623243, 1.7135347203623243, 1.7135347203623243, 1.7135347203623243, 1.7135347203623243, 1.7135347203623243, 1.7135347203623243, 1.7135347203623243, 1.7135347203623243, 1.7135347203623243, 1.7135347203623243, 1.7135347203623243, 1.7135347203623243, 1.7135347203623243], "timestamp": "2025-03-13_11-31-21"}