{"y_max": 1.6817229668738742, "mean_values": [0.1665723849049668, 0.1665723849049668, 0.1665723849049668, 0.43538938543631245, 0.8977149092338925, 0.8977149092338925, 0.8977149092338925, 1.373880846699206, 1.373880846699206, 1.373880846699206, 1.373880846699206, 1.373880846699206, 1.373880846699206, 1.373880846699206, 1.373880846699206, 1.373880846699206, 1.373880846699206, 1.373880846699206, 1.373880846699206, 1.373880846699206, 1.5768907716786558, 1.5768907716786558, 1.5768907716786558, 1.5768907716786558, 1.5768907716786558, 1.7321255585074375, 1.7321255585074375, 1.7321255585074375, 1.7321255585074375, 1.7321255585074375, 1.7321255585074375, 1.7321255585074375, 1.7321255585074375, 1.7321255585074375, 1.7321255585074375, 1.7321255585074375, 1.7321255585074375, 1.7321255585074375, 1.7321255585074375], "timestamp": "2025-03-13_10-14-24"}