{"y_max": 1.6817229668738742, "mean_values": [0.1853191238230416, 0.4352316403253362, 0.6327378068114049, 1.0810454019455893, 1.0810454019455893, 1.4209988820002426, 1.4209988820002426, 1.4209988820002426, 1.4209988820002426, 1.4209988820002426, 1.4209988820002426, 1.4209988820002426, 1.4209988820002426, 1.4209988820002426, 1.4209988820002426, 1.4209988820002426, 1.4209988820002426, 1.4209988820002426, 1.588809921724104, 1.588809921724104, 1.588809921724104, 1.588809921724104, 1.588809921724104, 1.588809921724104, 1.588809921724104, 1.588809921724104, 1.666912902085866, 1.666912902085866, 1.666912902085866, 1.666912902085866, 1.666912902085866, 1.666912902085866, 1.666912902085866, 1.666912902085866, 1.666912902085866, 1.666912902085866, 1.666912902085866, 1.666912902085866, 1.666912902085866, 1.666912902085866, 1.666912902085866, 1.666912902085866, 1.666912902085866, 1.6831814688202427, 1.6831814688202427, 1.7176000800815434, 1.7176000800815434, 1.7176000800815434, 1.7176000800815434, 1.7176000800815434], "timestamp": "2025-03-13_13-05-12"}