{"y_max": 1.6817229668738742, "mean_values": [0.19558636398114482, 0.19558636398114482, 0.19558636398114482, 0.19558636398114482, 0.19558636398114482, 0.37701375256079567, 0.37701375256079567, 0.6629878753523359, 0.803658427520921, 0.8077992382785288, 1.01297529327506, 1.4756136070400863, 1.4756136070400863, 1.5537288265166236, 1.5537288265166236, 1.5537288265166236, 1.5537288265166236, 1.5537288265166236, 1.5537288265166236, 1.5537288265166236, 1.5537288265166236, 1.7097908311836225, 1.7097908311836225, 1.7097908311836225, 1.7097908311836225, 1.7097908311836225, 1.7097908311836225, 1.7097908311836225, 1.7097908311836225, 1.7097908311836225, 1.7097908311836225, 1.7097908311836225, 1.7097908311836225, 1.7097908311836225, 1.7097908311836225, 1.7097908311836225, 1.7097908311836225, 1.7097908311836225, 1.7097908311836225, 1.7097908311836225, 1.7097908311836225, 1.7097908311836225, 1.7176453040473632, 1.7176453040473632, 1.7176453040473632, 1.7176453040473632, 1.7176453040473632, 1.7176453040473632, 1.7176453040473632, 1.7176453040473632], "timestamp": "2025-03-13_08-46-37"}