{"y_max": 1.6817229668738742, "mean_values": [0.17891857719522974, 0.34765175461611536, 0.6125407979061156, 0.6125407979061156, 1.1545392859668488, 1.5045719060659426, 1.5045719060659426, 1.5045719060659426, 1.5045719060659426, 1.5045719060659426, 1.5045719060659426, 1.5045719060659426, 1.5045719060659426, 1.5045719060659426, 1.5045719060659426, 1.5045719060659426, 1.5045719060659426, 1.5045719060659426, 1.5045719060659426, 1.5045719060659426, 1.5045719060659426, 1.7011515714217447, 1.7011515714217447, 1.7011515714217447, 1.7011515714217447, 1.7011515714217447, 1.7011515714217447, 1.7011515714217447, 1.7011515714217447, 1.7011515714217447, 1.7011515714217447, 1.7011515714217447, 1.7011515714217447, 1.7011515714217447, 1.7011515714217447, 1.7011515714217447, 1.7011515714217447, 1.7011515714217447, 1.7011515714217447, 1.7011515714217447, 1.7011515714217447, 1.7011515714217447, 1.7011515714217447, 1.7011515714217447], "timestamp": "2025-03-13_09-40-32"}