{"y_max": 1.6817229668738742, "mean_values": [0.22893766508817884, 0.3430611932382555, 0.6471650793052083, 1.1795896026887647, 1.4227773870112104, 1.4227773870112104, 1.4227773870112104, 1.4227773870112104, 1.4227773870112104, 1.4227773870112104, 1.4227773870112104, 1.4227773870112104, 1.4227773870112104, 1.4227773870112104, 1.4227773870112104, 1.4227773870112104, 1.4227773870112104, 1.4227773870112104, 1.4227773870112104, 1.4227773870112104, 1.6943246208968559, 1.6943246208968559, 1.6943246208968559, 1.6943246208968559, 1.6943246208968559, 1.6943246208968559, 1.6943246208968559, 1.6943246208968559, 1.6943246208968559, 1.6943246208968559, 1.6943246208968559, 1.6943246208968559, 1.6943246208968559, 1.6943246208968559, 1.6943246208968559, 1.6943246208968559, 1.6943246208968559, 1.7425166811140973, 1.7425166811140973, 1.7425166811140973, 1.7425166811140973, 1.7425166811140973, 1.7425166811140973, 1.7425166811140973, 1.7425166811140973, 1.7425166811140973, 1.7425166811140973, 1.7425166811140973], "timestamp": "2025-03-13_11-05-28"}