{"y_max": 1.6817229668738742, "mean_values": [0.22661032636265788, 0.3211811762630648, 0.3211811762630648, 0.7407194901605275, 1.3029090405398165, 1.3895220808611928, 1.3895220808611928, 1.3895220808611928, 1.3895220808611928, 1.3895220808611928, 1.3895220808611928, 1.3895220808611928, 1.3895220808611928, 1.3895220808611928, 1.3895220808611928, 1.3895220808611928, 1.3895220808611928, 1.60063359330405, 1.60063359330405, 1.60063359330405, 1.60063359330405, 1.60063359330405, 1.60063359330405, 1.60063359330405, 1.60063359330405, 1.60063359330405, 1.6788532185551557, 1.6788532185551557, 1.6788532185551557, 1.6788532185551557, 1.6788532185551557, 1.6788532185551557, 1.6788532185551557, 1.6788532185551557, 1.6788532185551557, 1.6788532185551557, 1.6788532185551557, 1.7177023812236552, 1.7177023812236552, 1.735702033354252, 1.735702033354252, 1.735702033354252, 1.735702033354252], "timestamp": "2025-03-13_09-16-35"}