{"y_max": 1.6817229668738742, "mean_values": [0.15108763456889213, 0.15108763456889213, 0.35202673482219216, 0.7498459769975219, 1.2123045101430654, 1.3875335321302351, 1.3875335321302351, 1.3875335321302351, 1.3875335321302351, 1.3875335321302351, 1.3875335321302351, 1.3875335321302351, 1.3875335321302351, 1.3875335321302351, 1.3875335321302351, 1.3875335321302351, 1.3875335321302351, 1.3875335321302351, 1.672923269130106, 1.672923269130106, 1.672923269130106, 1.672923269130106, 1.672923269130106, 1.672923269130106, 1.672923269130106, 1.672923269130106, 1.672923269130106, 1.672923269130106, 1.672923269130106, 1.672923269130106, 1.672923269130106, 1.672923269130106, 1.672923269130106, 1.672923269130106, 1.672923269130106, 1.672923269130106, 1.672923269130106, 1.672923269130106, 1.672923269130106, 1.672923269130106, 1.672923269130106, 1.672923269130106, 1.672923269130106, 1.7192731736231321, 1.7192731736231321, 1.7192731736231321, 1.7192731736231321, 1.7192731736231321, 1.7192731736231321, 1.7192731736231321], "timestamp": "2025-03-13_10-35-38"}