{"y_max": 1.6817229668738742, "mean_values": [0.17586235361427205, 0.3345176640840957, 0.6033699338933148, 1.1253328507271865, 1.1253328507271865, 1.1253328507271865, 1.4315300797864223, 1.4315300797864223, 1.4315300797864223, 1.4315300797864223, 1.4315300797864223, 1.4315300797864223, 1.4315300797864223, 1.4315300797864223, 1.4315300797864223, 1.4315300797864223, 1.4315300797864223, 1.4315300797864223, 1.4315300797864223, 1.6857066940201242, 1.6857066940201242, 1.6857066940201242, 1.6857066940201242, 1.6857066940201242, 1.6857066940201242, 1.6857066940201242, 1.6857066940201242, 1.6857066940201242, 1.6857066940201242, 1.6857066940201242, 1.6857066940201242, 1.6857066940201242, 1.6857066940201242, 1.6857066940201242, 1.6857066940201242, 1.6857066940201242, 1.6857066940201242, 1.6857066940201242, 1.6857066940201242, 1.6857066940201242, 1.6857066940201242, 1.6857066940201242, 1.6857066940201242, 1.6857066940201242, 1.6857066940201242, 1.6857066940201242, 1.6857066940201242, 1.6857066940201242, 1.6857066940201242, 1.6857066940201242], "timestamp": "2025-03-13_12-54-09"}