{"y_max": 1.6817229668738742, "mean_values": [0.19398838311452538, 0.362120201901157, 0.362120201901157, 0.7778873437047406, 0.7778873437047406, 1.2475043178983314, 1.3924947305176258, 1.3924947305176258, 1.3924947305176258, 1.3924947305176258, 1.3924947305176258, 1.3924947305176258, 1.3924947305176258, 1.3924947305176258, 1.3924947305176258, 1.3924947305176258, 1.3924947305176258, 1.3924947305176258, 1.3924947305176258, 1.3924947305176258, 1.6025899077513066, 1.6025899077513066, 1.6025899077513066, 1.6025899077513066, 1.6025899077513066, 1.690182538207049, 1.690182538207049, 1.690182538207049, 1.690182538207049, 1.690182538207049, 1.690182538207049, 1.690182538207049, 1.690182538207049, 1.690182538207049, 1.690182538207049, 1.690182538207049, 1.690182538207049, 1.690182538207049, 1.690182538207049, 1.690182538207049, 1.690182538207049, 1.690182538207049, 1.690182538207049, 1.690182538207049, 1.690182538207049, 1.690182538207049, 1.690182538207049, 1.690182538207049, 1.690182538207049, 1.690182538207049], "timestamp": "2025-03-13_12-08-58"}