{"y_max": 1.6817229668738742, "mean_values": [0.16438523887413573, 0.28588579421373833, 0.5416195058240253, 1.1272267806574758, 1.1272267806574758, 1.4516121547589396, 1.4516121547589396, 1.4516121547589396, 1.4516121547589396, 1.4516121547589396, 1.4516121547589396, 1.4516121547589396, 1.4516121547589396, 1.4516121547589396, 1.4516121547589396, 1.4516121547589396, 1.4516121547589396, 1.4516121547589396, 1.6444827421555468, 1.6444827421555468, 1.6444827421555468, 1.6444827421555468, 1.6444827421555468, 1.6444827421555468, 1.6444827421555468, 1.6444827421555468, 1.6444827421555468, 1.6444827421555468, 1.6444827421555468, 1.6444827421555468, 1.6444827421555468, 1.6444827421555468, 1.6444827421555468, 1.6444827421555468, 1.6444827421555468, 1.6444827421555468, 1.7090956477749497, 1.7090956477749497, 1.7090956477749497, 1.7090956477749497, 1.7090956477749497, 1.7090956477749497, 1.7090956477749497, 1.7090956477749497, 1.7090956477749497, 1.7090956477749497, 1.7090956477749497, 1.7090956477749497, 1.7090956477749497, 1.7090956477749497], "timestamp": "2025-03-13_11-36-51"}