{"y_max": 1.6817229668738742, "mean_values": [0.1640296629669284, 0.3222084264190094, 0.3222084264190094, 0.3222084264190094, 0.7539138647733014, 1.0967029813614046, 1.0967029813614046, 1.4302988974687902, 1.4302988974687902, 1.4302988974687902, 1.4302988974687902, 1.4302988974687902, 1.4302988974687902, 1.4302988974687902, 1.4302988974687902, 1.6904038841992906, 1.6904038841992906, 1.6904038841992906, 1.6904038841992906, 1.6904038841992906, 1.6904038841992906, 1.6904038841992906, 1.6904038841992906, 1.6904038841992906, 1.6904038841992906, 1.6904038841992906, 1.6904038841992906, 1.6904038841992906, 1.6904038841992906, 1.6904038841992906, 1.6904038841992906, 1.6904038841992906, 1.6904038841992906, 1.7204126818509764, 1.7204126818509764, 1.7204126818509764, 1.7204126818509764, 1.7204126818509764, 1.7204126818509764, 1.7204126818509764, 1.7204126818509764, 1.7204126818509764, 1.7204126818509764, 1.7204126818509764, 1.7204126818509764, 1.7204126818509764, 1.7204126818509764, 1.7204126818509764, 1.7204126818509764], "timestamp": "2025-03-13_10-51-20"}