{"y_max": 1.6817229668738742, "mean_values": [0.13984210210653478, 0.3635891087161213, 0.6594387311109534, 0.6594387311109534, 0.6594387311109534, 0.6594387311109534, 1.1566825626173205, 1.36063342698538, 1.36063342698538, 1.36063342698538, 1.36063342698538, 1.36063342698538, 1.36063342698538, 1.36063342698538, 1.36063342698538, 1.36063342698538, 1.36063342698538, 1.36063342698538, 1.36063342698538, 1.6359924909975887, 1.6359924909975887, 1.6359924909975887, 1.6359924909975887, 1.6359924909975887, 1.6359924909975887, 1.6359924909975887, 1.6359924909975887, 1.677515459564702, 1.677515459564702, 1.677515459564702, 1.677515459564702, 1.677515459564702, 1.677515459564702, 1.677515459564702, 1.677515459564702, 1.677515459564702, 1.677515459564702, 1.677515459564702, 1.677515459564702, 1.677515459564702, 1.677515459564702, 1.677515459564702, 1.677515459564702], "timestamp": "2025-03-13_09-58-32"}