{"y_max": 1.6817229668738742, "mean_values": [0.16354807915331968, 0.2964473352066807, 0.601549455351866, 1.1884660493274999, 1.4282971787023568, 1.4282971787023568, 1.4282971787023568, 1.4282971787023568, 1.4282971787023568, 1.4282971787023568, 1.4282971787023568, 1.4282971787023568, 1.4282971787023568, 1.4282971787023568, 1.4282971787023568, 1.4282971787023568, 1.4282971787023568, 1.4282971787023568, 1.4282971787023568, 1.4499787862300204, 1.659342929941704, 1.659342929941704, 1.659342929941704, 1.659342929941704, 1.659342929941704, 1.659342929941704, 1.659342929941704, 1.659342929941704, 1.659342929941704, 1.659342929941704, 1.659342929941704, 1.659342929941704, 1.659342929941704, 1.659342929941704, 1.659342929941704, 1.700200668420982, 1.700200668420982, 1.700200668420982, 1.700200668420982, 1.7148333805787463, 1.7148333805787463, 1.7148333805787463, 1.7148333805787463, 1.7148333805787463, 1.7148333805787463], "timestamp": "2025-03-13_11-25-52"}