{"y_max": 1.6817229668738742, "mean_values": [0.11211521896932808, 0.27581171686201567, 0.5395012142748984, 1.0674938110376977, 1.0674938110376977, 1.4312203986484677, 1.4312203986484677, 1.4312203986484677, 1.4312203986484677, 1.4312203986484677, 1.4312203986484677, 1.4312203986484677, 1.4312203986484677, 1.4312203986484677, 1.4312203986484677, 1.4312203986484677, 1.4312203986484677, 1.4312203986484677, 1.4312203986484677, 1.4312203986484677, 1.4312203986484677, 1.6538061641571231, 1.6538061641571231, 1.6538061641571231, 1.6538061641571231, 1.6538061641571231, 1.6538061641571231, 1.7025732669170524, 1.7025732669170524, 1.7025732669170524, 1.7025732669170524, 1.7025732669170524, 1.7025732669170524, 1.7025732669170524, 1.7025732669170524, 1.7025732669170524, 1.7025732669170524, 1.7025732669170524, 1.7025732669170524, 1.7025732669170524, 1.7025732669170524, 1.7025732669170524, 1.7025732669170524, 1.7025732669170524, 1.7025732669170524, 1.7025732669170524, 1.7025732669170524, 1.7025732669170524, 1.7025732669170524], "timestamp": "2025-03-13_09-08-42"}