{"y_max": 1.6817229668738742, "mean_values": [0.19420737031481336, 0.19420737031481336, 0.19420737031481336, 0.43245335119206707, 0.8987434017176024, 1.3672970481241429, 1.3672970481241429, 1.3672970481241429, 1.3672970481241429, 1.3672970481241429, 1.3672970481241429, 1.3672970481241429, 1.3672970481241429, 1.3672970481241429, 1.3672970481241429, 1.3672970481241429, 1.590918028638962, 1.590918028638962, 1.590918028638962, 1.590918028638962, 1.590918028638962, 1.590918028638962, 1.590918028638962, 1.590918028638962, 1.590918028638962, 1.590918028638962, 1.590918028638962, 1.590918028638962, 1.590918028638962, 1.590918028638962, 1.590918028638962, 1.590918028638962, 1.590918028638962, 1.590918028638962, 1.590918028638962, 1.699422411572502, 1.699422411572502, 1.699422411572502, 1.699422411572502, 1.699422411572502], "timestamp": "2025-03-13_13-07-31"}