{"y_max": 1.6817229668738742, "mean_values": [0.19409509973328462, 0.3651270373682875, 0.7971248378310363, 1.2504785825833404, 1.332132945764394, 1.332132945764394, 1.332132945764394, 1.332132945764394, 1.332132945764394, 1.332132945764394, 1.332132945764394, 1.332132945764394, 1.332132945764394, 1.332132945764394, 1.332132945764394, 1.332132945764394, 1.332132945764394, 1.332132945764394, 1.332132945764394, 1.6672310978868778, 1.6672310978868778, 1.6672310978868778, 1.6672310978868778, 1.6672310978868778, 1.694493118916346, 1.694493118916346, 1.694493118916346, 1.694493118916346, 1.694493118916346, 1.694493118916346, 1.694493118916346, 1.694493118916346, 1.694493118916346, 1.694493118916346, 1.694493118916346, 1.694493118916346, 1.694493118916346, 1.694493118916346, 1.694493118916346, 1.694493118916346, 1.694493118916346, 1.694493118916346, 1.694493118916346, 1.694493118916346, 1.694493118916346, 1.694493118916346, 1.694493118916346, 1.694493118916346, 1.694493118916346, 1.694493118916346], "timestamp": "2025-03-13_08-43-40"}