{"y_max": 1.6817229668738742, "mean_values": [0.16714328670497092, 0.3371364366809761, 0.6821784195531738, 1.2344963965121707, 1.2344963965121707, 1.415722670850491, 1.415722670850491, 1.415722670850491, 1.415722670850491, 1.415722670850491, 1.415722670850491, 1.415722670850491, 1.415722670850491, 1.415722670850491, 1.415722670850491, 1.415722670850491, 1.415722670850491, 1.415722670850491, 1.415722670850491, 1.415722670850491, 1.415722670850491, 1.6765922623211378, 1.6765922623211378, 1.6765922623211378, 1.6765922623211378, 1.6765922623211378, 1.6765922623211378, 1.6765922623211378, 1.6765922623211378, 1.6765922623211378, 1.6765922623211378, 1.6765922623211378, 1.6765922623211378, 1.6765922623211378, 1.6765922623211378, 1.6765922623211378, 1.6765922623211378, 1.6765922623211378, 1.6765922623211378, 1.6765922623211378, 1.6765922623211378, 1.6765922623211378, 1.6765922623211378], "timestamp": "2025-03-13_09-21-58"}