{"y_max": 1.6817229668738742, "mean_values": [0.18900730921220343, 0.23060454175043962, 0.23060454175043962, 0.5204547887390165, 0.6703271848717685, 0.6703271848717685, 1.253371054269301, 1.253371054269301, 1.372938017281151, 1.372938017281151, 1.372938017281151, 1.372938017281151, 1.372938017281151, 1.372938017281151, 1.372938017281151, 1.372938017281151, 1.372938017281151, 1.372938017281151, 1.4532777931761303, 1.6385373515387878, 1.6385373515387878, 1.6385373515387878, 1.6385373515387878, 1.6385373515387878, 1.6385373515387878, 1.6385373515387878, 1.6385373515387878, 1.6385373515387878, 1.6385373515387878, 1.6385373515387878, 1.6385373515387878, 1.682710693600192, 1.682710693600192, 1.682710693600192, 1.682710693600192, 1.682710693600192, 1.682710693600192, 1.682710693600192, 1.682710693600192, 1.682710693600192, 1.682710693600192, 1.7227803231628016, 1.7227803231628016, 1.7227803231628016, 1.7227803231628016, 1.7227803231628016, 1.7227803231628016, 1.7227803231628016, 1.7227803231628016, 1.7227803231628016], "timestamp": "2025-03-13_10-17-24"}