{"y_max": 1.6817229668738742, "mean_values": [0.19516107223287962, 0.19516107223287962, 0.4496349157371274, 0.9076232243405724, 0.9076232243405724, 0.9076232243405724, 0.9076232243405724, 1.3783383111985505, 1.3783383111985505, 1.3783383111985505, 1.3783383111985505, 1.3783383111985505, 1.3783383111985505, 1.3783383111985505, 1.3783383111985505, 1.3783383111985505, 1.3783383111985505, 1.3783383111985505, 1.4004439625008753, 1.4004439625008753, 1.4004439625008753, 1.6746222598679967, 1.6746222598679967, 1.6746222598679967, 1.6746222598679967, 1.6746222598679967, 1.6746222598679967, 1.6746222598679967, 1.6746222598679967, 1.6746222598679967, 1.6746222598679967, 1.6746222598679967, 1.6746222598679967, 1.6746222598679967, 1.6746222598679967, 1.6746222598679967, 1.6746222598679967, 1.6746222598679967, 1.6746222598679967], "timestamp": "2025-03-13_10-06-40"}