{"y_max": 1.6817229668738742, "mean_values": [0.111952741306754, 0.30045789123311245, 0.6068351709789656, 1.0532652326174365, 1.0532652326174365, 1.4333486875060433, 1.4333486875060433, 1.4333486875060433, 1.4333486875060433, 1.4333486875060433, 1.4333486875060433, 1.4333486875060433, 1.4333486875060433, 1.4333486875060433, 1.4333486875060433, 1.4333486875060433, 1.4333486875060433, 1.4333486875060433, 1.4333486875060433, 1.705223897724356, 1.705223897724356, 1.705223897724356, 1.705223897724356, 1.705223897724356, 1.705223897724356, 1.705223897724356, 1.705223897724356, 1.705223897724356, 1.705223897724356, 1.705223897724356, 1.705223897724356, 1.705223897724356, 1.705223897724356, 1.705223897724356, 1.705223897724356, 1.705223897724356, 1.705223897724356, 1.705223897724356, 1.705223897724356, 1.705223897724356, 1.705223897724356, 1.705223897724356, 1.705223897724356, 1.705223897724356, 1.705223897724356, 1.705223897724356, 1.705223897724356, 1.705223897724356, 1.705223897724356, 1.705223897724356], "timestamp": "2025-03-13_12-14-25"}