{"y_max": 1.6817229668738742, "mean_values": [0.21470297023532664, 0.21470297023532664, 0.39968977525067473, 0.39968977525067473, 0.8854674608212194, 0.8854674608212194, 1.4270722675322511, 1.4270722675322511, 1.4270722675322511, 1.4270722675322511, 1.4270722675322511, 1.4270722675322511, 1.4270722675322511, 1.4270722675322511, 1.4270722675322511, 1.4270722675322511, 1.4270722675322511, 1.4270722675322511, 1.4270722675322511, 1.4270722675322511, 1.500081985750603, 1.6282984681615342, 1.6282984681615342, 1.6282984681615342, 1.6282984681615342, 1.6282984681615342, 1.6282984681615342, 1.6282984681615342, 1.6282984681615342, 1.6282984681615342, 1.6282984681615342, 1.6282984681615342, 1.6705806705906696, 1.6705806705906696, 1.6705806705906696, 1.68854472585346, 1.68854472585346, 1.68854472585346, 1.68854472585346, 1.68854472585346, 1.68854472585346, 1.68854472585346, 1.68854472585346, 1.68854472585346, 1.6923336458048175, 1.6923336458048175, 1.6923336458048175], "timestamp": "2025-03-13_12-38-56"}