{"y_max": 1.6817229668738742, "mean_values": [0.13894236721964756, 0.2560349144918518, 0.5827276800020537, 0.5827276800020537, 0.5827276800020537, 0.5827276800020537, 0.5827276800020537, 1.203498025435737, 1.3993511681986197, 1.3993511681986197, 1.3993511681986197, 1.3993511681986197, 1.3993511681986197, 1.7031787030329766, 1.7031787030329766, 1.7031787030329766, 1.7031787030329766, 1.7031787030329766, 1.7031787030329766, 1.7031787030329766, 1.7031787030329766, 1.7031787030329766, 1.7031787030329766, 1.7031787030329766, 1.7031787030329766, 1.7031787030329766, 1.7031787030329766, 1.7031787030329766, 1.7031787030329766, 1.7031787030329766, 1.7031787030329766, 1.7031787030329766, 1.7031787030329766, 1.7031787030329766, 1.7031787030329766, 1.7031787030329766, 1.7031787030329766, 1.7031787030329766, 1.7031787030329766, 1.7031787030329766, 1.7031787030329766, 1.7031787030329766, 1.7031787030329766, 1.7180873824773168, 1.7180873824773168, 1.7180873824773168, 1.7180873824773168, 1.7180873824773168, 1.7180873824773168, 1.7180873824773168], "timestamp": "2025-03-13_10-57-10"}