{"y_max": 1.6817229668738742, "mean_values": [0.13144061016429107, 0.247070371392379, 0.581166089005843, 0.581166089005843, 0.581166089005843, 0.581166089005843, 0.853439923421442, 1.4221070874327837, 1.4221070874327837, 1.4221070874327837, 1.4221070874327837, 1.4221070874327837, 1.4221070874327837, 1.4221070874327837, 1.4221070874327837, 1.4221070874327837, 1.4221070874327837, 1.4221070874327837, 1.4221070874327837, 1.4221070874327837, 1.4221070874327837, 1.6313776232581612, 1.6313776232581612, 1.6313776232581612, 1.6313776232581612, 1.6313776232581612, 1.6313776232581612, 1.6313776232581612, 1.6741561630068134, 1.6741561630068134, 1.6741561630068134, 1.6741561630068134, 1.6741561630068134, 1.6741561630068134, 1.7079483684107015, 1.7079483684107015, 1.7079483684107015, 1.7079483684107015, 1.7079483684107015, 1.7079483684107015, 1.7079483684107015, 1.7109624976793547, 1.7109624976793547, 1.7368532407108535, 1.7368532407108535], "timestamp": "2025-03-13_12-03-19"}