{"y_max": 1.6514432699284796, "mean_values": [0.7671054074494648, 1.0109572262218876, 1.1407917522139404, 1.144957739872093, 1.264185659185692, 1.439681877108743, 1.439681877108743, 1.439681877108743, 1.439681877108743, 1.439681877108743, 1.439681877108743, 1.439681877108743, 1.6353622403291874, 1.6353622403291874, 1.6353622403291874, 1.6353622403291874, 1.6375651300787468, 1.6375651300787468, 1.6527297306442514, 1.6527297306442514, 1.6527297306442514, 1.6527297306442514, 1.6527297306442514, 1.6527297306442514, 1.6527297306442514, 1.6527297306442514, 1.6538097045130675, 1.6538097045130675, 1.6538097045130675, 1.6538097045130675], "timestamp": "2025-03-15_17-09-12"}