{"y_max": 1.6514432699284796, "mean_values": [0.802805820144522, 1.019619864308523, 1.1390698119953426, 1.1456327173004364, 1.2652053906480634, 1.4417709486382846, 1.4417709486382846, 1.4417709486382846, 1.4417709486382846, 1.4417709486382846, 1.4417709486382846, 1.4417709486382846, 1.4417709486382846, 1.623568112956033, 1.623568112956033, 1.623568112956033, 1.623568112956033, 1.6426025881121278, 1.652054088119141, 1.652054088119141, 1.6536479212060196, 1.6536479212060196, 1.6536479212060196, 1.6536479212060196, 1.6536479212060196, 1.6536479212060196, 1.6536479212060196, 1.6536479212060196, 1.6536479212060196, 1.6536479212060196], "timestamp": "2025-03-15_17-20-58"}