{"y_max": 1.6514432699284796, "mean_values": [0.7788664996754999, 1.0102898484338354, 1.1396349045755167, 1.1471862484529107, 1.2649529044273302, 1.4421489371585394, 1.4421489371585394, 1.4421489371585394, 1.4421489371585394, 1.4421489371585394, 1.4421489371585394, 1.4421489371585394, 1.6364341663376256, 1.6364341663376256, 1.6364341663376256, 1.6364341663376256, 1.6364341663376256, 1.6364341663376256, 1.6522132752694632, 1.6526899957997785, 1.6526899957997785, 1.6526899957997785, 1.6526899957997785, 1.6526899957997785, 1.6526899957997785, 1.6526899957997785, 1.6526899957997785, 1.6526899957997785, 1.6526899957997785, 1.6526899957997785], "timestamp": "2025-03-14_02-09-19"}