{"y_max": 1.6514432699284796, "mean_values": [0.7812853913912705, 1.0102355411119939, 1.1403673001821404, 1.143085070558434, 1.2586148085325723, 1.440720967097773, 1.440720967097773, 1.440720967097773, 1.440720967097773, 1.440720967097773, 1.440720967097773, 1.440720967097773, 1.6344847289539843, 1.6344847289539843, 1.6344847289539843, 1.6344847289539843, 1.6367969069322046, 1.6367969069322046, 1.6529761751738319, 1.653535154824843, 1.653535154824843, 1.653535154824843, 1.653535154824843, 1.653535154824843, 1.653535154824843, 1.653535154824843, 1.653535154824843, 1.653535154824843, 1.653535154824843, 1.653535154824843], "timestamp": "2025-03-14_00-38-01"}