{"y_max": 1.6514432699284796, "mean_values": [0.7942393091622505, 1.0175134052087105, 1.1400046259519472, 1.146815737563545, 1.2637290876046359, 1.4404108973981906, 1.4404108973981906, 1.4404108973981906, 1.4404108973981906, 1.4404108973981906, 1.4404108973981906, 1.4404108973981906, 1.6339170857432908, 1.6339170857432908, 1.6339170857432908, 1.6339170857432908, 1.6339170857432908, 1.6339170857432908, 1.6519270858248556, 1.6544723765887634, 1.6544723765887634, 1.6544723765887634, 1.6544723765887634, 1.6544723765887634, 1.6544723765887634, 1.6544723765887634, 1.6544723765887634, 1.6544723765887634, 1.6544723765887634, 1.6544723765887634], "timestamp": "2025-03-15_16-48-33"}