{"y_max": 1.6514432699284796, "mean_values": [0.7785627290668621, 1.0108205939864847, 1.1393044809761306, 1.1460372793441744, 1.2652371013019166, 1.4428406747385536, 1.4428406747385536, 1.4428406747385536, 1.4428406747385536, 1.4428406747385536, 1.4428406747385536, 1.4428406747385536, 1.6345184444900032, 1.6345184444900032, 1.6345184444900032, 1.6345184444900032, 1.6354054314580244, 1.6354054314580244, 1.652555831133771, 1.6526658793034603, 1.6526658793034603, 1.6526658793034603, 1.6526658793034603, 1.6535668245950477, 1.6535668245950477, 1.6535668245950477, 1.6535668245950477, 1.6535668245950477, 1.6535668245950477, 1.6535668245950477], "timestamp": "2025-03-14_02-53-04"}