{"y_max": 1.6514432699284796, "mean_values": [0.8149022593671331, 1.0187816305514155, 1.1394558128718975, 1.1433290950131576, 1.2602473122350157, 1.4412600007646648, 1.4412600007646648, 1.4412600007646648, 1.4412600007646648, 1.4412600007646648, 1.4412600007646648, 1.4412600007646648, 1.4412600007646648, 1.6386058305455888, 1.6386058305455888, 1.6386058305455888, 1.6386058305455888, 1.6386058305455888, 1.6386058305455888, 1.6528899083387854, 1.6536340555729765, 1.6536340555729765, 1.6536340555729765, 1.6536340555729765, 1.6536340555729765, 1.6536340555729765, 1.6536340555729765, 1.6536340555729765, 1.6536340555729765, 1.6536340555729765], "timestamp": "2025-03-14_03-45-27"}