{"y_max": 1.6514432699284796, "mean_values": [0.8276530482423211, 1.0234285155370093, 1.1404022739222637, 1.146868701335432, 1.2630493603447044, 1.43981558195484, 1.43981558195484, 1.43981558195484, 1.43981558195484, 1.43981558195484, 1.43981558195484, 1.43981558195484, 1.43981558195484, 1.6372574526727433, 1.6372574526727433, 1.6372574526727433, 1.6372574526727433, 1.6372574526727433, 1.6372574526727433, 1.653545639903722, 1.653545639903722, 1.653545639903722, 1.653545639903722, 1.653545639903722, 1.653545639903722, 1.653545639903722, 1.653545639903722, 1.653545639903722, 1.653545639903722, 1.653545639903722], "timestamp": "2025-03-15_17-13-58"}