{"y_max": 1.6514432699284796, "mean_values": [0.8518154848652377, 1.030415181567505, 1.1399841598956635, 1.1468657117984757, 1.2698848575759096, 1.442502429665426, 1.442502429665426, 1.442502429665426, 1.442502429665426, 1.442502429665426, 1.442502429665426, 1.442502429665426, 1.442502429665426, 1.442502429665426, 1.632970237209688, 1.632970237209688, 1.632970237209688, 1.632970237209688, 1.6357212786351731, 1.6357212786351731, 1.6514515092412556, 1.6544565989306015, 1.6544565989306015, 1.6544565989306015, 1.6544565989306015, 1.6544565989306015, 1.6544565989306015, 1.6544565989306015, 1.6544565989306015, 1.6544565989306015], "timestamp": "2025-03-15_17-27-53"}