{"y_max": 1.6514432699284796, "mean_values": [0.8441121925730721, 1.025893822192306, 1.140566592097078, 1.1487059400606714, 1.2692579827949981, 1.4419637649222952, 1.4419637649222952, 1.4419637649222952, 1.4419637649222952, 1.4419637649222952, 1.4419637649222952, 1.4419637649222952, 1.4419637649222952, 1.4419637649222952, 1.6325499206577596, 1.6325499206577596, 1.6325499206577596, 1.6325499206577596, 1.6369141606580615, 1.6518926650509094, 1.6518926650509094, 1.6518926650509094, 1.6518926650509094, 1.6518926650509094, 1.6518926650509094, 1.6530374593274344, 1.6530374593274344, 1.6530374593274344, 1.6530374593274344, 1.6530374593274344], "timestamp": "2025-03-14_04-42-40"}