{"y_max": 1.6514432699284796, "mean_values": [0.7896110370539832, 1.0131843691314766, 1.139420330602191, 1.1455847345208996, 1.2610618615662967, 1.438964207662825, 1.438964207662825, 1.438964207662825, 1.438964207662825, 1.438964207662825, 1.438964207662825, 1.438964207662825, 1.6363204686644053, 1.6363204686644053, 1.6363204686644053, 1.6363204686644053, 1.6364671601382272, 1.6364671601382272, 1.6364671601382272, 1.6545120038795318, 1.6545964646078593, 1.6545964646078593, 1.6545964646078593, 1.6545964646078593, 1.6545964646078593, 1.6545964646078593, 1.6545964646078593, 1.6545964646078593, 1.6545964646078593, 1.6545964646078593], "timestamp": "2025-03-15_17-11-35"}