{"y_max": 1.6514432699284796, "mean_values": [0.7983469150881277, 1.0178959815117075, 1.1373413013404878, 1.1468312025505658, 1.2643795529789161, 1.4411199224892857, 1.4411199224892857, 1.4411199224892857, 1.4411199224892857, 1.4411199224892857, 1.4411199224892857, 1.4411199224892857, 1.6257853734478933, 1.6257853734478933, 1.6257853734478933, 1.6257853734478933, 1.639912863732732, 1.639912863732732, 1.6507335584503366, 1.6507335584503366, 1.6518132016164284, 1.6518132016164284, 1.652427820030526, 1.652427820030526, 1.652427820030526, 1.652427820030526, 1.652427820030526, 1.652427820030526, 1.652427820030526, 1.652427820030526], "timestamp": "2025-03-14_00-33-39"}