{"y_max": 1.6514432699284796, "mean_values": [0.7704863407544751, 1.0115211569482017, 1.1410557810362327, 1.145649763829512, 1.2641021571347253, 1.4392559327537273, 1.4392559327537273, 1.4392559327537273, 1.4392559327537273, 1.4392559327537273, 1.4392559327537273, 1.4392559327537273, 1.6346297627832056, 1.6346297627832056, 1.6346297627832056, 1.6346297627832056, 1.634969743796916, 1.634969743796916, 1.634969743796916, 1.6536794832722352, 1.6536794832722352, 1.6536794832722352, 1.6536794832722352, 1.6536794832722352, 1.6536794832722352, 1.6536794832722352, 1.6536794832722352, 1.6536794832722352, 1.6536794832722352, 1.6536794832722352], "timestamp": "2025-03-14_02-18-06"}