{"y_max": 1.6514432699284796, "mean_values": [0.9708642527211153, 1.1334970683408565, 1.1383743543502043, 1.2236631800892177, 1.424780891664478, 1.424780891664478, 1.424780891664478, 1.424780891664478, 1.4282810665814905, 1.4282810665814905, 1.4282810665814905, 1.4282810665814905, 1.4282810665814905, 1.6516990757959045, 1.6516990757959045, 1.6516990757959045, 1.6516990757959045, 1.6516990757959045, 1.6516990757959045, 1.653930462487782, 1.653930462487782, 1.653930462487782, 1.653930462487782, 1.653930462487782, 1.653930462487782, 1.653930462487782, 1.653930462487782, 1.653930462487782, 1.653930462487782, 1.653930462487782], "timestamp": "2025-03-14_02-22-26"}