{"y_max": 1.6514432699284796, "mean_values": [0.834339565167592, 1.0247557563480574, 1.1390946528972326, 1.1459947552327578, 1.2640036102082786, 1.4423528574526505, 1.4423528574526505, 1.4423528574526505, 1.4423528574526505, 1.4423528574526505, 1.4423528574526505, 1.4423528574526505, 1.4423528574526505, 1.4423528574526505, 1.6364012718269334, 1.6364012718269334, 1.6364012718269334, 1.6364012718269334, 1.6364012718269334, 1.6364012718269334, 1.650183583495632, 1.6530317914459365, 1.6530317914459365, 1.6530317914459365, 1.6530317914459365, 1.653278695301314, 1.653278695301314, 1.653278695301314, 1.653278695301314, 1.653278695301314], "timestamp": "2025-03-15_17-18-40"}