{"y_max": 1.6514432699284796, "mean_values": [0.7761903238954283, 1.0102423255724176, 1.139486130220207, 1.144974709522458, 1.2654796074603005, 1.4401810856861363, 1.4401810856861363, 1.4401810856861363, 1.4401810856861363, 1.4401810856861363, 1.4401810856861363, 1.4401810856861363, 1.6354851038733458, 1.6354851038733458, 1.6354851038733458, 1.6354851038733458, 1.6371452936705493, 1.6371452936705493, 1.6540647297157571, 1.6540647297157571, 1.6540647297157571, 1.6540647297157571, 1.6540647297157571, 1.6540647297157571, 1.6540647297157571, 1.6540647297157571, 1.6540647297157571, 1.6540647297157571, 1.6540647297157571, 1.6540647297157571], "timestamp": "2025-03-15_16-53-08"}