{"y_max": 1.6514432699284796, "mean_values": [0.7720281243964332, 1.0098054979530948, 1.1421342062580073, 1.147606429883207, 1.2645489480373482, 1.4405973334161013, 1.4405973334161013, 1.4405973334161013, 1.4405973334161013, 1.4405973334161013, 1.4405973334161013, 1.4405973334161013, 1.6365101896122387, 1.6365101896122387, 1.6365101896122387, 1.6365101896122387, 1.6366491445663862, 1.6366491445663862, 1.6519271505640802, 1.6532776841820234, 1.6532776841820234, 1.6532776841820234, 1.6532776841820234, 1.6532776841820234, 1.6532776841820234, 1.6532776841820234, 1.6532776841820234, 1.6532776841820234, 1.6532776841820234, 1.6532776841820234], "timestamp": "2025-03-14_05-17-24"}