{"y_max": 1.6514432699284796, "mean_values": [0.9718695076799574, 1.1330026238098008, 1.1388270781509209, 1.2193315363200408, 1.4165655413647502, 1.4165655413647502, 1.4165655413647502, 1.4165655413647502, 1.431288139246505, 1.431288139246505, 1.431288139246505, 1.431288139246505, 1.431288139246505, 1.6509620075213847, 1.6509620075213847, 1.6509620075213847, 1.6509620075213847, 1.6509620075213847, 1.6509620075213847, 1.6532488317693477, 1.6540048508734353, 1.6540048508734353, 1.6540048508734353, 1.6540048508734353, 1.6540048508734353, 1.6540048508734353, 1.6540048508734353, 1.6540048508734353, 1.6540048508734353, 1.6540048508734353], "timestamp": "2025-03-15_16-50-49"}