{"y_max": 1.6514432699284796, "mean_values": [0.8132082988777202, 1.017906523876704, 1.138684673697852, 1.144349822681988, 1.260039350325459, 1.4412897718965103, 1.4412897718965103, 1.4412897718965103, 1.4412897718965103, 1.4412897718965103, 1.4412897718965103, 1.4412897718965103, 1.4412897718965103, 1.6399024460772478, 1.6399024460772478, 1.6399024460772478, 1.6399024460772478, 1.6399024460772478, 1.6399024460772478, 1.6532395620161995, 1.6561745002749644, 1.6561745002749644, 1.6561745002749644, 1.6561745002749644, 1.6561745002749644, 1.6561745002749644, 1.6561745002749644, 1.6561745002749644, 1.6561745002749644, 1.6561745002749644], "timestamp": "2025-03-14_04-11-33"}