{"y_max": 1.6514432699284796, "mean_values": [0.8483634399727442, 1.0223939799572799, 1.1382315560843594, 1.1461069227196898, 1.2636836071513757, 1.4409654659368225, 1.4409654659368225, 1.4409654659368225, 1.4409654659368225, 1.4409654659368225, 1.4409654659368225, 1.4409654659368225, 1.4409654659368225, 1.4409654659368225, 1.6299025752673215, 1.6299025752673215, 1.6299025752673215, 1.6299025752673215, 1.6367493850877963, 1.6510199321599577, 1.6510199321599577, 1.6531984726590858, 1.6531984726590858, 1.6531984726590858, 1.6531984726590858, 1.6533491068699404, 1.6533491068699404, 1.6533491068699404, 1.6533491068699404, 1.6533491068699404], "timestamp": "2025-03-14_03-28-01"}