{"y_max": 1.6514432699284796, "mean_values": [0.7810667059284981, 1.010033305839194, 1.1393296256062435, 1.144778049268661, 1.2607268522182766, 1.438980387090251, 1.438980387090251, 1.438980387090251, 1.438980387090251, 1.438980387090251, 1.438980387090251, 1.438980387090251, 1.6356486789987137, 1.6356486789987137, 1.6356486789987137, 1.6356486789987137, 1.6356486789987137, 1.6356486789987137, 1.6523475840884163, 1.6543300155773708, 1.6543300155773708, 1.6543300155773708, 1.6543300155773708, 1.6543300155773708, 1.6543300155773708, 1.6543300155773708, 1.6543300155773708, 1.6543300155773708, 1.6543300155773708, 1.6543300155773708], "timestamp": "2025-03-14_01-12-47"}