{"y_max": 1.6514432699284796, "mean_values": [0.9729714371157498, 1.1327107461429426, 1.1406983575275453, 1.2205858299472938, 1.417679121329248, 1.417679121329248, 1.417679121329248, 1.417679121329248, 1.4326604275996568, 1.4326604275996568, 1.4326604275996568, 1.4326604275996568, 1.4326604275996568, 1.6517163435541515, 1.6517163435541515, 1.6517163435541515, 1.6517163435541515, 1.6517163435541515, 1.6517163435541515, 1.6542592820376782, 1.6542592820376782, 1.6542592820376782, 1.6542592820376782, 1.6542592820376782, 1.6542592820376782, 1.6542592820376782, 1.6542592820376782, 1.6542592820376782, 1.6542592820376782, 1.6542592820376782], "timestamp": "2025-03-14_04-16-00"}