{"y_max": 1.6514432699284796, "mean_values": [0.8318842155599544, 1.0231387647819457, 1.1385993079383219, 1.1466779852018418, 1.2644842831647187, 1.4427718739468176, 1.4427718739468176, 1.4427718739468176, 1.4427718739468176, 1.4427718739468176, 1.4427718739468176, 1.4427718739468176, 1.4427718739468176, 1.4427718739468176, 1.6319629162280769, 1.6319629162280769, 1.6319629162280769, 1.6319629162280769, 1.6362550302516876, 1.6512129495897419, 1.6512129495897419, 1.6512129495897419, 1.6542803570987374, 1.6542803570987374, 1.6542803570987374, 1.6542803570987374, 1.6542803570987374, 1.6542803570987374, 1.6542803570987374, 1.6542803570987374], "timestamp": "2025-03-14_03-58-24"}