{"y_max": 1.6514432699284796, "mean_values": [0.7715808667825222, 1.013760672081018, 1.1391875585801083, 1.1451575232389382, 1.2641055821078815, 1.440448106963447, 1.440448106963447, 1.440448106963447, 1.440448106963447, 1.440448106963447, 1.440448106963447, 1.440448106963447, 1.6351722723193436, 1.6351722723193436, 1.6351722723193436, 1.6351722723193436, 1.6361352678659615, 1.6361352678659615, 1.6513334352421376, 1.654012689524625, 1.654012689524625, 1.654012689524625, 1.654012689524625, 1.654012689524625, 1.654012689524625, 1.654012689524625, 1.654012689524625, 1.654012689524625, 1.654012689524625, 1.654012689524625], "timestamp": "2025-03-14_02-05-01"}