{"y_max": 1.6514432699284796, "mean_values": [0.8273631802294463, 1.024053426761471, 1.1393539896881422, 1.1468624772739473, 1.2637058767310916, 1.4406625320132043, 1.4406625320132043, 1.4406625320132043, 1.4406625320132043, 1.4406625320132043, 1.4406625320132043, 1.4406625320132043, 1.4406625320132043, 1.4406625320132043, 1.632778774242705, 1.632778774242705, 1.632778774242705, 1.632778774242705, 1.635166828524709, 1.635166828524709, 1.6510830845257491, 1.6510830845257491, 1.6521448502440959, 1.6521448502440959, 1.6521448502440959, 1.6539205775815868, 1.6539205775815868, 1.6539205775815868, 1.6539205775815868, 1.6539205775815868], "timestamp": "2025-03-14_04-47-00"}