{"y_max": 1.6514432699284796, "mean_values": [0.958000381229039, 1.135218548787541, 1.138094588826512, 1.2247625067392194, 1.419186398070565, 1.419186398070565, 1.419186398070565, 1.433088635619932, 1.4399986371139475, 1.4399986371139475, 1.441902548154061, 1.441902548154061, 1.441902548154061, 1.441902548154061, 1.441902548154061, 1.441902548154061, 1.441902548154061, 1.441902548154061, 1.441902548154061, 1.441902548154061, 1.441902548154061, 1.441902548154061, 1.441902548154061, 1.441902548154061, 1.441902548154061, 1.441902548154061, 1.441902548154061, 1.441902548154061, 1.4427033681074302, 1.4427033681074302], "timestamp": "2025-03-15_17-06-55"}