{"y_max": 1.6514432699284796, "mean_values": [0.7454237339460279, 1.0037553317535968, 1.138950681833729, 1.1446985254420092, 1.264910971251317, 1.4422989362007579, 1.4422989362007579, 1.4422989362007579, 1.4422989362007579, 1.4422989362007579, 1.4422989362007579, 1.4422989362007579, 1.6359591018835247, 1.6359591018835247, 1.6359591018835247, 1.6359591018835247, 1.6362258194021833, 1.6362258194021833, 1.6522208863546162, 1.6522208863546162, 1.6522208863546162, 1.6522208863546162, 1.6522208863546162, 1.6522208863546162, 1.6522208863546162, 1.6522386454301399, 1.6522386454301399, 1.6522386454301399, 1.6522386454301399, 1.6522386454301399], "timestamp": "2025-03-14_02-57-23"}