{"y_max": 1.6514432699284796, "mean_values": [0.746071444233971, 1.0044652548150577, 1.1399208549398805, 1.1437152038228704, 1.2646582627278893, 1.4417338212344253, 1.4417338212344253, 1.4417338212344253, 1.4417338212344253, 1.4417338212344253, 1.4417338212344253, 1.4417338212344253, 1.6364673520725674, 1.6364673520725674, 1.6364673520725674, 1.6364673520725674, 1.6364673520725674, 1.6364673520725674, 1.6512089215135948, 1.6540630612406038, 1.6540630612406038, 1.6540630612406038, 1.6540630612406038, 1.6540630612406038, 1.6540630612406038, 1.6540630612406038, 1.6540630612406038, 1.6540630612406038, 1.6540630612406038, 1.6540630612406038], "timestamp": "2025-03-14_05-43-32"}