{"y_max": 1.6514432699284796, "mean_values": [0.8147949504926484, 1.0186834306249495, 1.1392091254502406, 1.1453239292205244, 1.2599047123773894, 1.4403374896473846, 1.4403374896473846, 1.4403374896473846, 1.4403374896473846, 1.4403374896473846, 1.4403374896473846, 1.4403374896473846, 1.4403374896473846, 1.6382186159507384, 1.6382186159507384, 1.6382186159507384, 1.6382186159507384, 1.6382186159507384, 1.6382186159507384, 1.6522792490648102, 1.654376302838332, 1.654376302838332, 1.654376302838332, 1.654376302838332, 1.654376302838332, 1.654376302838332, 1.654376302838332, 1.654376302838332, 1.654376302838332, 1.654376302838332], "timestamp": "2025-03-14_00-46-40"}