{"y_max": 1.6514432699284796, "mean_values": [0.780724771419329, 1.0114900983750528, 1.1382247501251284, 1.1455777788251305, 1.2651047252401388, 1.441983691227061, 1.441983691227061, 1.441983691227061, 1.441983691227061, 1.441983691227061, 1.441983691227061, 1.441983691227061, 1.6362588090497177, 1.6362588090497177, 1.6362588090497177, 1.6362588090497177, 1.636776695549288, 1.636776695549288, 1.6524939527489955, 1.6527149175942548, 1.6527149175942548, 1.6527149175942548, 1.6527149175942548, 1.6527149175942548, 1.6527149175942548, 1.6527149175942548, 1.6527149175942548, 1.6527149175942548, 1.6527149175942548, 1.6527149175942548], "timestamp": "2025-03-14_05-04-23"}