{"y_max": 1.6514432699284796, "mean_values": [0.7928944830145382, 1.0179041492156649, 1.1402621017617534, 1.1457137881489503, 1.2645022562935326, 1.4414935172840362, 1.4414935172840362, 1.4414935172840362, 1.4414935172840362, 1.4414935172840362, 1.4414935172840362, 1.4414935172840362, 1.6315259160901627, 1.6315259160901627, 1.6315259160901627, 1.6315259160901627, 1.637425264625035, 1.637425264625035, 1.6522321669378794, 1.6538970754853262, 1.6538970754853262, 1.6538970754853262, 1.6538970754853262, 1.6538970754853262, 1.6538970754853262, 1.6538970754853262, 1.6538970754853262, 1.6538970754853262, 1.6538970754853262, 1.6538970754853262], "timestamp": "2025-03-14_03-23-38"}