{"y_max": 1.6514432699284796, "mean_values": [0.737694908634253, 1.004222130404711, 1.1382895754343585, 1.14609947885721, 1.265142082600591, 1.4416363950926145, 1.4416363950926145, 1.4416363950926145, 1.4416363950926145, 1.4416363950926145, 1.4416363950926145, 1.4416363950926145, 1.636245908138817, 1.636245908138817, 1.636245908138817, 1.636245908138817, 1.6366640282871303, 1.6366640282871303, 1.6538204723330785, 1.6548575367265017, 1.6548575367265017, 1.6548575367265017, 1.6548575367265017, 1.6548575367265017, 1.6548575367265017, 1.6548575367265017, 1.6548575367265017, 1.6548575367265017, 1.6548575367265017, 1.6548575367265017], "timestamp": "2025-03-15_16-46-17"}