{"y_max": 1.6514432699284796, "mean_values": [0.7949673089909701, 1.0194896384701766, 1.1405481810508744, 1.1464637102983868, 1.264707611275068, 1.4420642462968427, 1.4420642462968427, 1.4420642462968427, 1.4420642462968427, 1.4420642462968427, 1.4420642462968427, 1.4420642462968427, 1.634951473506823, 1.634951473506823, 1.634951473506823, 1.634951473506823, 1.6355674495589934, 1.6355674495589934, 1.653087783587049, 1.6531426861293477, 1.6531426861293477, 1.6531426861293477, 1.6531426861293477, 1.6531426861293477, 1.6531426861293477, 1.6531426861293477, 1.6531426861293477, 1.6531426861293477, 1.6531426861293477, 1.6531426861293477], "timestamp": "2025-03-14_03-36-47"}