{"y_max": 1.6514432699284796, "mean_values": [0.7571702457117131, 1.0124335654469605, 1.1398253524252744, 1.143486513364625, 1.2652738754729758, 1.4408826809085404, 1.4408826809085404, 1.4408826809085404, 1.4408826809085404, 1.4408826809085404, 1.4408826809085404, 1.4408826809085404, 1.6327089995241262, 1.6327089995241262, 1.6327089995241262, 1.6327089995241262, 1.6362661512204424, 1.6362661512204424, 1.6536037279197113, 1.6536037279197113, 1.6536037279197113, 1.6536037279197113, 1.6536037279197113, 1.6536037279197113, 1.6536037279197113, 1.6536037279197113, 1.6536037279197113, 1.6536037279197113, 1.6536037279197113, 1.6536037279197113], "timestamp": "2025-03-14_03-14-48"}