{"y_max": 1.6514432699284796, "mean_values": [0.7900086625975536, 1.0183883402229952, 1.1402837473114424, 1.1447785948944655, 1.2657908858148286, 1.4402741987888883, 1.4402741987888883, 1.4402741987888883, 1.4402741987888883, 1.4402741987888883, 1.4402741987888883, 1.4402741987888883, 1.6359790856651353, 1.6359790856651353, 1.6359790856651353, 1.6359790856651353, 1.6370305390678481, 1.6370305390678481, 1.6370305390678481, 1.6504541268377027, 1.6539173664924962, 1.6539173664924962, 1.6539173664924962, 1.6539173664924962, 1.6539173664924962, 1.6539173664924962, 1.6539173664924962, 1.6539173664924962, 1.6539173664924962, 1.6539173664924962], "timestamp": "2025-03-14_05-52-18"}