{"y_max": 1.6514432699284796, "mean_values": [0.839169713425479, 1.0248838598751437, 1.139715558681373, 1.1463422346121948, 1.269284213490949, 1.4423795868767484, 1.4423795868767484, 1.4423795868767484, 1.4423795868767484, 1.4423795868767484, 1.4423795868767484, 1.4423795868767484, 1.4423795868767484, 1.4423795868767484, 1.636418272709586, 1.636418272709586, 1.636418272709586, 1.636418272709586, 1.636576150560501, 1.636576150560501, 1.650912326122749, 1.6529061490778982, 1.6529061490778982, 1.6529061490778982, 1.6529061490778982, 1.6529061490778982, 1.6529061490778982, 1.6529061490778982, 1.6529061490778982, 1.6529061490778982], "timestamp": "2025-03-15_17-00-01"}