{"y_max": 1.6514432699284796, "mean_values": [0.794954799736506, 1.0176374212414743, 1.1394176895204409, 1.1468655592434547, 1.2633855074711708, 1.4420446781528478, 1.4420446781528478, 1.4420446781528478, 1.4420446781528478, 1.4420446781528478, 1.4420446781528478, 1.4420446781528478, 1.6310646172920442, 1.6310646172920442, 1.6310646172920442, 1.6310646172920442, 1.6360863331781657, 1.6360863331781657, 1.6532133165736647, 1.6532133165736647, 1.6532133165736647, 1.6532133165736647, 1.6532133165736647, 1.6532133165736647, 1.6532133165736647, 1.6532133165736647, 1.6532133165736647, 1.6532133165736647, 1.6532133165736647, 1.6532133165736647], "timestamp": "2025-03-15_17-04-47"}