{"y_max": 1.6514432699284796, "mean_values": [0.7778720514807671, 1.0117137603326103, 1.1400667819485586, 1.1458307891288175, 1.263615489722935, 1.4408982575608615, 1.4408982575608615, 1.4408982575608615, 1.4408982575608615, 1.4408982575608615, 1.4408982575608615, 1.4408982575608615, 1.6346627026036171, 1.6346627026036171, 1.6346627026036171, 1.6346627026036171, 1.6346627026036171, 1.6346627026036171, 1.6346627026036171, 1.652560356728566, 1.6542656709591832, 1.6542656709591832, 1.6542656709591832, 1.6542656709591832, 1.6542656709591832, 1.6542656709591832, 1.6542656709591832, 1.6542656709591832, 1.6542656709591832, 1.6542656709591832], "timestamp": "2025-03-14_01-34-33"}