{"y_max": 1.6514432699284796, "mean_values": [0.8244874768131316, 1.023684877030901, 1.1383354134457797, 1.1464647420819363, 1.2632245365846801, 1.4411119727785693, 1.4411119727785693, 1.4411119727785693, 1.4411119727785693, 1.4411119727785693, 1.4411119727785693, 1.4411119727785693, 1.4411119727785693, 1.6310498832028273, 1.6310498832028273, 1.6310498832028273, 1.6310498832028273, 1.6364422500534164, 1.6501822483645552, 1.6501822483645552, 1.6522836703838732, 1.6522836703838732, 1.6522836703838732, 1.6524492676202842, 1.6524492676202842, 1.6524492676202842, 1.6524492676202842, 1.6524492676202842, 1.6524492676202842, 1.6524492676202842], "timestamp": "2025-03-15_16-55-25"}