{"y_max": 1.6514432699284796, "mean_values": [0.7729298175708534, 1.0127745896585563, 1.1397732661864746, 1.1456983836338293, 1.2650001228644145, 1.4413989231415785, 1.4413989231415785, 1.4413989231415785, 1.4413989231415785, 1.4413989231415785, 1.4413989231415785, 1.4413989231415785, 1.6342783439622857, 1.6342783439622857, 1.6342783439622857, 1.6342783439622857, 1.6342783439622857, 1.6342783439622857, 1.6506914782628472, 1.6537036282797248, 1.6537036282797248, 1.6537036282797248, 1.6537036282797248, 1.6537036282797248, 1.6537036282797248, 1.6537036282797248, 1.6537036282797248, 1.6537036282797248, 1.6537036282797248, 1.6537036282797248], "timestamp": "2025-03-15_16-57-43"}