{"y_max": 1.6514432699284796, "mean_values": [0.9714176445872871, 1.1326404089253874, 1.1379295026933745, 1.2199171556788748, 1.4170365157543592, 1.4170365157543592, 1.4170365157543592, 1.4170365157543592, 1.4322834441466377, 1.4322834441466377, 1.4322834441466377, 1.4322834441466377, 1.4322834441466377, 1.6513400531220572, 1.6513400531220572, 1.6513400531220572, 1.6513400531220572, 1.6513400531220572, 1.6513400531220572, 1.6526433689083104, 1.6526433689083104, 1.6526433689083104, 1.6526433689083104, 1.6526433689083104, 1.6526433689083104, 1.6526433689083104, 1.6526433689083104, 1.6526433689083104, 1.6526433689083104, 1.6526433689083104], "timestamp": "2025-03-14_03-49-47"}