{"y_max": 1.6514432699284796, "mean_values": [0.7910796146685005, 1.0194980950076196, 1.1384105788521537, 1.145218076577776, 1.2644826187546903, 1.4422106846429072, 1.4422106846429072, 1.4422106846429072, 1.4422106846429072, 1.4422106846429072, 1.4422106846429072, 1.4422106846429072, 1.631376073982225, 1.631376073982225, 1.631376073982225, 1.631376073982225, 1.6347525772649039, 1.6347525772649039, 1.6347525772649039, 1.6536839150617269, 1.6536839150617269, 1.6536839150617269, 1.6536839150617269, 1.6536839150617269, 1.6536839150617269, 1.6536839150617269, 1.6536839150617269, 1.6536839150617269, 1.6536839150617269, 1.6536839150617269], "timestamp": "2025-03-14_05-21-45"}