{"y_max": 1.6514432699284796, "mean_values": [0.7227369935936785, 0.9991177796431463, 1.1398017810539651, 1.1454470852259457, 1.264843640016709, 1.4420097564369108, 1.4420097564369108, 1.4420097564369108, 1.4420097564369108, 1.4420097564369108, 1.4420097564369108, 1.4420097564369108, 1.6365663133256783, 1.6365663133256783, 1.6365663133256783, 1.6365663133256783, 1.6376746193479126, 1.6376746193479126, 1.6376746193479126, 1.6529491375572094, 1.6529735006392114, 1.6529735006392114, 1.6529735006392114, 1.6529735006392114, 1.6529735006392114, 1.6529735006392114, 1.6529735006392114, 1.6529735006392114, 1.6529735006392114, 1.6529735006392114], "timestamp": "2025-03-14_05-26-04"}