{"y_max": 1.6514432699284796, "mean_values": [0.8140200314018127, 1.0187118570253002, 1.1412706586469008, 1.1436968813614317, 1.2606053991313575, 1.4410345518843326, 1.4410345518843326, 1.4410345518843326, 1.4410345518843326, 1.4410345518843326, 1.4410345518843326, 1.4410345518843326, 1.4410345518843326, 1.6390018086051041, 1.6390018086051041, 1.6390018086051041, 1.6390018086051041, 1.6390018086051041, 1.6390018086051041, 1.652575265809732, 1.6543762316974422, 1.6543762316974422, 1.6543762316974422, 1.6543762316974422, 1.6543762316974422, 1.6543762316974422, 1.6543762316974422, 1.6543762316974422, 1.6543762316974422, 1.6543762316974422], "timestamp": "2025-03-14_00-59-49"}