{"y_max": 1.6514432699284796, "mean_values": [0.8365425661518592, 1.0230252123938284, 1.1403745279589907, 1.146809831006843, 1.267751718510666, 1.4431102363783888, 1.4431102363783888, 1.4431102363783888, 1.4431102363783888, 1.4431102363783888, 1.4431102363783888, 1.4431102363783888, 1.4431102363783888, 1.4431102363783888, 1.6330772610061448, 1.6330772610061448, 1.6330772610061448, 1.6330772610061448, 1.6354895420164892, 1.6354895420164892, 1.6523776385417996, 1.6523999240054352, 1.6523999240054352, 1.6523999240054352, 1.6523999240054352, 1.6530991657481253, 1.6530991657481253, 1.6530991657481253, 1.6530991657481253, 1.6530991657481253], "timestamp": "2025-03-15_17-23-16"}