{"y_max": 1.6514432699284796, "mean_values": [0.804591932166812, 1.0177201350005844, 1.1383382061171, 1.1463292536594147, 1.2647560772512139, 1.4407191529986627, 1.4407191529986627, 1.4407191529986627, 1.4407191529986627, 1.4407191529986627, 1.4407191529986627, 1.4407191529986627, 1.4407191529986627, 1.6248617814398432, 1.6248617814398432, 1.6248617814398432, 1.6248617814398432, 1.6416566810530988, 1.6416566810530988, 1.6511368444207095, 1.6511368444207095, 1.6530675133955595, 1.6530675133955595, 1.6530675133955595, 1.6530675133955595, 1.6530675133955595, 1.6530675133955595, 1.6530675133955595, 1.6530675133955595, 1.6530675133955595], "timestamp": "2025-03-14_00-29-17"}