{"y_max": 1.6514432699284796, "mean_values": [0.7696739513019424, 1.0127799305558398, 1.1406570165614822, 1.1422328852611763, 1.258708988963989, 1.440284219456343, 1.440284219456343, 1.440284219456343, 1.440284219456343, 1.440284219456343, 1.440284219456343, 1.440284219456343, 1.6356444393329255, 1.6356444393329255, 1.6356444393329255, 1.6356444393329255, 1.6361808321303197, 1.6361808321303197, 1.6361808321303197, 1.6545127169260005, 1.6545127169260005, 1.6545127169260005, 1.6545127169260005, 1.6545127169260005, 1.6545127169260005, 1.6545127169260005, 1.6545127169260005, 1.6545127169260005, 1.6545127169260005, 1.6545127169260005], "timestamp": "2025-03-15_17-25-35"}