{"y_max": 1.6514432699284796, "mean_values": [0.9700255016825703, 1.1329936625020305, 1.1389693662208613, 1.229932250980877, 1.229932250980877, 1.229932250980877, 1.4265394015156563, 1.4265394015156563, 1.4265394015156563, 1.4265394015156563, 1.4265394015156563, 1.4265394015156563, 1.4265394015156563, 1.6563920307595827, 1.6563920307595827, 1.6563920307595827, 1.6563920307595827, 1.6563920307595827, 1.6563920307595827, 1.6563920307595827, 1.6563920307595827, 1.6563920307595827, 1.6563920307595827, 1.6563920307595827, 1.6563920307595827, 1.6563920307595827, 1.6563920307595827, 1.6563920307595827, 1.6563920307595827, 1.6563920307595827, 1.6563920307595827, 1.6563920307595827, 1.6563920307595827, 1.6563920307595827, 1.6563920307595827, 1.6563920307595827], "timestamp": "2025-03-13_23-58-38"}