{"y_max": 1.6514432699284796, "mean_values": [0.9710546700717079, 1.1352618172924258, 1.1352618172924258, 1.137609529755033, 1.137609529755033, 1.230734976341868, 1.4292660455809256, 1.4292660455809256, 1.4292660455809256, 1.4292660455809256, 1.4292660455809256, 1.4292660455809256, 1.4292660455809256, 1.4292660455809256, 1.4292660455809256, 1.6486895148055312, 1.6486895148055312, 1.6486895148055312, 1.6486895148055312, 1.6486895148055312, 1.6486895148055312, 1.6486895148055312, 1.6486895148055312, 1.6486895148055312, 1.6486895148055312, 1.6486895148055312, 1.6486895148055312, 1.6486895148055312, 1.6486895148055312, 1.6486895148055312, 1.6486895148055312, 1.6486895148055312, 1.6486895148055312, 1.6486895148055312, 1.6486895148055312, 1.6486895148055312, 1.6486895148055312], "timestamp": "2025-03-14_00-17-11"}