{"y_max": 1.6514432699284796, "mean_values": [0.7889228154513508, 1.0166273464935398, 1.1404726758945913, 1.1467507128728167, 1.1467507128728167, 1.2698371399543742, 1.4414903450422434, 1.4414903450422434, 1.4414903450422434, 1.4414903450422434, 1.4414903450422434, 1.4414903450422434, 1.4414903450422434, 1.4414903450422434, 1.6430126758124903, 1.6430126758124903, 1.6430126758124903, 1.6430126758124903, 1.6430126758124903, 1.6430126758124903, 1.6430126758124903, 1.6430126758124903, 1.6430126758124903, 1.6430126758124903, 1.6430126758124903, 1.6430126758124903, 1.6430126758124903, 1.6430126758124903, 1.6430126758124903, 1.6430126758124903, 1.6430126758124903, 1.6430126758124903, 1.6430126758124903, 1.6430126758124903, 1.6430126758124903, 1.6430126758124903, 1.653410610465525, 1.653410610465525, 1.653410610465525], "timestamp": "2025-03-14_00-35-16"}