{"y_max": 1.6514432699284796, "mean_values": [0.7900508588142684, 0.7900508588142684, 0.7923164342327914, 1.0359878430950893, 1.139619835429896, 1.139619835429896, 1.1514679962447552, 1.2789324129551365, 1.630301410066993, 1.630301410066993, 1.630301410066993, 1.630301410066993, 1.630301410066993, 1.630301410066993, 1.630301410066993, 1.630301410066993, 1.630301410066993, 1.630301410066993, 1.630301410066993, 1.630301410066993, 1.630301410066993, 1.630301410066993, 1.630301410066993, 1.630301410066993, 1.630301410066993, 1.630301410066993, 1.630301410066993, 1.630301410066993, 1.630301410066993, 1.630301410066993, 1.630301410066993, 1.654263293704008, 1.654263293704008, 1.654263293704008, 1.654263293704008, 1.654263293704008, 1.654263293704008], "timestamp": "2025-03-14_00-06-00"}