{"y_max": 1.6514432699284796, "mean_values": [0.7881397525238109, 1.0158096254405085, 1.0158096254405085, 1.1405902276989899, 1.148732992925009, 1.2721881478450578, 1.4402166280238848, 1.4402166280238848, 1.4402166280238848, 1.4402166280238848, 1.4402166280238848, 1.6451848809802911, 1.6451848809802911, 1.6451848809802911, 1.6451848809802911, 1.6451848809802911, 1.6451848809802911, 1.6451848809802911, 1.6451848809802911, 1.6451848809802911, 1.6451848809802911, 1.6451848809802911, 1.6451848809802911, 1.6451848809802911, 1.6451848809802911, 1.6451848809802911, 1.6451848809802911, 1.6451848809802911, 1.6555737063038785, 1.6555737063038785, 1.6555737063038785, 1.6555737063038785, 1.6555737063038785, 1.6555737063038785, 1.6555737063038785], "timestamp": "2025-03-14_01-06-09"}