{"y_max": 1.6514432699284796, "mean_values": [0.9685034674911518, 1.134251751732189, 1.134251751732189, 1.139424465775097, 1.228508031075293, 1.4276428959707061, 1.4276428959707061, 1.4276428959707061, 1.4276428959707061, 1.4276428959707061, 1.4276428959707061, 1.4276428959707061, 1.4276428959707061, 1.4276428959707061, 1.652571255416953, 1.652571255416953, 1.652571255416953, 1.652571255416953, 1.652571255416953, 1.652571255416953, 1.652571255416953, 1.652571255416953, 1.652571255416953, 1.652571255416953, 1.652571255416953, 1.652571255416953, 1.652571255416953, 1.652571255416953, 1.652571255416953, 1.652571255416953, 1.652571255416953, 1.652571255416953, 1.652571255416953, 1.652571255416953, 1.652571255416953, 1.652571255416953, 1.652571255416953, 1.652571255416953], "timestamp": "2025-03-14_00-38-56"}