{"y_max": 1.6514432699284796, "mean_values": [0.9686463633895244, 1.1342372484893866, 1.1389528630754107, 1.229178839460499, 1.4262145974376292, 1.4262145974376292, 1.4262145974376292, 1.4262145974376292, 1.4262145974376292, 1.4262145974376292, 1.4262145974376292, 1.4262145974376292, 1.4262145974376292, 1.4262145974376292, 1.4262145974376292, 1.4262145974376292, 1.6538623589121788, 1.6538623589121788, 1.6538623589121788, 1.6538623589121788, 1.6538623589121788, 1.6538623589121788, 1.6538623589121788, 1.6538623589121788, 1.6538623589121788, 1.6538623589121788, 1.6538623589121788, 1.6538623589121788, 1.6538623589121788, 1.6538623589121788, 1.6538623589121788, 1.6538623589121788, 1.6538623589121788, 1.6538623589121788, 1.6538623589121788, 1.6538623589121788, 1.6538623589121788], "timestamp": "2025-03-13_22-58-40"}