{"y_max": 1.6514432699284796, "mean_values": [0.7884911896874679, 0.7884911896874679, 1.037689267116115, 1.1383498468420679, 1.151847126254762, 1.2862303136641942, 1.441349428718795, 1.441349428718795, 1.441349428718795, 1.441349428718795, 1.441349428718795, 1.441349428718795, 1.441349428718795, 1.441349428718795, 1.6272970834280243, 1.6272970834280243, 1.6272970834280243, 1.6272970834280243, 1.6272970834280243, 1.6272970834280243, 1.6272970834280243, 1.6272970834280243, 1.6272970834280243, 1.6272970834280243, 1.6272970834280243, 1.6272970834280243, 1.6544357431313317, 1.6544357431313317, 1.6544357431313317, 1.6544357431313317, 1.6544357431313317, 1.6544357431313317, 1.6544357431313317, 1.6544357431313317, 1.6544357431313317, 1.6544357431313317], "timestamp": "2025-03-14_00-40-47"}