{"y_max": 1.6514432699284796, "mean_values": [0.9700127162550567, 1.134886545075079, 1.139200880241226, 1.139200880241226, 1.232262545947429, 1.428652749142508, 1.428652749142508, 1.428652749142508, 1.428652749142508, 1.428652749142508, 1.428652749142508, 1.428652749142508, 1.6525907561843558, 1.6525907561843558, 1.6525907561843558, 1.6525907561843558, 1.6525907561843558, 1.6525907561843558, 1.6525907561843558, 1.6525907561843558, 1.6525907561843558, 1.6525907561843558, 1.6525907561843558, 1.6525907561843558, 1.6525907561843558, 1.6525907561843558, 1.6525907561843558, 1.6525907561843558, 1.6525907561843558, 1.6525907561843558, 1.6525907561843558, 1.6525907561843558, 1.6525907561843558, 1.6525907561843558, 1.6525907561843558, 1.6525907561843558], "timestamp": "2025-03-14_01-29-54"}