{"y_max": 1.6514432699284796, "mean_values": [0.7884983224503277, 1.0166377825063753, 1.1406786840564562, 1.1479723120102543, 1.270855682599454, 1.4408937933960981, 1.4408937933960981, 1.4408937933960981, 1.4408937933960981, 1.4408937933960981, 1.4408937933960981, 1.4408937933960981, 1.4408937933960981, 1.4408937933960981, 1.6419603347631513, 1.6419603347631513, 1.6419603347631513, 1.6419603347631513, 1.6419603347631513, 1.6419603347631513, 1.6419603347631513, 1.6419603347631513, 1.6419603347631513, 1.6419603347631513, 1.6419603347631513, 1.6419603347631513, 1.6541367020096944, 1.6541367020096944, 1.6541367020096944, 1.6541367020096944, 1.6541367020096944, 1.6541367020096944, 1.6541367020096944, 1.6541367020096944, 1.6541367020096944], "timestamp": "2025-03-14_01-15-04"}