{"y_max": 1.6514432699284796, "mean_values": [0.788772740589045, 0.788772740589045, 0.7933646377367252, 1.036584592906589, 1.036584592906589, 1.2777498555386277, 1.2777498555386277, 1.6284923369708713, 1.6284923369708713, 1.6284923369708713, 1.6284923369708713, 1.6284923369708713, 1.6284923369708713, 1.6284923369708713, 1.6284923369708713, 1.6284923369708713, 1.6284923369708713, 1.6284923369708713, 1.6284923369708713, 1.6284923369708713, 1.6284923369708713, 1.6284923369708713, 1.6284923369708713, 1.6284923369708713, 1.6284923369708713, 1.6284923369708713, 1.6284923369708713, 1.6284923369708713, 1.6284923369708713, 1.6284923369708713, 1.6284923369708713, 1.6284923369708713, 1.6284923369708713, 1.6284923369708713], "timestamp": "2025-03-13_23-14-54"}