{"y_max": 1.6514432699284796, "mean_values": [0.9702008603978086, 1.134030081484865, 1.1386593994052232, 1.2300316632274626, 1.4276120391116793, 1.4276120391116793, 1.4276120391116793, 1.4276120391116793, 1.4276120391116793, 1.4276120391116793, 1.4276120391116793, 1.4276120391116793, 1.4276120391116793, 1.4276120391116793, 1.4276120391116793, 1.4276120391116793, 1.653204248643171, 1.653204248643171, 1.653204248643171, 1.653204248643171, 1.653204248643171, 1.653204248643171, 1.653204248643171, 1.653204248643171, 1.653204248643171, 1.653204248643171, 1.653204248643171, 1.653204248643171, 1.653204248643171, 1.653204248643171, 1.653204248643171, 1.653204248643171, 1.653204248643171, 1.653204248643171], "timestamp": "2025-03-13_23-45-57"}