{"y_max": 1.6514432699284796, "mean_values": [0.790171572922052, 1.0174774211644324, 1.139244182094459, 1.139244182094459, 1.1473275796351716, 1.2723647410509242, 1.4432560603422697, 1.4432560603422697, 1.4432560603422697, 1.4432560603422697, 1.4432560603422697, 1.6459411116806029, 1.6459411116806029, 1.6459411116806029, 1.6459411116806029, 1.6459411116806029, 1.6459411116806029, 1.6459411116806029, 1.6459411116806029, 1.6459411116806029, 1.6459411116806029, 1.6459411116806029, 1.6459411116806029, 1.6459411116806029, 1.6459411116806029, 1.6459411116806029, 1.6459411116806029, 1.6459411116806029, 1.6459411116806029, 1.6459411116806029, 1.6459411116806029, 1.6459411116806029, 1.6459411116806029], "timestamp": "2025-03-13_22-40-31"}