{"y_max": 1.6514432699284796, "mean_values": [0.7898062102846185, 0.7898062102846185, 0.7900687794261401, 0.9674881790324299, 1.0387457646227014, 1.1400114136634831, 1.2722551284320165, 1.6267932083259162, 1.6267932083259162, 1.6267932083259162, 1.6267932083259162, 1.6267932083259162, 1.6267932083259162, 1.6267932083259162, 1.6267932083259162, 1.6267932083259162, 1.6267932083259162, 1.6267932083259162, 1.6267932083259162, 1.6267932083259162, 1.630222276567629, 1.630222276567629, 1.630222276567629, 1.630222276567629, 1.630222276567629, 1.6512119586781222, 1.6512119586781222, 1.6512119586781222, 1.6512119586781222, 1.6512119586781222, 1.6512119586781222, 1.6512119586781222, 1.6512119586781222, 1.6525601373251821, 1.6525601373251821, 1.6525601373251821, 1.6525601373251821], "timestamp": "2025-03-14_00-51-41"}