{"y_max": 1.6514432699284796, "mean_values": [0.7884119559592428, 1.0177898242348176, 1.1393021657660736, 1.1465899537201438, 1.2715885322371394, 1.443544533990174, 1.443544533990174, 1.443544533990174, 1.443544533990174, 1.443544533990174, 1.443544533990174, 1.443544533990174, 1.443544533990174, 1.443544533990174, 1.6425483561537444, 1.6425483561537444, 1.6425483561537444, 1.6425483561537444, 1.6425483561537444, 1.6425483561537444, 1.6425483561537444, 1.6425483561537444, 1.6425483561537444, 1.6487764834140055, 1.6487764834140055, 1.6487764834140055, 1.6487764834140055, 1.6487764834140055, 1.6487764834140055, 1.6487764834140055, 1.6487764834140055, 1.6487764834140055, 1.6487764834140055, 1.6487764834140055, 1.6487764834140055, 1.6487764834140055], "timestamp": "2025-03-13_23-35-03"}