{"y_max": 1.6514432699284796, "mean_values": [0.9690169935525768, 0.9690169935525768, 1.137388523170456, 1.1404087120690822, 1.1404087120690822, 1.1404087120690822, 1.2417509920503653, 1.2417509920503653, 1.4356411207509463, 1.4356411207509463, 1.4356411207509463, 1.6498796900955068, 1.6498796900955068, 1.6498796900955068, 1.6498796900955068, 1.6498796900955068, 1.6498796900955068, 1.6498796900955068, 1.6498796900955068, 1.6498796900955068, 1.6498796900955068, 1.6498796900955068, 1.6498796900955068, 1.6498796900955068, 1.6498796900955068, 1.6498796900955068, 1.6498796900955068, 1.6498796900955068, 1.6498796900955068, 1.6498796900955068, 1.6498796900955068, 1.6498796900955068], "timestamp": "2025-03-13_23-47-35"}