{"y_max": 1.6514432699284796, "mean_values": [0.9709632806387802, 1.1326759647123574, 1.1326759647123574, 1.1401789198321686, 1.1401789198321686, 1.2295879738481168, 1.2295879738481168, 1.2295879738481168, 1.4262742240991195, 1.4262742240991195, 1.4262742240991195, 1.4262742240991195, 1.6535636846711332, 1.6535636846711332, 1.6535636846711332, 1.6535636846711332, 1.6535636846711332, 1.6535636846711332, 1.6535636846711332, 1.6535636846711332, 1.6535636846711332, 1.6535636846711332, 1.6535636846711332, 1.6535636846711332, 1.6535636846711332, 1.6535636846711332, 1.6535636846711332, 1.6535636846711332, 1.6535636846711332, 1.6535636846711332, 1.6535636846711332, 1.6535636846711332, 1.6535636846711332, 1.6535636846711332, 1.6535636846711332], "timestamp": "2025-03-14_00-46-08"}