{"y_max": 1.6514432699284796, "mean_values": [0.7899438549202503, 0.7899438549202503, 1.038290532517377, 1.1395445502207198, 1.1523751281240042, 1.1523751281240042, 1.1523751281240042, 1.2759776374408627, 1.6287912333753356, 1.6287912333753356, 1.6287912333753356, 1.6287912333753356, 1.6287912333753356, 1.6287912333753356, 1.6287912333753356, 1.6287912333753356, 1.6287912333753356, 1.6287912333753356, 1.6287912333753356, 1.6287912333753356, 1.6287912333753356, 1.6287912333753356, 1.6287912333753356, 1.6287912333753356, 1.6287912333753356, 1.6287912333753356, 1.6535820198743854, 1.6535820198743854, 1.6535820198743854, 1.6535820198743854, 1.6535820198743854, 1.6535820198743854, 1.6535820198743854, 1.6535820198743854, 1.6535820198743854, 1.6535820198743854], "timestamp": "2025-03-13_23-51-09"}