{"y_max": 1.6514432699284796, "mean_values": [0.9699808777380786, 1.134348238225533, 1.1409833474400783, 1.2301277067445995, 1.4260086430895722, 1.4260086430895722, 1.4260086430895722, 1.4260086430895722, 1.4260086430895722, 1.4260086430895722, 1.4260086430895722, 1.4260086430895722, 1.4260086430895722, 1.4260086430895722, 1.4260086430895722, 1.4260086430895722, 1.6525767339829038, 1.6525767339829038, 1.6525767339829038, 1.6525767339829038, 1.6525767339829038, 1.6525767339829038, 1.6525767339829038, 1.6525767339829038, 1.6525767339829038, 1.6525767339829038, 1.6525767339829038, 1.6525767339829038, 1.6525767339829038, 1.6525767339829038, 1.6525767339829038, 1.655345907941513, 1.655345907941513, 1.655345907941513], "timestamp": "2025-03-13_23-38-39"}