{"y_max": 1.6817229668738747, "mean_values": [0.24212178570761975, 0.7059995528471159, 1.20379586387836, 1.3228154590399739, 1.3228154590399739, 1.3228154590399739, 1.3997482167551465, 1.4287069436686126, 1.4287069436686126, 1.4287069436686126, 1.4557853512469263, 1.4557853512469263, 1.4557853512469263, 1.4557853512469263, 1.4557853512469263, 1.4557853512469263, 1.4557853512469263, 1.4557853512469263, 1.4639167690637864, 1.4639167690637864], "timestamp": "2025-03-15_11-30-16"}