{"y_max": 1.6817229668738747, "mean_values": [0.2467524162776746, 0.5674683652306177, 1.1989755572215448, 1.3171365011097722, 1.3171365011097722, 1.3171365011097722, 1.4014651578127664, 1.4014651578127664, 1.4060521238264394, 1.4220485605689541, 1.473079430467716, 1.473079430467716, 1.473079430467716, 1.473079430467716, 1.473079430467716, 1.4808536120893179, 1.4808536120893179, 1.4808536120893179, 1.4808536120893179, 1.4808536120893179], "timestamp": "2025-03-15_11-29-04"}