{
    "y_max": 1.6817229668738747,
    "mean_values": [
        0.24192598889580424,
        0.24192598889580424,
        0.5622974393994526,
        0.5622974393994526,
        0.5622974393994526,
        1.186758663057172,
        1.3669596763048817,
        1.3669596763048817,
        1.3669596763048817,
        1.3669596763048817,
        1.3669596763048817,
        1.3669596763048817,
        1.3669596763048817,
        1.3669596763048817,
        1.5814851439235165,
        1.5814851439235165,
        1.5814851439235165,
        1.5814851439235165,
        1.5814851439235165,
        1.5814851439235165,
        1.5814851439235165,
        1.5814851439235165,
        1.63108206549462,
        1.63108206549462,
        1.63108206549462,
        1.6515281105872184,
        1.6515281105872184,
        1.6515281105872184,
        1.6515281105872184,
        1.6515281105872184,
        1.6515281105872184,
        1.6515281105872184,
        1.6515281105872184,
        1.6515281105872184,
        1.6515281105872184,
        1.6515281105872184,
        1.6515281105872184,
        1.6515281105872184,
        1.6515281105872184,
        1.6515281105872184,
        1.6515281105872184,
        1.6515281105872184,
        1.6515281105872184,
        1.6515281105872184,
        1.6515281105872184,
        1.6515281105872184,
        1.6515281105872184,
        1.6515281105872184,
        1.6515281105872184,
        1.6515281105872184
    ],
    "timestamp": "2025-03-13_19-58-49"
}