{
    "y_max": 1.6817229668738747,
    "mean_values": [
        0.15014907506095493,
        0.4026949267080687,
        0.9277758019803763,
        1.345054034918322,
        1.345054034918322,
        1.345054034918322,
        1.345054034918322,
        1.345054034918322,
        1.345054034918322,
        1.345054034918322,
        1.345054034918322,
        1.345054034918322,
        1.345054034918322,
        1.345054034918322,
        1.345054034918322,
        1.3925989122934075,
        1.6429389790457714,
        1.6429389790457714,
        1.6429389790457714,
        1.6429389790457714,
        1.6429389790457714,
        1.6715213843634529,
        1.6715213843634529,
        1.6715213843634529,
        1.6715213843634529,
        1.6715213843634529,
        1.6715213843634529,
        1.6715213843634529,
        1.6715213843634529,
        1.6715213843634529,
        1.6715213843634529,
        1.6715213843634529,
        1.6715213843634529,
        1.6715213843634529,
        1.6715213843634529,
        1.6715213843634529,
        1.6715213843634529,
        1.6715213843634529,
        1.6715213843634529,
        1.6715213843634529,
        1.6715213843634529,
        1.6715213843634529,
        1.6715213843634529,
        1.6715213843634529,
        1.6715213843634529,
        1.6715213843634529,
        1.6715213843634529,
        1.6715213843634529,
        1.6715213843634529,
        1.6715213843634529
    ],
    "timestamp": "2025-03-13_19-33-11"
}