{
    "y_max": 1.6817229668738747,
    "mean_values": [
        0.1889308515841935,
        0.5810779758331496,
        1.2694972263415343,
        1.3145209477169773,
        1.3145209477169773,
        1.3145209477169773,
        1.3145209477169773,
        1.3145209477169773,
        1.3145209477169773,
        1.3145209477169773,
        1.3145209477169773,
        1.3145209477169773,
        1.3145209477169773,
        1.3145209477169773,
        1.3145209477169773,
        1.6813111613468772,
        1.6813111613468772,
        1.6813111613468772,
        1.6813111613468772,
        1.7036308188788827,
        1.7036308188788827,
        1.7036308188788827,
        1.7036308188788827,
        1.7036308188788827,
        1.7036308188788827,
        1.7036308188788827,
        1.7036308188788827,
        1.7036308188788827,
        1.7036308188788827,
        1.7036308188788827,
        1.7036308188788827,
        1.7036308188788827,
        1.7036308188788827,
        1.7036308188788827,
        1.7036308188788827,
        1.7036308188788827,
        1.7036308188788827,
        1.7036308188788827,
        1.7036308188788827,
        1.7036308188788827,
        1.7036308188788827,
        1.7036308188788827,
        1.7036308188788827,
        1.7036308188788827,
        1.7036308188788827,
        1.7036308188788827,
        1.7036308188788827,
        1.7036308188788827,
        1.7036308188788827,
        1.7036308188788827
    ],
    "timestamp": "2025-03-13_19-48-37"
}