{
    "y_max": 1.6817229668738747,
    "mean_values": [
        0.19964194982246586,
        0.48198708029224635,
        0.48198708029224635,
        1.0060730606055208,
        1.3856561340854854,
        1.3856561340854854,
        1.3856561340854854,
        1.3856561340854854,
        1.3856561340854854,
        1.3856561340854854,
        1.3856561340854854,
        1.3856561340854854,
        1.3856561340854854,
        1.3856561340854854,
        1.3856561340854854,
        1.5939610818007184,
        1.5939610818007184,
        1.5939610818007184,
        1.5939610818007184,
        1.5939610818007184,
        1.679162939402148,
        1.679162939402148,
        1.679162939402148,
        1.679162939402148,
        1.679162939402148,
        1.679162939402148,
        1.679162939402148,
        1.679162939402148,
        1.679162939402148,
        1.679162939402148,
        1.679162939402148,
        1.679162939402148,
        1.679162939402148,
        1.679162939402148,
        1.679162939402148,
        1.679162939402148,
        1.679162939402148,
        1.679162939402148,
        1.679162939402148,
        1.679162939402148,
        1.679162939402148,
        1.679162939402148,
        1.679162939402148,
        1.679162939402148,
        1.679162939402148,
        1.679162939402148,
        1.679162939402148,
        1.679162939402148,
        1.679162939402148,
        1.679162939402148
    ],
    "timestamp": "2025-03-13_19-49-47"
}