{
    "y_max": 1.6817229668738747,
    "mean_values": [
        0.12950410116452182,
        0.418898689986963,
        0.418898689986963,
        0.418898689986963,
        1.057435514874541,
        1.3947704934970273,
        1.3947704934970273,
        1.3947704934970273,
        1.3947704934970273,
        1.3947704934970273,
        1.3947704934970273,
        1.3947704934970273,
        1.3947704934970273,
        1.6933680224262384,
        1.6933680224262384,
        1.6933680224262384,
        1.6933680224262384,
        1.6933680224262384,
        1.6933680224262384,
        1.6933680224262384,
        1.6933680224262384,
        1.6933680224262384,
        1.6933680224262384,
        1.6933680224262384,
        1.6933680224262384,
        1.6933680224262384,
        1.6933680224262384,
        1.6933680224262384,
        1.6933680224262384,
        1.6933680224262384,
        1.6933680224262384,
        1.6933680224262384,
        1.6933680224262384,
        1.6933680224262384,
        1.6933680224262384,
        1.6933680224262384,
        1.6933680224262384,
        1.6933680224262384,
        1.6933680224262384,
        1.6933680224262384,
        1.6933680224262384,
        1.6933680224262384,
        1.6933680224262384,
        1.6933680224262384,
        1.6933680224262384,
        1.6933680224262384,
        1.6933680224262384,
        1.6933680224262384,
        1.6933680224262384,
        1.6933680224262384
    ],
    "timestamp": "2025-03-13_20-09-42"
}