{
    "y_max": 1.6817229668738747,
    "mean_values": [
        0.10194979243102198,
        0.10194979243102198,
        0.30553548670384784,
        0.30553548670384784,
        0.8796454896554982,
        0.8796454896554982,
        1.3989688557685196,
        1.3989688557685196,
        1.3989688557685196,
        1.3989688557685196,
        1.3989688557685196,
        1.3989688557685196,
        1.3989688557685196,
        1.3989688557685196,
        1.4189374662688383,
        1.6637478113540645,
        1.6637478113540645,
        1.6637478113540645,
        1.6637478113540645,
        1.6637478113540645,
        1.6637478113540645,
        1.6637478113540645,
        1.7370338515430057,
        1.7370338515430057,
        1.7370338515430057,
        1.7370338515430057,
        1.7370338515430057,
        1.7370338515430057,
        1.7370338515430057,
        1.7370338515430057,
        1.7370338515430057,
        1.7370338515430057,
        1.7370338515430057,
        1.7370338515430057,
        1.7370338515430057,
        1.7370338515430057,
        1.7370338515430057,
        1.7370338515430057,
        1.7370338515430057,
        1.7370338515430057,
        1.7370338515430057,
        1.7370338515430057,
        1.7370338515430057,
        1.7370338515430057,
        1.7370338515430057,
        1.7370338515430057,
        1.7370338515430057,
        1.7370338515430057,
        1.7370338515430057,
        1.7370338515430057
    ],
    "timestamp": "2025-03-13_20-04-57"
}