{
    "y_max": 1.6817229668738747,
    "mean_values": [
        0.23639098488261032,
        0.23639098488261032,
        0.23639098488261032,
        0.23639098488261032,
        0.4770194150622981,
        0.7024557477650113,
        1.0318819795859626,
        1.0318819795859626,
        1.4901986629583768,
        1.5736683016345527,
        1.5736683016345527,
        1.5736683016345527,
        1.5736683016345527,
        1.5736683016345527,
        1.5736683016345527,
        1.5736683016345527,
        1.5736683016345527,
        1.5736683016345527,
        1.5736683016345527,
        1.5736683016345527,
        1.5736683016345527,
        1.5736683016345527,
        1.5736683016345527,
        1.5736683016345527,
        1.5971453017193102,
        1.5971453017193102,
        1.5971453017193102,
        1.704131173205205,
        1.704131173205205,
        1.704131173205205,
        1.704131173205205,
        1.704131173205205,
        1.704131173205205,
        1.704131173205205,
        1.704131173205205,
        1.704131173205205,
        1.704131173205205,
        1.704131173205205,
        1.704131173205205,
        1.704131173205205,
        1.704131173205205,
        1.704131173205205,
        1.704131173205205,
        1.704131173205205,
        1.704131173205205,
        1.704131173205205,
        1.704131173205205,
        1.704131173205205,
        1.704131173205205,
        1.704131173205205
    ],
    "timestamp": "2025-03-13_20-47-33"
}