{
    "y_max": 1.6817229668738747,
    "mean_values": [
        0.159150443423252,
        0.159150443423252,
        0.4367180647572793,
        0.4367180647572793,
        0.9718276934558321,
        0.9718276934558321,
        0.9718276934558321,
        1.407598451386437,
        1.407598451386437,
        1.407598451386437,
        1.407598451386437,
        1.407598451386437,
        1.407598451386437,
        1.7029818221882198,
        1.7029818221882198,
        1.7029818221882198,
        1.7029818221882198,
        1.7029818221882198,
        1.7029818221882198,
        1.7029818221882198,
        1.7029818221882198,
        1.7029818221882198,
        1.7029818221882198,
        1.7029818221882198,
        1.7029818221882198,
        1.7029818221882198,
        1.7029818221882198,
        1.7029818221882198,
        1.7029818221882198,
        1.7029818221882198,
        1.7029818221882198,
        1.7029818221882198,
        1.7029818221882198,
        1.7029818221882198,
        1.7029818221882198,
        1.7029818221882198,
        1.7029818221882198,
        1.7029818221882198,
        1.7029818221882198,
        1.7029818221882198,
        1.7029818221882198,
        1.7029818221882198,
        1.7029818221882198,
        1.7029818221882198,
        1.7029818221882198,
        1.7029818221882198,
        1.7029818221882198,
        1.7029818221882198,
        1.7029818221882198,
        1.7029818221882198
    ],
    "timestamp": "2025-03-13_19-17-22"
}