{
    "y_max": 1.6817229668738747,
    "mean_values": [
        0.13884700285317436,
        0.46199277842665654,
        0.46199277842665654,
        1.033545148981773,
        1.3204635573061352,
        1.3204635573061352,
        1.3204635573061352,
        1.3204635573061352,
        1.3204635573061352,
        1.3204635573061352,
        1.3204635573061352,
        1.3204635573061352,
        1.3204635573061352,
        1.3204635573061352,
        1.3204635573061352,
        1.3204635573061352,
        1.3204635573061352,
        1.6078223366421598,
        1.6078223366421598,
        1.6078223366421598,
        1.6078223366421598,
        1.6078223366421598,
        1.6078223366421598,
        1.6309220831937132,
        1.6309220831937132,
        1.6862304702417978,
        1.6862304702417978,
        1.6862304702417978,
        1.6862304702417978,
        1.6862304702417978,
        1.6862304702417978,
        1.6862304702417978,
        1.6862304702417978,
        1.6862304702417978,
        1.6862304702417978,
        1.6862304702417978,
        1.6862304702417978,
        1.6862304702417978,
        1.6862304702417978,
        1.6862304702417978,
        1.6862304702417978,
        1.6862304702417978,
        1.6862304702417978,
        1.6862304702417978,
        1.6862304702417978,
        1.6862304702417978,
        1.6862304702417978,
        1.6862304702417978,
        1.6862304702417978,
        1.6862304702417978
    ],
    "timestamp": "2025-03-13_18-44-01"
}