{
    "y_max": 1.6817229668738747,
    "mean_values": [
        0.24417662806267104,
        0.24417662806267104,
        0.5768339760483525,
        1.2048189322317038,
        1.320467478720512,
        1.320467478720512,
        1.320467478720512,
        1.320467478720512,
        1.320467478720512,
        1.320467478720512,
        1.320467478720512,
        1.320467478720512,
        1.320467478720512,
        1.320467478720512,
        1.320467478720512,
        1.320467478720512,
        1.5258341908662747,
        1.5258341908662747,
        1.5258341908662747,
        1.5258341908662747,
        1.5258341908662747,
        1.6382503975014033,
        1.6386060085875895,
        1.6386060085875895,
        1.7107243578198068,
        1.7107243578198068,
        1.7107243578198068,
        1.7107243578198068,
        1.7107243578198068,
        1.7107243578198068,
        1.7107243578198068,
        1.7107243578198068,
        1.7107243578198068,
        1.7107243578198068,
        1.7107243578198068,
        1.7107243578198068,
        1.7107243578198068,
        1.7107243578198068,
        1.7107243578198068,
        1.7107243578198068,
        1.7107243578198068,
        1.7107243578198068,
        1.7107243578198068,
        1.7107243578198068,
        1.7107243578198068,
        1.7107243578198068,
        1.7107243578198068,
        1.7107243578198068,
        1.7107243578198068,
        1.7107243578198068
    ],
    "timestamp": "2025-03-13_20-42-38"
}