{
    "y_max": 1.6817229668738747,
    "mean_values": [
        0.11048765280846276,
        0.11048765280846276,
        0.11048765280846276,
        0.2610830356265757,
        0.4923446960431563,
        0.5179254787398928,
        1.1172844042590846,
        1.36256598107675,
        1.36256598107675,
        1.36256598107675,
        1.36256598107675,
        1.36256598107675,
        1.36256598107675,
        1.36256598107675,
        1.651540658570962,
        1.651540658570962,
        1.651540658570962,
        1.651540658570962,
        1.651540658570962,
        1.651540658570962,
        1.651540658570962,
        1.651540658570962,
        1.651540658570962,
        1.651540658570962,
        1.651540658570962,
        1.651540658570962,
        1.651540658570962,
        1.651540658570962,
        1.651540658570962,
        1.651540658570962,
        1.651540658570962,
        1.651540658570962,
        1.651540658570962,
        1.651540658570962,
        1.651540658570962,
        1.651540658570962,
        1.651540658570962,
        1.651540658570962,
        1.651540658570962,
        1.651540658570962,
        1.651540658570962,
        1.651540658570962,
        1.651540658570962,
        1.651540658570962,
        1.651540658570962,
        1.651540658570962,
        1.651540658570962,
        1.651540658570962,
        1.651540658570962,
        1.651540658570962
    ],
    "timestamp": "2025-03-13_19-38-46"
}