{
    "y_max": 1.6817229668738747,
    "mean_values": [
        0.1439567660776608,
        0.1439567660776608,
        0.35845908382269476,
        0.9176214101920295,
        1.396853292761037,
        1.396853292761037,
        1.396853292761037,
        1.396853292761037,
        1.396853292761037,
        1.396853292761037,
        1.396853292761037,
        1.396853292761037,
        1.396853292761037,
        1.6281755210112265,
        1.6281755210112265,
        1.6281755210112265,
        1.6281755210112265,
        1.6281755210112265,
        1.6560643394007075,
        1.6560643394007075,
        1.6560643394007075,
        1.6560643394007075,
        1.6560643394007075,
        1.7213615775439197,
        1.7213615775439197,
        1.7213615775439197,
        1.7213615775439197,
        1.7213615775439197,
        1.7213615775439197,
        1.7213615775439197,
        1.7213615775439197,
        1.7213615775439197,
        1.7213615775439197,
        1.7213615775439197,
        1.7213615775439197,
        1.7213615775439197,
        1.7213615775439197,
        1.7213615775439197,
        1.7213615775439197,
        1.7213615775439197,
        1.7213615775439197,
        1.7213615775439197,
        1.7213615775439197,
        1.7213615775439197,
        1.7213615775439197,
        1.7213615775439197,
        1.7213615775439197,
        1.7213615775439197,
        1.7213615775439197,
        1.7213615775439197
    ],
    "timestamp": "2025-03-13_18-53-38"
}