{
    "y_max": 1.6817229668738747,
    "mean_values": [
        0.1949661907150277,
        0.41061889116022954,
        0.8106302025941517,
        1.3880400517434162,
        1.3880400517434162,
        1.3880400517434162,
        1.3880400517434162,
        1.3880400517434162,
        1.3880400517434162,
        1.3880400517434162,
        1.3880400517434162,
        1.3880400517434162,
        1.3880400517434162,
        1.3880400517434162,
        1.3880400517434162,
        1.3880400517434162,
        1.6744830630709044,
        1.6744830630709044,
        1.6744830630709044,
        1.6744830630709044,
        1.6744830630709044,
        1.6744830630709044,
        1.6807686932034231,
        1.6807686932034231,
        1.6807686932034231,
        1.6807686932034231,
        1.6807686932034231,
        1.6807686932034231,
        1.6807686932034231,
        1.6807686932034231,
        1.6807686932034231,
        1.6807686932034231,
        1.6807686932034231,
        1.6807686932034231,
        1.6807686932034231,
        1.6807686932034231,
        1.6807686932034231,
        1.6807686932034231,
        1.6807686932034231,
        1.6807686932034231,
        1.6807686932034231,
        1.6807686932034231,
        1.6807686932034231,
        1.6807686932034231,
        1.6807686932034231,
        1.6807686932034231,
        1.6807686932034231,
        1.6807686932034231,
        1.6807686932034231,
        1.6807686932034231
    ],
    "timestamp": "2025-03-13_20-51-25"
}