{
    "y_max": 1.6817229668738747,
    "mean_values": [
        0.22962355035970683,
        0.22962355035970683,
        0.7013805854255261,
        1.28266602787058,
        1.28266602787058,
        1.3811144853172528,
        1.3811144853172528,
        1.3811144853172528,
        1.3811144853172528,
        1.3811144853172528,
        1.3811144853172528,
        1.3811144853172528,
        1.3811144853172528,
        1.3811144853172528,
        1.5841919391188894,
        1.5841919391188894,
        1.5841919391188894,
        1.5841919391188894,
        1.5841919391188894,
        1.5841919391188894,
        1.5841919391188894,
        1.7044190122027865,
        1.7044190122027865,
        1.7044190122027865,
        1.7044190122027865,
        1.7044190122027865,
        1.7044190122027865,
        1.7044190122027865,
        1.7044190122027865,
        1.7044190122027865,
        1.7044190122027865,
        1.7044190122027865,
        1.7044190122027865,
        1.7044190122027865,
        1.7044190122027865,
        1.7044190122027865,
        1.7044190122027865,
        1.7044190122027865,
        1.7044190122027865,
        1.7044190122027865,
        1.7044190122027865,
        1.7044190122027865,
        1.7044190122027865,
        1.7044190122027865,
        1.7044190122027865,
        1.7044190122027865,
        1.7044190122027865,
        1.7044190122027865,
        1.7044190122027865,
        1.7044190122027865
    ],
    "timestamp": "2025-03-13_19-28-08"
}