{
    "y_max": 1.6817229668738747,
    "mean_values": [
        0.1814725533254495,
        0.5184097759791169,
        0.5184097759791169,
        1.2667196125444908,
        1.2667196125444908,
        1.3796409121932316,
        1.3796409121932316,
        1.3796409121932316,
        1.3796409121932316,
        1.3796409121932316,
        1.3796409121932316,
        1.3796409121932316,
        1.3796409121932316,
        1.6374295045984633,
        1.6374295045984633,
        1.6374295045984633,
        1.6374295045984633,
        1.6374295045984633,
        1.6374295045984633,
        1.6709763825968413,
        1.6709763825968413,
        1.6709763825968413,
        1.7436010625209828,
        1.7436010625209828,
        1.7436010625209828,
        1.7436010625209828,
        1.7436010625209828,
        1.7436010625209828,
        1.7436010625209828,
        1.7436010625209828,
        1.7436010625209828,
        1.7436010625209828,
        1.7436010625209828,
        1.7436010625209828,
        1.7436010625209828,
        1.7436010625209828,
        1.7436010625209828,
        1.7436010625209828,
        1.7436010625209828,
        1.7436010625209828,
        1.7436010625209828,
        1.7436010625209828,
        1.7436010625209828,
        1.7436010625209828,
        1.7436010625209828,
        1.7436010625209828,
        1.7436010625209828,
        1.7436010625209828,
        1.7436010625209828,
        1.7436010625209828
    ],
    "timestamp": "2025-03-13_19-55-13"
}