{
    "y_max": 1.6817229668738747,
    "mean_values": [
        0.24244923190429368,
        0.4712446077933771,
        0.9665171503553104,
        1.4681772730605482,
        1.4681772730605482,
        1.4681772730605482,
        1.4681772730605482,
        1.4681772730605482,
        1.4681772730605482,
        1.4681772730605482,
        1.4681772730605482,
        1.4681772730605482,
        1.4681772730605482,
        1.4681772730605482,
        1.4681772730605482,
        1.4681772730605482,
        1.503951243622264,
        1.503951243622264,
        1.503951243622264,
        1.503951243622264,
        1.6891466136049345,
        1.6891466136049345,
        1.6891466136049345,
        1.6891466136049345,
        1.6891466136049345,
        1.6891466136049345,
        1.6891466136049345,
        1.6891466136049345,
        1.6891466136049345,
        1.6891466136049345,
        1.6891466136049345,
        1.6891466136049345,
        1.6891466136049345,
        1.6891466136049345,
        1.6891466136049345,
        1.6891466136049345,
        1.6891466136049345,
        1.6891466136049345,
        1.6891466136049345,
        1.6891466136049345,
        1.6891466136049345,
        1.6891466136049345,
        1.6891466136049345,
        1.6891466136049345,
        1.6891466136049345,
        1.6891466136049345,
        1.6891466136049345,
        1.6891466136049345,
        1.6891466136049345,
        1.6891466136049345
    ],
    "timestamp": "2025-03-13_19-22-54"
}