{
    "y_max": 1.6817229668738747,
    "mean_values": [
        0.2395130651318479,
        0.6623743456114096,
        1.256303224692961,
        1.4044894768104417,
        1.4044894768104417,
        1.4044894768104417,
        1.4044894768104417,
        1.4044894768104417,
        1.4044894768104417,
        1.4044894768104417,
        1.4044894768104417,
        1.4044894768104417,
        1.4044894768104417,
        1.4044894768104417,
        1.4044894768104417,
        1.6557784370785777,
        1.6557784370785777,
        1.6557784370785777,
        1.6557784370785777,
        1.692540952706044,
        1.692540952706044,
        1.692540952706044,
        1.692540952706044,
        1.692540952706044,
        1.692540952706044,
        1.692540952706044,
        1.7130856307009616,
        1.7130856307009616,
        1.7130856307009616,
        1.7130856307009616,
        1.7130856307009616,
        1.7130856307009616,
        1.7130856307009616,
        1.7130856307009616,
        1.7130856307009616,
        1.7130856307009616,
        1.7130856307009616,
        1.7130856307009616,
        1.7130856307009616,
        1.7130856307009616,
        1.7130856307009616,
        1.7130856307009616,
        1.7130856307009616,
        1.7130856307009616,
        1.7130856307009616,
        1.7130856307009616,
        1.7130856307009616,
        1.7130856307009616,
        1.7130856307009616,
        1.7130856307009616
    ],
    "timestamp": "2025-03-13_19-41-52"
}