{
    "y_max": 1.6817229668738747,
    "mean_values": [
        0.21844245328198486,
        0.4842689038050064,
        0.9332750516687157,
        1.3194138915041582,
        1.4682068368938568,
        1.4682068368938568,
        1.4682068368938568,
        1.4682068368938568,
        1.4682068368938568,
        1.4682068368938568,
        1.4682068368938568,
        1.4682068368938568,
        1.4682068368938568,
        1.4682068368938568,
        1.4682068368938568,
        1.4682068368938568,
        1.4682068368938568,
        1.6745932936548482,
        1.6745932936548482,
        1.6745932936548482,
        1.6745932936548482,
        1.6745932936548482,
        1.6745932936548482,
        1.6745932936548482,
        1.6745932936548482,
        1.6745932936548482,
        1.6745932936548482,
        1.6745932936548482,
        1.6745932936548482,
        1.6745932936548482,
        1.6745932936548482,
        1.6745932936548482,
        1.6745932936548482,
        1.6745932936548482,
        1.6745932936548482,
        1.6745932936548482,
        1.6745932936548482,
        1.6745932936548482,
        1.6745932936548482,
        1.6745932936548482,
        1.6745932936548482,
        1.6745932936548482,
        1.6745932936548482,
        1.6745932936548482,
        1.6745932936548482,
        1.6745932936548482,
        1.6745932936548482,
        1.6745932936548482,
        1.6745932936548482,
        1.6745932936548482
    ],
    "timestamp": "2025-03-13_20-31-22"
}