{
    "y_max": 1.6817229668738747,
    "mean_values": [
        0.2514593422539576,
        0.5818238980499606,
        1.2226526305447554,
        1.3913100075791691,
        1.3913100075791691,
        1.3913100075791691,
        1.3913100075791691,
        1.3913100075791691,
        1.3913100075791691,
        1.3913100075791691,
        1.3913100075791691,
        1.3913100075791691,
        1.3913100075791691,
        1.3913100075791691,
        1.3913100075791691,
        1.3913100075791691,
        1.6883503820803767,
        1.6883503820803767,
        1.6883503820803767,
        1.6883503820803767,
        1.6883503820803767,
        1.6883503820803767,
        1.6883503820803767,
        1.6883503820803767,
        1.6883503820803767,
        1.6883503820803767,
        1.6883503820803767,
        1.6883503820803767,
        1.6883503820803767,
        1.6883503820803767,
        1.6883503820803767,
        1.6883503820803767,
        1.6883503820803767,
        1.6883503820803767,
        1.6883503820803767,
        1.6883503820803767,
        1.6883503820803767,
        1.6883503820803767,
        1.6883503820803767,
        1.6883503820803767,
        1.6883503820803767,
        1.6883503820803767,
        1.6883503820803767,
        1.6883503820803767,
        1.6883503820803767,
        1.6883503820803767,
        1.6883503820803767,
        1.6883503820803767,
        1.6883503820803767,
        1.6883503820803767
    ],
    "timestamp": "2025-03-13_20-29-39"
}