{
    "y_max": 1.6817229668738747,
    "mean_values": [
        0.15016309406077974,
        0.383431046431484,
        0.9092790968023918,
        1.3898422070054002,
        1.3898422070054002,
        1.3898422070054002,
        1.3898422070054002,
        1.3898422070054002,
        1.3898422070054002,
        1.3898422070054002,
        1.3898422070054002,
        1.3898422070054002,
        1.3898422070054002,
        1.691151474422433,
        1.691151474422433,
        1.691151474422433,
        1.691151474422433,
        1.691151474422433,
        1.691151474422433,
        1.691151474422433,
        1.691151474422433,
        1.691151474422433,
        1.691151474422433,
        1.691151474422433,
        1.691151474422433,
        1.691151474422433,
        1.691151474422433,
        1.691151474422433,
        1.691151474422433,
        1.691151474422433,
        1.691151474422433,
        1.691151474422433,
        1.691151474422433,
        1.691151474422433,
        1.691151474422433,
        1.691151474422433,
        1.691151474422433,
        1.691151474422433,
        1.691151474422433,
        1.691151474422433,
        1.691151474422433,
        1.691151474422433,
        1.691151474422433,
        1.691151474422433,
        1.691151474422433,
        1.691151474422433,
        1.691151474422433,
        1.691151474422433,
        1.691151474422433,
        1.691151474422433
    ],
    "timestamp": "2025-03-13_19-51-00"
}