{
    "y_max": 1.6817229668738747,
    "mean_values": [
        0.1474870379503453,
        0.4399006327934576,
        0.9839506190271615,
        0.9839506190271615,
        1.3594028745384261,
        1.3594028745384261,
        1.3594028745384261,
        1.3594028745384261,
        1.3594028745384261,
        1.3594028745384261,
        1.3594028745384261,
        1.3594028745384261,
        1.3594028745384261,
        1.3594028745384261,
        1.6309281901059645,
        1.6309281901059645,
        1.6309281901059645,
        1.6309281901059645,
        1.6309281901059645,
        1.6309281901059645,
        1.6309281901059645,
        1.6412999817209148,
        1.6412999817209148,
        1.6412999817209148,
        1.6412999817209148,
        1.6412999817209148,
        1.6412999817209148,
        1.6412999817209148,
        1.6412999817209148,
        1.6412999817209148,
        1.6412999817209148,
        1.6412999817209148,
        1.6412999817209148,
        1.6412999817209148,
        1.6412999817209148,
        1.6412999817209148,
        1.6412999817209148,
        1.6412999817209148,
        1.6412999817209148,
        1.6412999817209148,
        1.6412999817209148,
        1.6412999817209148,
        1.6412999817209148,
        1.6412999817209148,
        1.6412999817209148,
        1.6412999817209148,
        1.6412999817209148,
        1.6412999817209148,
        1.6412999817209148,
        1.6412999817209148
    ],
    "timestamp": "2025-03-13_20-54-02"
}