{
    "y_max": 1.6817229668738747,
    "mean_values": [
        0.25383865924522603,
        0.6633532279503066,
        0.6633532279503066,
        0.6633532279503066,
        1.2852544417778866,
        1.306438679477453,
        1.306438679477453,
        1.306438679477453,
        1.306438679477453,
        1.306438679477453,
        1.306438679477453,
        1.306438679477453,
        1.306438679477453,
        1.306438679477453,
        1.306438679477453,
        1.557317941551449,
        1.557317941551449,
        1.557317941551449,
        1.557317941551449,
        1.557317941551449,
        1.557317941551449,
        1.557317941551449,
        1.7088924619828498,
        1.7088924619828498,
        1.7088924619828498,
        1.7202046408605867,
        1.7202046408605867,
        1.7202046408605867,
        1.7202046408605867,
        1.7202046408605867,
        1.7202046408605867,
        1.7202046408605867,
        1.7202046408605867,
        1.7202046408605867,
        1.7202046408605867,
        1.7202046408605867,
        1.7202046408605867,
        1.7202046408605867,
        1.7202046408605867,
        1.7202046408605867,
        1.7202046408605867,
        1.7202046408605867,
        1.7202046408605867,
        1.7202046408605867,
        1.7202046408605867,
        1.7202046408605867,
        1.7202046408605867,
        1.7202046408605867,
        1.7202046408605867,
        1.7202046408605867
    ],
    "timestamp": "2025-03-13_18-59-32"
}