{
    "y_max": 1.6817229668738747,
    "mean_values": [
        0.21004170215029172,
        0.21004170215029172,
        0.5371564600768752,
        1.2330325147079289,
        1.4488909235710088,
        1.4488909235710088,
        1.4488909235710088,
        1.4488909235710088,
        1.4488909235710088,
        1.4488909235710088,
        1.4488909235710088,
        1.4488909235710088,
        1.4488909235710088,
        1.4488909235710088,
        1.4488909235710088,
        1.4488909235710088,
        1.5823913414439053,
        1.5823913414439053,
        1.5823913414439053,
        1.5823913414439053,
        1.5823913414439053,
        1.5823913414439053,
        1.6194820104815386,
        1.6194820104815386,
        1.6697703195851399,
        1.6697703195851399,
        1.6697703195851399,
        1.6697703195851399,
        1.6697703195851399,
        1.6697703195851399,
        1.6697703195851399,
        1.6697703195851399,
        1.6697703195851399,
        1.6697703195851399,
        1.6697703195851399,
        1.6697703195851399,
        1.6697703195851399,
        1.6697703195851399,
        1.6697703195851399,
        1.6697703195851399,
        1.6697703195851399,
        1.6697703195851399,
        1.6697703195851399,
        1.6697703195851399,
        1.6697703195851399,
        1.6697703195851399,
        1.6697703195851399,
        1.6697703195851399,
        1.6697703195851399,
        1.6697703195851399
    ],
    "timestamp": "2025-03-13_19-53-27"
}