{
    "y_max": 1.6817229668738747,
    "mean_values": [
        0.23570569810419228,
        0.5906242842747833,
        1.2664972210472494,
        1.2664972210472494,
        1.2664972210472494,
        1.3649013253881346,
        1.3649013253881346,
        1.3649013253881346,
        1.3649013253881346,
        1.3649013253881346,
        1.3649013253881346,
        1.3649013253881346,
        1.3649013253881346,
        1.3649013253881346,
        1.5811809795739546,
        1.5811809795739546,
        1.5811809795739546,
        1.5811809795739546,
        1.5811809795739546,
        1.5811809795739546,
        1.617440160297829,
        1.617440160297829,
        1.617440160297829,
        1.617440160297829,
        1.6449936143737638,
        1.6449936143737638,
        1.7071841580585718,
        1.7071841580585718,
        1.7071841580585718,
        1.7071841580585718,
        1.7071841580585718,
        1.7071841580585718,
        1.7071841580585718,
        1.7071841580585718,
        1.7071841580585718,
        1.7071841580585718,
        1.7071841580585718,
        1.7071841580585718,
        1.7071841580585718,
        1.7071841580585718,
        1.7071841580585718,
        1.7071841580585718,
        1.7071841580585718,
        1.7071841580585718,
        1.7071841580585718,
        1.7071841580585718,
        1.7071841580585718,
        1.7071841580585718,
        1.7071841580585718,
        1.7071841580585718
    ],
    "timestamp": "2025-03-13_20-41-32"
}