{
    "y_max": 1.6817229668738747,
    "mean_values": [
        0.1985577851750444,
        0.6583019041957774,
        1.2322577175368248,
        1.3478269971123957,
        1.3478269971123957,
        1.3478269971123957,
        1.3478269971123957,
        1.3478269971123957,
        1.3478269971123957,
        1.3478269971123957,
        1.3478269971123957,
        1.3478269971123957,
        1.3478269971123957,
        1.3478269971123957,
        1.3478269971123957,
        1.3478269971123957,
        1.604526344440476,
        1.604526344440476,
        1.604526344440476,
        1.604526344440476,
        1.6465213538656074,
        1.6465213538656074,
        1.6559309240921447,
        1.6559309240921447,
        1.6993305304314028,
        1.6993305304314028,
        1.6993305304314028,
        1.6993305304314028,
        1.6993305304314028,
        1.6993305304314028,
        1.6993305304314028,
        1.6993305304314028,
        1.6993305304314028,
        1.6993305304314028,
        1.6993305304314028,
        1.6993305304314028,
        1.6993305304314028,
        1.6993305304314028,
        1.6993305304314028,
        1.6993305304314028,
        1.6993305304314028,
        1.6993305304314028,
        1.6993305304314028,
        1.6993305304314028,
        1.6993305304314028,
        1.6993305304314028,
        1.6993305304314028,
        1.6993305304314028,
        1.6993305304314028,
        1.6993305304314028
    ],
    "timestamp": "2025-03-13_20-23-47"
}