{
    "y_max": 1.6817229668738747,
    "mean_values": [
        0.15081474574971868,
        0.15081474574971868,
        0.15081474574971868,
        0.4153128288957053,
        0.4153128288957053,
        1.0339377406347932,
        1.4478322152026755,
        1.4478322152026755,
        1.4478322152026755,
        1.4478322152026755,
        1.4478322152026755,
        1.4478322152026755,
        1.4478322152026755,
        1.663134684311852,
        1.663134684311852,
        1.663134684311852,
        1.663134684311852,
        1.663134684311852,
        1.663134684311852,
        1.663134684311852,
        1.663134684311852,
        1.663134684311852,
        1.663134684311852,
        1.663134684311852,
        1.6935735467412698,
        1.6935735467412698,
        1.6935735467412698,
        1.6935735467412698,
        1.6935735467412698,
        1.6935735467412698,
        1.6935735467412698,
        1.6935735467412698,
        1.6935735467412698,
        1.6935735467412698,
        1.6935735467412698,
        1.6935735467412698,
        1.6935735467412698,
        1.6935735467412698,
        1.6935735467412698,
        1.6935735467412698,
        1.6935735467412698,
        1.6935735467412698,
        1.6935735467412698,
        1.6935735467412698,
        1.6935735467412698,
        1.6935735467412698,
        1.6935735467412698,
        1.6935735467412698,
        1.6935735467412698,
        1.6935735467412698
    ],
    "timestamp": "2025-03-13_19-59-59"
}