{
    "y_max": 1.6817229668738747,
    "mean_values": [
        0.3057109974080334,
        0.7166508331859422,
        0.7166508331859422,
        1.285714833340881,
        1.285714833340881,
        1.3278837199230187,
        1.3278837199230187,
        1.3278837199230187,
        1.3278837199230187,
        1.3278837199230187,
        1.3278837199230187,
        1.3278837199230187,
        1.3278837199230187,
        1.3278837199230187,
        1.4604329592648015,
        1.528785484782212,
        1.528785484782212,
        1.528785484782212,
        1.528785484782212,
        1.528785484782212,
        1.528785484782212,
        1.7192654970628778,
        1.7192654970628778,
        1.7192654970628778,
        1.7192654970628778,
        1.7192654970628778,
        1.7192654970628778,
        1.7192654970628778,
        1.7192654970628778,
        1.7192654970628778,
        1.7192654970628778,
        1.7192654970628778,
        1.7192654970628778,
        1.7192654970628778,
        1.7192654970628778,
        1.7192654970628778,
        1.7192654970628778,
        1.7192654970628778,
        1.7192654970628778,
        1.7192654970628778,
        1.7192654970628778,
        1.7192654970628778,
        1.7192654970628778,
        1.7192654970628778,
        1.7192654970628778,
        1.7192654970628778,
        1.7192654970628778,
        1.7192654970628778,
        1.7192654970628778,
        1.7192654970628778
    ],
    "timestamp": "2025-03-13_19-26-49"
}