{
    "y_max": 1.6817229668738747,
    "mean_values": [
        0.13301573273114528,
        0.13301573273114528,
        0.13301573273114528,
        0.4302891663886189,
        1.0368989786965652,
        1.418128993582749,
        1.418128993582749,
        1.418128993582749,
        1.418128993582749,
        1.418128993582749,
        1.418128993582749,
        1.418128993582749,
        1.418128993582749,
        1.418128993582749,
        1.418128993582749,
        1.5345091532154906,
        1.5345091532154906,
        1.5345091532154906,
        1.5345091532154906,
        1.5345091532154906,
        1.6992178111896974,
        1.6992178111896974,
        1.6992178111896974,
        1.6992178111896974,
        1.6992178111896974,
        1.6992178111896974,
        1.6992178111896974,
        1.6992178111896974,
        1.6992178111896974,
        1.6992178111896974,
        1.6992178111896974,
        1.6992178111896974,
        1.6992178111896974,
        1.6992178111896974,
        1.6992178111896974,
        1.6992178111896974,
        1.6992178111896974,
        1.6992178111896974,
        1.6992178111896974,
        1.6992178111896974,
        1.6992178111896974,
        1.6992178111896974,
        1.6992178111896974,
        1.6992178111896974,
        1.6992178111896974,
        1.6992178111896974,
        1.6992178111896974,
        1.6992178111896974,
        1.6992178111896974,
        1.6992178111896974
    ],
    "timestamp": "2025-03-13_20-56-33"
}