{
    "y_max": 1.6817229668738747,
    "mean_values": [
        0.11950560352844243,
        0.41605477280145087,
        0.9767949235814746,
        1.3972156775933169,
        1.3972156775933169,
        1.3972156775933169,
        1.3972156775933169,
        1.3972156775933169,
        1.3972156775933169,
        1.3972156775933169,
        1.3972156775933169,
        1.3972156775933169,
        1.3972156775933169,
        1.3972156775933169,
        1.3972156775933169,
        1.3972156775933169,
        1.7050236305004343,
        1.7050236305004343,
        1.7050236305004343,
        1.7050236305004343,
        1.7050236305004343,
        1.7050236305004343,
        1.7050236305004343,
        1.7050236305004343,
        1.7050236305004343,
        1.7050236305004343,
        1.7050236305004343,
        1.7050236305004343,
        1.7050236305004343,
        1.7050236305004343,
        1.7050236305004343,
        1.7050236305004343,
        1.7050236305004343,
        1.7050236305004343,
        1.7050236305004343,
        1.7050236305004343,
        1.7050236305004343,
        1.7050236305004343,
        1.7050236305004343,
        1.7050236305004343,
        1.7050236305004343,
        1.7050236305004343,
        1.7050236305004343,
        1.7050236305004343,
        1.7050236305004343,
        1.7050236305004343,
        1.7050236305004343,
        1.7050236305004343,
        1.7050236305004343,
        1.7050236305004343
    ],
    "timestamp": "2025-03-13_20-06-02"
}