{
    "y_max": 1.6817229668738747,
    "mean_values": [
        0.2283105993432894,
        0.2283105993432894,
        0.2283105993432894,
        0.2283105993432894,
        0.6442343393168232,
        0.6442343393168232,
        0.7058708530994999,
        1.354545756419466,
        1.354545756419466,
        1.354545756419466,
        1.4959805603504022,
        1.609362862641216,
        1.609362862641216,
        1.609362862641216,
        1.609362862641216,
        1.609362862641216,
        1.609362862641216,
        1.609362862641216,
        1.609362862641216,
        1.609362862641216,
        1.609362862641216,
        1.609362862641216,
        1.6624213303749937,
        1.6624213303749937,
        1.6624213303749937,
        1.6624213303749937,
        1.6624213303749937,
        1.6624213303749937,
        1.6624213303749937,
        1.6624213303749937,
        1.6624213303749937,
        1.6624213303749937,
        1.6624213303749937,
        1.6624213303749937,
        1.6624213303749937,
        1.6624213303749937,
        1.6624213303749937,
        1.6624213303749937,
        1.6624213303749937,
        1.6624213303749937,
        1.6624213303749937,
        1.6624213303749937,
        1.6624213303749937,
        1.6624213303749937,
        1.6624213303749937,
        1.6624213303749937,
        1.6624213303749937,
        1.6624213303749937,
        1.6624213303749937,
        1.6624213303749937
    ],
    "timestamp": "2025-03-13_18-46-14"
}