{
    "y_max": 1.6817229668738747,
    "mean_values": [
        0.18518229621488583,
        0.18518229621488583,
        0.49032655924884055,
        1.0309236451864767,
        1.3950592816200669,
        1.3950592816200669,
        1.3950592816200669,
        1.3950592816200669,
        1.3950592816200669,
        1.3950592816200669,
        1.3950592816200669,
        1.3950592816200669,
        1.3950592816200669,
        1.3950592816200669,
        1.3950592816200669,
        1.3950592816200669,
        1.7450104493112595,
        1.7450104493112595,
        1.7450104493112595,
        1.7450104493112595,
        1.7450104493112595,
        1.7450104493112595,
        1.7450104493112595,
        1.7450104493112595,
        1.7450104493112595,
        1.7450104493112595,
        1.7450104493112595,
        1.7450104493112595,
        1.7450104493112595,
        1.7450104493112595,
        1.7450104493112595,
        1.7450104493112595,
        1.7450104493112595,
        1.7450104493112595,
        1.7450104493112595,
        1.7450104493112595,
        1.7450104493112595,
        1.7450104493112595,
        1.7450104493112595,
        1.7450104493112595,
        1.7450104493112595,
        1.7450104493112595,
        1.7450104493112595,
        1.7450104493112595,
        1.7450104493112595,
        1.7450104493112595,
        1.7450104493112595,
        1.7450104493112595,
        1.7450104493112595,
        1.7450104493112595
    ],
    "timestamp": "2025-03-13_18-45-06"
}