{
    "y_max": 1.6817229668738747,
    "mean_values": [
        0.131749981483822,
        0.38931694493804836,
        0.9423077470346014,
        1.3738660234829214,
        1.3738660234829214,
        1.3738660234829214,
        1.3738660234829214,
        1.3738660234829214,
        1.3738660234829214,
        1.3738660234829214,
        1.3738660234829214,
        1.3738660234829214,
        1.3738660234829214,
        1.3738660234829214,
        1.3738660234829214,
        1.3738660234829214,
        1.5792699471633862,
        1.5792699471633862,
        1.5792699471633862,
        1.5792699471633862,
        1.5792699471633862,
        1.5792699471633862,
        1.5792699471633862,
        1.5792699471633862,
        1.5792699471633862,
        1.5792699471633862,
        1.5792699471633862,
        1.631103818263592,
        1.631103818263592,
        1.7094932424753935,
        1.7094932424753935,
        1.7094932424753935,
        1.7094932424753935,
        1.7094932424753935,
        1.7094932424753935,
        1.7094932424753935,
        1.7094932424753935,
        1.7094932424753935,
        1.7094932424753935,
        1.7094932424753935,
        1.7094932424753935,
        1.7094932424753935,
        1.7094932424753935,
        1.7094932424753935,
        1.7094932424753935,
        1.7094932424753935,
        1.7094932424753935,
        1.7094932424753935,
        1.7094932424753935,
        1.7094932424753935
    ],
    "timestamp": "2025-03-13_19-07-14"
}