{
    "y_max": 1.6817229668738747,
    "mean_values": [
        0.14099351646918146,
        0.14099351646918146,
        0.14099351646918146,
        0.4549994342118326,
        0.4549994342118326,
        0.9751542659860185,
        0.9751542659860185,
        1.373305694845917,
        1.373305694845917,
        1.373305694845917,
        1.373305694845917,
        1.373305694845917,
        1.373305694845917,
        1.373305694845917,
        1.373305694845917,
        1.7131686045151018,
        1.7131686045151018,
        1.7131686045151018,
        1.7131686045151018,
        1.7131686045151018,
        1.7131686045151018,
        1.7131686045151018,
        1.7131686045151018,
        1.7131686045151018,
        1.7131686045151018,
        1.7131686045151018,
        1.7131686045151018,
        1.7131686045151018,
        1.7131686045151018,
        1.7131686045151018,
        1.7131686045151018,
        1.7131686045151018,
        1.7131686045151018,
        1.7131686045151018,
        1.7131686045151018,
        1.7131686045151018,
        1.7131686045151018,
        1.7131686045151018,
        1.7131686045151018,
        1.7131686045151018,
        1.7131686045151018,
        1.7131686045151018,
        1.7131686045151018,
        1.7131686045151018,
        1.7131686045151018,
        1.7131686045151018,
        1.7131686045151018,
        1.7131686045151018,
        1.7131686045151018,
        1.7131686045151018
    ],
    "timestamp": "2025-03-13_19-57-33"
}