{
    "y_max": 1.6817229668738747,
    "mean_values": [
        0.23839842247614562,
        0.5853803585938111,
        1.2253795192071637,
        1.3867465448956209,
        1.3867465448956209,
        1.3867465448956209,
        1.3867465448956209,
        1.3867465448956209,
        1.3867465448956209,
        1.3867465448956209,
        1.3867465448956209,
        1.3867465448956209,
        1.3867465448956209,
        1.3867465448956209,
        1.3867465448956209,
        1.6360657670467549,
        1.6360657670467549,
        1.6360657670467549,
        1.6360657670467549,
        1.6360657670467549,
        1.6360657670467549,
        1.692331497270359,
        1.692331497270359,
        1.692331497270359,
        1.692331497270359,
        1.692331497270359,
        1.692331497270359,
        1.697179233315321,
        1.697179233315321,
        1.6976888936861292,
        1.6976888936861292,
        1.6976888936861292,
        1.6976888936861292,
        1.6976888936861292,
        1.6976888936861292,
        1.6976888936861292,
        1.6976888936861292,
        1.6976888936861292,
        1.6976888936861292,
        1.6976888936861292,
        1.6976888936861292,
        1.6976888936861292,
        1.6976888936861292,
        1.6976888936861292,
        1.6976888936861292,
        1.6976888936861292,
        1.6976888936861292,
        1.6976888936861292,
        1.6976888936861292,
        1.6976888936861292
    ],
    "timestamp": "2025-03-13_20-37-52"
}