{
    "y_max": 1.6817229668738747,
    "mean_values": [
        0.15041777641337742,
        0.43794611987531884,
        1.0328155745155936,
        1.472375118266538,
        1.472375118266538,
        1.472375118266538,
        1.472375118266538,
        1.472375118266538,
        1.472375118266538,
        1.472375118266538,
        1.472375118266538,
        1.472375118266538,
        1.472375118266538,
        1.472375118266538,
        1.472375118266538,
        1.745155529038356,
        1.745155529038356,
        1.745155529038356,
        1.745155529038356,
        1.745155529038356,
        1.745155529038356,
        1.745155529038356,
        1.745155529038356,
        1.745155529038356,
        1.745155529038356,
        1.745155529038356,
        1.745155529038356,
        1.745155529038356,
        1.745155529038356,
        1.745155529038356,
        1.745155529038356,
        1.745155529038356,
        1.745155529038356,
        1.745155529038356,
        1.745155529038356,
        1.745155529038356,
        1.745155529038356,
        1.745155529038356,
        1.745155529038356,
        1.745155529038356,
        1.745155529038356,
        1.745155529038356,
        1.745155529038356,
        1.745155529038356,
        1.745155529038356,
        1.745155529038356,
        1.745155529038356,
        1.745155529038356,
        1.745155529038356,
        1.745155529038356
    ],
    "timestamp": "2025-03-13_19-56-19"
}