{
    "y_max": 1.6817229668738747,
    "mean_values": [
        0.22177288991715602,
        0.22177288991715602,
        0.22177288991715602,
        0.22177288991715602,
        0.4745238476052476,
        0.6737650205191908,
        1.3217810220599266,
        1.3217810220599266,
        1.3217810220599266,
        1.3217810220599266,
        1.5180477900811389,
        1.5180477900811389,
        1.5180477900811389,
        1.5180477900811389,
        1.5180477900811389,
        1.5180477900811389,
        1.5180477900811389,
        1.6855359240386938,
        1.6855359240386938,
        1.6855359240386938,
        1.6855359240386938,
        1.6855359240386938,
        1.6855359240386938,
        1.6855359240386938,
        1.6855359240386938,
        1.6855359240386938,
        1.6855359240386938,
        1.6855359240386938,
        1.6855359240386938,
        1.6855359240386938,
        1.6855359240386938,
        1.6855359240386938,
        1.6855359240386938,
        1.6855359240386938,
        1.6855359240386938,
        1.6855359240386938,
        1.6855359240386938,
        1.6855359240386938,
        1.6855359240386938,
        1.6855359240386938,
        1.6855359240386938,
        1.6855359240386938,
        1.6855359240386938,
        1.6855359240386938,
        1.6855359240386938,
        1.6855359240386938,
        1.6855359240386938,
        1.6855359240386938,
        1.6855359240386938,
        1.6855359240386938
    ],
    "timestamp": "2025-03-13_20-01-12"
}