{
    "y_max": 1.6817229668738747,
    "mean_values": [
        0.19065065829253453,
        0.19065065829253453,
        0.5124815167621778,
        1.100248923046431,
        1.3411888518661963,
        1.3411888518661963,
        1.3411888518661963,
        1.3411888518661963,
        1.3411888518661963,
        1.3411888518661963,
        1.3411888518661963,
        1.3411888518661963,
        1.3411888518661963,
        1.3411888518661963,
        1.3411888518661963,
        1.4938802474019421,
        1.4938802474019421,
        1.4938802474019421,
        1.4938802474019421,
        1.4938802474019421,
        1.6802826906915884,
        1.6802826906915884,
        1.6802826906915884,
        1.6802826906915884,
        1.6802826906915884,
        1.6802826906915884,
        1.6802826906915884,
        1.6802826906915884,
        1.6802826906915884,
        1.6802826906915884,
        1.6802826906915884,
        1.6802826906915884,
        1.6802826906915884,
        1.6802826906915884,
        1.6802826906915884,
        1.6802826906915884,
        1.6802826906915884,
        1.6802826906915884,
        1.6802826906915884,
        1.6802826906915884,
        1.6802826906915884,
        1.6802826906915884,
        1.6802826906915884,
        1.6802826906915884,
        1.6802826906915884,
        1.6802826906915884,
        1.6802826906915884,
        1.6802826906915884,
        1.6802826906915884,
        1.6802826906915884
    ],
    "timestamp": "2025-03-13_20-17-30"
}