{
    "y_max": 1.6817229668738747,
    "mean_values": [
        0.1514231632351219,
        0.3433756676929374,
        0.49540358812731033,
        1.004385016876879,
        1.4189694207869687,
        1.4189694207869687,
        1.4189694207869687,
        1.4189694207869687,
        1.4189694207869687,
        1.4189694207869687,
        1.4189694207869687,
        1.4189694207869687,
        1.4189694207869687,
        1.4189694207869687,
        1.4189694207869687,
        1.4189694207869687,
        1.4189694207869687,
        1.6801321600351977,
        1.6801321600351977,
        1.6801321600351977,
        1.6801321600351977,
        1.6801321600351977,
        1.6801321600351977,
        1.6801321600351977,
        1.6801321600351977,
        1.6801321600351977,
        1.6801321600351977,
        1.6801321600351977,
        1.6801321600351977,
        1.6801321600351977,
        1.6801321600351977,
        1.6801321600351977,
        1.6801321600351977,
        1.6801321600351977,
        1.6801321600351977,
        1.6801321600351977,
        1.6801321600351977,
        1.6801321600351977,
        1.6801321600351977,
        1.6801321600351977,
        1.6801321600351977,
        1.6801321600351977,
        1.6801321600351977,
        1.6801321600351977,
        1.6801321600351977,
        1.6801321600351977,
        1.6801321600351977,
        1.6801321600351977,
        1.6801321600351977,
        1.6801321600351977
    ],
    "timestamp": "2025-03-13_19-52-13"
}