{
    "y_max": 1.6817229668738747,
    "mean_values": [
        0.14495862289458547,
        0.14495862289458547,
        0.14495862289458547,
        0.4114921240479517,
        1.0705561810035502,
        1.4464132632836024,
        1.4464132632836024,
        1.4464132632836024,
        1.4464132632836024,
        1.4464132632836024,
        1.4464132632836024,
        1.4464132632836024,
        1.4464132632836024,
        1.4464132632836024,
        1.4464132632836024,
        1.4464132632836024,
        1.7209562395553912,
        1.7209562395553912,
        1.7209562395553912,
        1.7209562395553912,
        1.7209562395553912,
        1.7209562395553912,
        1.7209562395553912,
        1.7209562395553912,
        1.7209562395553912,
        1.7209562395553912,
        1.7209562395553912,
        1.7209562395553912,
        1.7209562395553912,
        1.7209562395553912,
        1.7209562395553912,
        1.7209562395553912,
        1.7209562395553912,
        1.7209562395553912,
        1.7209562395553912,
        1.7209562395553912,
        1.7209562395553912,
        1.7209562395553912,
        1.7209562395553912,
        1.7209562395553912,
        1.7209562395553912,
        1.7209562395553912,
        1.7209562395553912,
        1.7209562395553912,
        1.7209562395553912,
        1.7209562395553912,
        1.7209562395553912,
        1.7209562395553912,
        1.7209562395553912,
        1.7209562395553912
    ],
    "timestamp": "2025-03-13_19-34-23"
}