{
    "y_max": 1.6817229668738747,
    "mean_values": [
        0.1217196719575411,
        0.3672409682656622,
        0.9598277108581994,
        1.4083646874935136,
        1.4083646874935136,
        1.4083646874935136,
        1.4083646874935136,
        1.4083646874935136,
        1.4083646874935136,
        1.4083646874935136,
        1.4083646874935136,
        1.4083646874935136,
        1.4083646874935136,
        1.4083646874935136,
        1.4083646874935136,
        1.467295741181168,
        1.5392274012611482,
        1.5392274012611482,
        1.5392274012611482,
        1.5392274012611482,
        1.6769623725586726,
        1.6769623725586726,
        1.6769623725586726,
        1.686590755892995,
        1.686590755892995,
        1.686590755892995,
        1.686590755892995,
        1.686590755892995,
        1.686590755892995,
        1.686590755892995,
        1.686590755892995,
        1.686590755892995,
        1.686590755892995,
        1.686590755892995,
        1.686590755892995,
        1.686590755892995,
        1.686590755892995,
        1.686590755892995,
        1.686590755892995,
        1.686590755892995,
        1.686590755892995,
        1.686590755892995,
        1.686590755892995,
        1.686590755892995,
        1.686590755892995,
        1.686590755892995,
        1.686590755892995,
        1.686590755892995,
        1.686590755892995,
        1.686590755892995
    ],
    "timestamp": "2025-03-13_20-08-45"
}