{
    "y_max": 1.6817229668738747,
    "mean_values": [
        0.14526983543679453,
        0.14526983543679453,
        0.4219554780995925,
        1.0292981975280733,
        1.4245531458539418,
        1.4245531458539418,
        1.4245531458539418,
        1.4245531458539418,
        1.4245531458539418,
        1.4245531458539418,
        1.4245531458539418,
        1.4245531458539418,
        1.4245531458539418,
        1.4245531458539418,
        1.4245531458539418,
        1.4245531458539418,
        1.6323627214361323,
        1.6323627214361323,
        1.6323627214361323,
        1.6323627214361323,
        1.6323627214361323,
        1.6323627214361323,
        1.6323627214361323,
        1.6323627214361323,
        1.6323627214361323,
        1.6323627214361323,
        1.6323627214361323,
        1.6323627214361323,
        1.6323627214361323,
        1.6323627214361323,
        1.6323627214361323,
        1.6323627214361323,
        1.6323627214361323,
        1.6323627214361323,
        1.6323627214361323,
        1.6323627214361323,
        1.6323627214361323,
        1.6323627214361323,
        1.6323627214361323,
        1.6323627214361323,
        1.6323627214361323,
        1.6323627214361323,
        1.6323627214361323,
        1.6323627214361323,
        1.6323627214361323,
        1.6323627214361323,
        1.6323627214361323,
        1.6323627214361323,
        1.6323627214361323,
        1.6323627214361323
    ],
    "timestamp": "2025-03-13_20-10-52"
}