{
    "y_max": 1.6817229668738747,
    "mean_values": [
        0.11238553341977416,
        0.11238553341977416,
        0.41732064939530505,
        1.016910095262807,
        1.4209072857071612,
        1.4209072857071612,
        1.4209072857071612,
        1.4209072857071612,
        1.4209072857071612,
        1.4209072857071612,
        1.4209072857071612,
        1.4209072857071612,
        1.6949543984761821,
        1.6949543984761821,
        1.6949543984761821,
        1.6949543984761821,
        1.6949543984761821,
        1.6949543984761821,
        1.6949543984761821,
        1.6949543984761821,
        1.6949543984761821,
        1.7022223238482657,
        1.7022223238482657,
        1.7022223238482657,
        1.7022223238482657,
        1.7022223238482657,
        1.7022223238482657,
        1.7022223238482657,
        1.7022223238482657,
        1.7022223238482657,
        1.7022223238482657,
        1.7022223238482657,
        1.7022223238482657,
        1.7022223238482657,
        1.7022223238482657,
        1.7022223238482657,
        1.7022223238482657,
        1.7022223238482657,
        1.7022223238482657,
        1.7022223238482657,
        1.7022223238482657,
        1.7022223238482657,
        1.7022223238482657,
        1.7022223238482657,
        1.7022223238482657,
        1.7022223238482657,
        1.7022223238482657,
        1.7022223238482657,
        1.7022223238482657,
        1.7022223238482657
    ],
    "timestamp": "2025-03-13_20-07-05"
}