{
    "y_max": 1.6817229668738747,
    "mean_values": [
        0.2152213356549375,
        0.6025297043090562,
        1.2604505626529263,
        1.2604505626529263,
        1.3892675997752446,
        1.3892675997752446,
        1.3892675997752446,
        1.3892675997752446,
        1.3892675997752446,
        1.3892675997752446,
        1.3892675997752446,
        1.679853315900109,
        1.679853315900109,
        1.679853315900109,
        1.679853315900109,
        1.679853315900109,
        1.679853315900109,
        1.679853315900109,
        1.679853315900109,
        1.679853315900109,
        1.679853315900109,
        1.679853315900109,
        1.679853315900109,
        1.679853315900109,
        1.679853315900109,
        1.679853315900109,
        1.679853315900109,
        1.679853315900109,
        1.679853315900109,
        1.679853315900109,
        1.679853315900109,
        1.679853315900109,
        1.679853315900109,
        1.679853315900109,
        1.679853315900109,
        1.679853315900109,
        1.679853315900109,
        1.679853315900109,
        1.679853315900109,
        1.679853315900109,
        1.679853315900109,
        1.679853315900109,
        1.679853315900109,
        1.679853315900109,
        1.679853315900109,
        1.679853315900109,
        1.679853315900109,
        1.679853315900109,
        1.679853315900109,
        1.679853315900109
    ],
    "timestamp": "2025-03-13_20-22-28"
}