{
    "y_max": 1.6817229668738747,
    "mean_values": [
        0.14332468117906152,
        0.42583859454363343,
        0.42583859454363343,
        0.9880605041436418,
        0.9880605041436418,
        0.9880605041436418,
        1.414678255560228,
        1.414678255560228,
        1.414678255560228,
        1.414678255560228,
        1.414678255560228,
        1.414678255560228,
        1.6320437813351094,
        1.6320437813351094,
        1.6320437813351094,
        1.6320437813351094,
        1.6320437813351094,
        1.6320437813351094,
        1.6320437813351094,
        1.6320437813351094,
        1.6877364047636927,
        1.6877364047636927,
        1.6877364047636927,
        1.6877364047636927,
        1.6877364047636927,
        1.6877364047636927,
        1.6877364047636927,
        1.7189577492956085,
        1.7189577492956085,
        1.7189577492956085,
        1.7189577492956085,
        1.7189577492956085,
        1.7189577492956085,
        1.7189577492956085,
        1.7189577492956085,
        1.7189577492956085,
        1.7189577492956085,
        1.7189577492956085,
        1.7189577492956085,
        1.7189577492956085,
        1.7189577492956085,
        1.7189577492956085,
        1.7189577492956085,
        1.7189577492956085,
        1.7189577492956085,
        1.7189577492956085,
        1.7189577492956085,
        1.7189577492956085,
        1.7189577492956085,
        1.7189577492956085
    ],
    "timestamp": "2025-03-13_20-55-33"
}