{
    "y_max": 1.6817229668738747,
    "mean_values": [
        0.2537056048947616,
        0.6237931487395106,
        0.6237931487395106,
        1.217537730558663,
        1.2817296863389431,
        1.2817296863389431,
        1.2817296863389431,
        1.2817296863389431,
        1.2817296863389431,
        1.2817296863389431,
        1.2817296863389431,
        1.2817296863389431,
        1.2817296863389431,
        1.2817296863389431,
        1.2817296863389431,
        1.5663473852244887,
        1.5663473852244887,
        1.5663473852244887,
        1.5663473852244887,
        1.5663473852244887,
        1.6754375183428878,
        1.6754375183428878,
        1.6754375183428878,
        1.6754375183428878,
        1.6754375183428878,
        1.6754375183428878,
        1.6754375183428878,
        1.6754375183428878,
        1.6754375183428878,
        1.6754375183428878,
        1.6754375183428878,
        1.6754375183428878,
        1.6754375183428878,
        1.6754375183428878,
        1.6754375183428878,
        1.6754375183428878,
        1.6754375183428878,
        1.6754375183428878,
        1.6754375183428878,
        1.6754375183428878,
        1.6754375183428878,
        1.6754375183428878,
        1.6754375183428878,
        1.6754375183428878,
        1.6754375183428878,
        1.6754375183428878,
        1.6754375183428878,
        1.6754375183428878,
        1.6754375183428878,
        1.6754375183428878
    ],
    "timestamp": "2025-03-13_20-20-00"
}