{
    "y_max": 1.6817229668738747,
    "mean_values": [
        0.17817048348033507,
        0.2912512536755786,
        0.7128904013179964,
        1.335890180579402,
        1.335890180579402,
        1.335890180579402,
        1.335890180579402,
        1.335890180579402,
        1.335890180579402,
        1.335890180579402,
        1.335890180579402,
        1.335890180579402,
        1.4299782160386285,
        1.4299782160386285,
        1.4299782160386285,
        1.6312480694503402,
        1.6312480694503402,
        1.6312480694503402,
        1.6312480694503402,
        1.6312480694503402,
        1.6312480694503402,
        1.6761268485355107,
        1.6761268485355107,
        1.728698691916231,
        1.728698691916231,
        1.728698691916231,
        1.728698691916231,
        1.728698691916231,
        1.728698691916231,
        1.728698691916231,
        1.728698691916231,
        1.728698691916231,
        1.728698691916231,
        1.728698691916231,
        1.728698691916231,
        1.728698691916231,
        1.728698691916231,
        1.728698691916231,
        1.728698691916231,
        1.728698691916231,
        1.728698691916231,
        1.728698691916231,
        1.728698691916231,
        1.728698691916231,
        1.728698691916231,
        1.728698691916231,
        1.728698691916231,
        1.728698691916231,
        1.728698691916231,
        1.728698691916231
    ],
    "timestamp": "2025-03-13_18-42-51"
}