{
    "y_max": 1.6817229668738747,
    "mean_values": [
        0.1752382593098542,
        0.4656709434787136,
        0.9613224578095461,
        1.2980617210297378,
        1.2980617210297378,
        1.2980617210297378,
        1.2980617210297378,
        1.2980617210297378,
        1.2980617210297378,
        1.2980617210297378,
        1.2980617210297378,
        1.2980617210297378,
        1.7120307940549566,
        1.7120307940549566,
        1.7120307940549566,
        1.7120307940549566,
        1.7120307940549566,
        1.7120307940549566,
        1.7120307940549566,
        1.7120307940549566,
        1.7120307940549566,
        1.7120307940549566,
        1.7120307940549566,
        1.7120307940549566,
        1.7120307940549566,
        1.7120307940549566,
        1.7120307940549566,
        1.7120307940549566,
        1.7120307940549566,
        1.7120307940549566,
        1.7120307940549566,
        1.7120307940549566,
        1.7120307940549566,
        1.7120307940549566,
        1.7120307940549566,
        1.7120307940549566,
        1.7120307940549566,
        1.7120307940549566,
        1.7120307940549566,
        1.7120307940549566,
        1.7120307940549566,
        1.7120307940549566,
        1.7120307940549566,
        1.7120307940549566,
        1.7120307940549566,
        1.7120307940549566,
        1.7120307940549566,
        1.7120307940549566,
        1.7120307940549566,
        1.7120307940549566
    ],
    "timestamp": "2025-03-13_20-32-49"
}