{
    "y_max": 1.6817229668738747,
    "mean_values": [
        0.14095239015295308,
        0.14095239015295308,
        0.3425355461737695,
        0.9636608247798059,
        0.9636608247798059,
        1.4381805285226223,
        1.4381805285226223,
        1.4381805285226223,
        1.4381805285226223,
        1.4381805285226223,
        1.4381805285226223,
        1.4381805285226223,
        1.4381805285226223,
        1.6496585214410382,
        1.6496585214410382,
        1.6496585214410382,
        1.6496585214410382,
        1.6496585214410382,
        1.6496585214410382,
        1.6496585214410382,
        1.6496585214410382,
        1.6920976886474963,
        1.6920976886474963,
        1.6920976886474963,
        1.6934868960262788,
        1.6934868960262788,
        1.6934868960262788,
        1.6934868960262788,
        1.6934868960262788,
        1.6934868960262788,
        1.6934868960262788,
        1.6934868960262788,
        1.6934868960262788,
        1.6934868960262788,
        1.6934868960262788,
        1.6934868960262788,
        1.6934868960262788,
        1.6934868960262788,
        1.6934868960262788,
        1.6934868960262788,
        1.6934868960262788,
        1.6934868960262788,
        1.6934868960262788,
        1.6934868960262788,
        1.6934868960262788,
        1.6934868960262788,
        1.6934868960262788,
        1.6934868960262788,
        1.6934868960262788,
        1.6934868960262788
    ],
    "timestamp": "2025-03-13_19-37-28"
}