{
    "y_max": 1.6817229668738747,
    "mean_values": [
        0.15083379018124618,
        0.42294796731144896,
        0.916730409190624,
        1.3634248941946823,
        1.3634248941946823,
        1.3634248941946823,
        1.3634248941946823,
        1.3634248941946823,
        1.3634248941946823,
        1.3634248941946823,
        1.3634248941946823,
        1.3634248941946823,
        1.3634248941946823,
        1.3634248941946823,
        1.3634248941946823,
        1.3634248941946823,
        1.657884541206252,
        1.657884541206252,
        1.657884541206252,
        1.657884541206252,
        1.657884541206252,
        1.6932714504348705,
        1.6932714504348705,
        1.6932714504348705,
        1.6932714504348705,
        1.6932714504348705,
        1.6932714504348705,
        1.6932714504348705,
        1.6932714504348705,
        1.6932714504348705,
        1.6932714504348705,
        1.6932714504348705,
        1.6932714504348705,
        1.6932714504348705,
        1.6932714504348705,
        1.6932714504348705,
        1.6932714504348705,
        1.6932714504348705,
        1.6932714504348705,
        1.6932714504348705,
        1.6932714504348705,
        1.6932714504348705,
        1.6932714504348705,
        1.6932714504348705,
        1.6932714504348705,
        1.6932714504348705,
        1.6932714504348705,
        1.6932714504348705,
        1.6932714504348705,
        1.6932714504348705
    ],
    "timestamp": "2025-03-13_20-18-44"
}