{
    "y_max": 1.6817229668738747,
    "mean_values": [
        0.1528082677917328,
        0.1528082677917328,
        0.1528082677917328,
        0.20284572068201107,
        0.536589211879463,
        0.536589211879463,
        1.139247282784571,
        1.139247282784571,
        1.139247282784571,
        1.6448629325850932,
        1.6448629325850932,
        1.6448629325850932,
        1.6448629325850932,
        1.6448629325850932,
        1.6448629325850932,
        1.6448629325850932,
        1.6448629325850932,
        1.6448629325850932,
        1.6448629325850932,
        1.6448629325850932,
        1.6448629325850932,
        1.6448629325850932,
        1.6448629325850932,
        1.7022779840119473,
        1.7022779840119473,
        1.7022779840119473,
        1.7022779840119473,
        1.7022779840119473,
        1.7022779840119473,
        1.7022779840119473,
        1.7022779840119473,
        1.7022779840119473,
        1.7022779840119473,
        1.7022779840119473,
        1.7022779840119473,
        1.7022779840119473,
        1.7022779840119473,
        1.7022779840119473,
        1.7022779840119473,
        1.7022779840119473,
        1.7022779840119473,
        1.7022779840119473,
        1.7022779840119473,
        1.7022779840119473,
        1.7022779840119473,
        1.7022779840119473,
        1.7022779840119473,
        1.7022779840119473,
        1.7022779840119473,
        1.7022779840119473
    ],
    "timestamp": "2025-03-13_20-14-49"
}