{
    "y_max": 1.6817229668738747,
    "mean_values": [
        0.10663523341397627,
        0.10663523341397627,
        0.18095915438198862,
        0.3613504674101343,
        1.0155256361409697,
        1.4538039915383687,
        1.4538039915383687,
        1.4538039915383687,
        1.4538039915383687,
        1.4538039915383687,
        1.4538039915383687,
        1.4538039915383687,
        1.6417776275179832,
        1.6417776275179832,
        1.6417776275179832,
        1.6417776275179832,
        1.6417776275179832,
        1.6417776275179832,
        1.6417776275179832,
        1.6417776275179832,
        1.6417776275179832,
        1.6417776275179832,
        1.6417776275179832,
        1.6417776275179832,
        1.6678497715489746,
        1.6678497715489746,
        1.6678497715489746,
        1.6678497715489746,
        1.6678497715489746,
        1.6678497715489746,
        1.6678497715489746,
        1.6678497715489746,
        1.6678497715489746,
        1.6678497715489746,
        1.7337454094678637,
        1.7337454094678637,
        1.7337454094678637,
        1.7337454094678637,
        1.7337454094678637,
        1.7337454094678637,
        1.7337454094678637,
        1.7337454094678637,
        1.7337454094678637,
        1.7337454094678637,
        1.7337454094678637,
        1.7337454094678637,
        1.7337454094678637,
        1.7337454094678637,
        1.7337454094678637,
        1.7337454094678637
    ],
    "timestamp": "2025-03-13_20-49-02"
}