{
    "y_max": 1.6817229668738747,
    "mean_values": [
        0.1661346418757035,
        0.3884664277094743,
        0.3884664277094743,
        0.9910493780288434,
        1.4166868686459133,
        1.4166868686459133,
        1.4166868686459133,
        1.4166868686459133,
        1.4166868686459133,
        1.4166868686459133,
        1.4166868686459133,
        1.4166868686459133,
        1.4166868686459133,
        1.4166868686459133,
        1.4166868686459133,
        1.7028720817039409,
        1.7028720817039409,
        1.7028720817039409,
        1.7028720817039409,
        1.7028720817039409,
        1.7028720817039409,
        1.7028720817039409,
        1.7028720817039409,
        1.7028720817039409,
        1.7028720817039409,
        1.7028720817039409,
        1.7028720817039409,
        1.7028720817039409,
        1.7028720817039409,
        1.7028720817039409,
        1.7028720817039409,
        1.7028720817039409,
        1.7028720817039409,
        1.7028720817039409,
        1.7028720817039409,
        1.7028720817039409,
        1.7028720817039409,
        1.7028720817039409,
        1.7028720817039409,
        1.7028720817039409,
        1.7028720817039409,
        1.7028720817039409,
        1.7028720817039409,
        1.7028720817039409,
        1.7028720817039409,
        1.7028720817039409,
        1.7028720817039409,
        1.7028720817039409,
        1.7028720817039409,
        1.7028720817039409
    ],
    "timestamp": "2025-03-13_19-08-38"
}