{
    "y_max": 1.6817229668738747,
    "mean_values": [
        0.23970433172516808,
        0.4702406577179158,
        0.9611688006023537,
        0.9611688006023537,
        1.4225616186774788,
        1.4225616186774788,
        1.4225616186774788,
        1.4225616186774788,
        1.4225616186774788,
        1.4225616186774788,
        1.4225616186774788,
        1.4225616186774788,
        1.4225616186774788,
        1.4225616186774788,
        1.5454543803784524,
        1.5454543803784524,
        1.5454543803784524,
        1.5454543803784524,
        1.5454543803784524,
        1.6848461813529187,
        1.6848461813529187,
        1.6848461813529187,
        1.6848461813529187,
        1.6848461813529187,
        1.6848461813529187,
        1.7190898988186465,
        1.7190898988186465,
        1.7190898988186465,
        1.7190898988186465,
        1.7190898988186465,
        1.7190898988186465,
        1.7190898988186465,
        1.7190898988186465,
        1.7190898988186465,
        1.7190898988186465,
        1.7190898988186465,
        1.7190898988186465,
        1.7190898988186465,
        1.7190898988186465,
        1.7190898988186465,
        1.7190898988186465,
        1.7190898988186465,
        1.7190898988186465,
        1.7190898988186465,
        1.7190898988186465,
        1.7190898988186465,
        1.7190898988186465,
        1.7190898988186465,
        1.7190898988186465,
        1.7190898988186465
    ],
    "timestamp": "2025-03-13_20-25-02"
}