{"y_max": 1.6817229668738747, "mean_values": [0.2573636340212064, 0.6620531991155211, 1.2661793933296352, 1.3095138432407947, 1.3095138432407947, 1.3095138432407947, 1.3095138432407947, 1.3095138432407947, 1.3095138432407947, 1.3095138432407947, 1.3095138432407947, 1.3095138432407947, 1.3095138432407947, 1.3095138432407947, 1.3095138432407947, 1.5828066323641823, 1.5828066323641823, 1.5828066323641823, 1.5828066323641823, 1.678296018845956, 1.678296018845956, 1.678296018845956, 1.6794621942542778, 1.6794621942542778, 1.6794621942542778, 1.6794621942542778, 1.6794621942542778, 1.6794621942542778, 1.686324433160332, 1.686324433160332, 1.686324433160332, 1.686324433160332, 1.686324433160332, 1.686324433160332, 1.686324433160332, 1.686324433160332], "timestamp": "2025-03-15_12-21-48"}