{"y_max": 1.6817229668738747, "mean_values": [0.2212890436743081, 0.2212890436743081, 0.6945559507484932, 0.6945559507484932, 1.3005605397764093, 1.381194876334453, 1.381194876334453, 1.381194876334453, 1.381194876334453, 1.381194876334453, 1.381194876334453, 1.381194876334453, 1.381194876334453, 1.381194876334453, 1.56154363177982, 1.56154363177982, 1.56154363177982, 1.56154363177982, 1.56154363177982, 1.623342675394517, 1.623342675394517, 1.623342675394517, 1.623342675394517, 1.623342675394517], "timestamp": "2025-03-13_20-02-13"}