{"y_max": 1.6817229668738747, "mean_values": [0.21504723432932607, 0.6100122519619362, 1.2231744733614063, 1.3620961882261202, 1.3620961882261202, 1.3620961882261202, 1.3620961882261202, 1.3620961882261202, 1.3620961882261202, 1.3620961882261202, 1.3620961882261202, 1.3620961882261202, 1.3620961882261202, 1.3620961882261202, 1.3620961882261202, 1.3620961882261202, 1.6833657172643703, 1.6833657172643703, 1.6833657172643703, 1.6833657172643703, 1.6833657172643703, 1.6833657172643703, 1.6833657172643703, 1.6976770821448735, 1.6976770821448735, 1.6976770821448735, 1.6976770821448735, 1.6976770821448735, 1.7017487749588134, 1.7017487749588134, 1.7017487749588134, 1.7017487749588134, 1.7017487749588134, 1.7017487749588134, 1.7017487749588134, 1.7340598653625725, 1.7340598653625725], "timestamp": "2025-03-13_20-45-16"}