{"y_max": 1.6817229668738747, "mean_values": [0.20655257529202914, 0.20655257529202914, 0.20655257529202914, 0.6424977724170041, 1.285751801487994, 1.285751801487994, 1.285751801487994, 1.285751801487994, 1.4123316600668274, 1.4123316600668274, 1.4123316600668274, 1.4123316600668274, 1.4123316600668274, 1.4123316600668274, 1.5299823784418707, 1.5299823784418707, 1.5299823784418707, 1.5299823784418707, 1.5299823784418707, 1.5299823784418707, 1.5299823784418707, 1.7084148379327748, 1.7084148379327748, 1.7084148379327748, 1.7084148379327748, 1.7084148379327748, 1.7161750002119667, 1.7161750002119667, 1.7161750002119667, 1.7161750002119667, 1.7161750002119667, 1.7161750002119667, 1.7161750002119667, 1.7161750002119667, 1.7161750002119667, 1.7161750002119667, 1.7161750002119667, 1.7161750002119667], "timestamp": "2025-03-13_19-31-59"}