{"y_max": 1.6817229668738747, "mean_values": [0.3045267118491867, 0.3045267118491867, 0.741402382246586, 0.741402382246586, 1.3367147521279013, 1.3675485507583303, 1.3675485507583303, 1.3675485507583303, 1.3675485507583303, 1.3675485507583303, 1.3675485507583303, 1.3675485507583303, 1.3675485507583303, 1.4920675066351436, 1.4920675066351436, 1.4920675066351436, 1.4920675066351436, 1.4920675066351436, 1.4920675066351436, 1.4920675066351436, 1.4920675066351436, 1.599943286973578, 1.6043112740178542, 1.6043112740178542, 1.6626033524472767, 1.6626033524472767, 1.6626033524472767], "timestamp": "2025-03-13_19-00-50"}