{"y_max": 1.6817229668738747, "mean_values": [0.22817599135119457, 0.22817599135119457, 0.6223885656194176, 0.6223885656194176, 0.6223885656194176, 0.6223885656194176, 1.2531508016256057, 1.2531508016256057, 1.3495583642736944, 1.3495583642736944, 1.3495583642736944, 1.4003538354502645, 1.4003538354502645, 1.547058312151721, 1.547058312151721, 1.547058312151721, 1.547058312151721, 1.547058312151721, 1.547058312151721, 1.547058312151721, 1.547058312151721, 1.547058312151721, 1.7430248301671312, 1.7430248301671312, 1.7430248301671312, 1.7430248301671312, 1.7430248301671312, 1.7430248301671312, 1.7430248301671312, 1.7430248301671312, 1.7430248301671312, 1.7430248301671312, 1.7430248301671312, 1.7430248301671312, 1.7430248301671312, 1.7430248301671312, 1.7430248301671312, 1.7430248301671312, 1.7430248301671312, 1.7430248301671312, 1.7430248301671312, 1.7430248301671312, 1.7430248301671312], "timestamp": "2025-03-13_19-30-13"}