{"y_max": 1.6817229668738747, "mean_values": [0.14392501966743956, 0.3381891601152479, 0.830899173980603, 1.3954920047181305, 1.3954920047181305, 1.3954920047181305, 1.3954920047181305, 1.3954920047181305, 1.3954920047181305, 1.3954920047181305, 1.3954920047181305, 1.3954920047181305, 1.4770245256151642, 1.611164276986834, 1.611164276986834, 1.611164276986834, 1.611164276986834, 1.617036842690502, 1.617036842690502, 1.617036842690502, 1.617036842690502, 1.617036842690502, 1.617036842690502, 1.617036842690502, 1.617036842690502, 1.617036842690502, 1.694346514940824, 1.694346514940824, 1.694346514940824, 1.694346514940824, 1.694346514940824], "timestamp": "2025-03-13_19-20-02"}