{"y_max": 1.6817229668738747, "mean_values": [0.12948093531002333, 0.12948093531002333, 0.34077029322846786, 0.9171052238601664, 1.4692718151063329, 1.4692718151063329, 1.4692718151063329, 1.4692718151063329, 1.4692718151063329, 1.4692718151063329, 1.4692718151063329, 1.4692718151063329, 1.6966435920406149, 1.6966435920406149, 1.6966435920406149, 1.6966435920406149, 1.6966435920406149, 1.6966435920406149, 1.6966435920406149, 1.6966435920406149, 1.6966435920406149, 1.6966435920406149, 1.6966435920406149, 1.6966435920406149, 1.6966435920406149, 1.6966435920406149, 1.6966435920406149, 1.6966435920406149, 1.6966435920406149, 1.6966435920406149, 1.6966435920406149], "timestamp": "2025-03-13_18-47-39"}