{"y_max": 1.6817229668738747, "mean_values": [0.258751581009691, 0.258751581009691, 0.258751581009691, 0.258751581009691, 0.7871085560229268, 1.311839402445258, 1.311839402445258, 1.311839402445258, 1.311839402445258, 1.311839402445258, 1.311839402445258, 1.311839402445258, 1.311839402445258, 1.311839402445258, 1.311839402445258, 1.435107775582484, 1.477420931958636, 1.477420931958636, 1.477420931958636, 1.6297677789431364, 1.6297677789431364, 1.6297677789431364, 1.683002138522637, 1.683002138522637, 1.683002138522637, 1.683002138522637, 1.683002138522637, 1.683002138522637, 1.7011250229378394, 1.7011250229378394, 1.7011250229378394, 1.7011250229378394, 1.7011250229378394, 1.7011250229378394], "timestamp": "2025-03-13_18-56-47"}