{"y_max": 1.6817229668738747, "mean_values": [0.2290429461961668, 0.6715109461487418, 1.2614027855643275, 1.407654104271756, 1.407654104271756, 1.407654104271756, 1.407654104271756, 1.407654104271756, 1.407654104271756, 1.407654104271756, 1.407654104271756, 1.407654104271756, 1.407654104271756, 1.407654104271756, 1.407654104271756, 1.407654104271756, 1.6139682608938388, 1.6139682608938388, 1.6139682608938388, 1.6139682608938388, 1.6139682608938388, 1.6474906648909433, 1.6474906648909433, 1.6474906648909433, 1.6474906648909433, 1.6703737989380705, 1.6917284977903122, 1.6917284977903122, 1.6917284977903122, 1.6917284977903122, 1.6917284977903122, 1.6917284977903122, 1.6917284977903122], "timestamp": "2025-03-13_19-36-07"}