{"y_max": 1.6817229668738747, "mean_values": [0.26034018955491744, 0.5864682788010291, 1.2668772274472007, 1.3332044302941517, 1.3332044302941517, 1.3332044302941517, 1.3332044302941517, 1.3332044302941517, 1.3332044302941517, 1.3332044302941517, 1.3332044302941517, 1.3332044302941517, 1.3332044302941517, 1.3332044302941517, 1.3332044302941517, 1.571497426738881, 1.571497426738881, 1.571497426738881, 1.571497426738881, 1.571497426738881, 1.571497426738881, 1.6532334937663802, 1.6532334937663802, 1.6532334937663802, 1.6925166753817005, 1.6925166753817005, 1.6925166753817005, 1.6925166753817005, 1.6925166753817005, 1.6925166753817005, 1.6925166753817005, 1.6925166753817005], "timestamp": "2025-03-13_18-51-56"}