{"y_max": 1.6817229668738747, "mean_values": [0.24413560949447277, 0.6127911367130053, 1.1431498029228406, 1.1431498029228406, 1.1431498029228406, 1.410857996862266, 1.410857996862266, 1.410857996862266, 1.410857996862266, 1.410857996862266, 1.410857996862266, 1.410857996862266, 1.410857996862266, 1.5471200897109205, 1.5471200897109205, 1.5471200897109205, 1.5471200897109205, 1.5471200897109205, 1.5471200897109205, 1.5471200897109205, 1.5471200897109205, 1.7003416432638785, 1.7003416432638785, 1.7003416432638785, 1.7003416432638785, 1.7003416432638785, 1.7003416432638785, 1.7003416432638785, 1.7003416432638785, 1.7003416432638785, 1.7003416432638785, 1.7003416432638785, 1.7003416432638785, 1.7003416432638785], "timestamp": "2025-03-13_20-03-49"}