{"y_max": 1.6817229668738747, "mean_values": [0.12545698508817996, 0.33067992140651814, 0.86444659787592, 1.3624690881309394, 1.3624690881309394, 1.3624690881309394, 1.3624690881309394, 1.3624690881309394, 1.3624690881309394, 1.3624690881309394, 1.3624690881309394, 1.3624690881309394, 1.3624690881309394, 1.3624690881309394, 1.3624690881309394, 1.3624690881309394, 1.6036032876498953, 1.6036032876498953, 1.6036032876498953, 1.6036032876498953, 1.626491373730507, 1.626491373730507, 1.7497066923185898, 1.7497066923185898, 1.7497066923185898, 1.7497066923185898, 1.7497066923185898, 1.7497066923185898], "timestamp": "2025-03-13_20-27-22"}