{"y_max": 1.6817229668738747, "mean_values": [0.20274061892412615, 0.20274061892412615, 0.5694076550920507, 0.5694076550920507, 0.5694076550920507, 1.223050553188459, 1.223050553188459, 1.223050553188459, 1.223050553188459, 1.6507114883731766, 1.6507114883731766, 1.6507114883731766, 1.6507114883731766, 1.6507114883731766, 1.6507114883731766, 1.6507114883731766, 1.6507114883731766, 1.6507114883731766, 1.6507114883731766, 1.6507114883731766, 1.6507114883731766, 1.6507114883731766, 1.6507114883731766, 1.6507114883731766, 1.6507114883731766], "timestamp": "2025-03-13_20-21-06"}