{"y_max": 1.6817229668738747, "mean_values": [0.2213963986383531, 0.2213963986383531, 0.2213963986383531, 0.2213963986383531, 0.36213037102939005, 0.732347143361899, 1.0536186283248912, 1.4853424596271436, 1.505279690903754, 1.505279690903754, 1.505279690903754, 1.505279690903754, 1.505279690903754, 1.505279690903754, 1.6469237347718735, 1.6469237347718735, 1.6469237347718735, 1.6469237347718735, 1.6469237347718735, 1.6469237347718735, 1.6469237347718735, 1.6469237347718735, 1.6469237347718735, 1.6469237347718735, 1.6469237347718735, 1.6469237347718735], "timestamp": "2025-03-13_20-46-20"}