{"y_max": 1.6817229668738747, "mean_values": [0.20483833287437525, 0.20483833287437525, 0.4836028477038522, 1.033859743959964, 1.033859743959964, 1.4204572445327561, 1.4204572445327561, 1.4204572445327561, 1.4204572445327561, 1.4204572445327561, 1.4204572445327561, 1.4204572445327561, 1.4204572445327561, 1.4204572445327561, 1.4204572445327561, 1.4204572445327561, 1.7011719594657502, 1.7011719594657502, 1.7011719594657502, 1.7011719594657502, 1.7011719594657502, 1.7011719594657502, 1.7011719594657502, 1.7011719594657502, 1.7011719594657502], "timestamp": "2025-03-13_20-28-30"}