{"y_max": 1.6817229668738747, "mean_values": [0.14529261841288812, 0.3726387034117333, 0.3726387034117333, 0.9221898263993001, 1.4465395137329913, 1.4465395137329913, 1.4465395137329913, 1.4465395137329913, 1.4465395137329913, 1.4465395137329913, 1.4465395137329913, 1.4465395137329913, 1.4465395137329913, 1.4465395137329913, 1.4465395137329913, 1.7046601084946753, 1.7046601084946753, 1.7046601084946753, 1.7046601084946753, 1.7046601084946753, 1.7046601084946753, 1.7046601084946753, 1.7046601084946753, 1.7046601084946753, 1.7046601084946753, 1.7046601084946753, 1.7046601084946753, 1.7046601084946753, 1.7046601084946753], "timestamp": "2025-03-13_20-35-12"}