{"y_max": 1.6817229668738747, "mean_values": [0.1229257869613504, 0.4295769384520715, 0.4295769384520715, 1.0588969409666271, 1.0588969409666271, 1.4116014431885253, 1.4116014431885253, 1.4116014431885253, 1.4116014431885253, 1.4116014431885253, 1.4116014431885253, 1.4116014431885253, 1.4116014431885253, 1.4116014431885253, 1.4116014431885253, 1.6907217681123015, 1.6907217681123015, 1.6907217681123015, 1.6907217681123015, 1.6907217681123015, 1.6907217681123015, 1.6907217681123015, 1.6907217681123015, 1.6907217681123015, 1.6907217681123015, 1.6907217681123015, 1.6907217681123015, 1.6907217681123015, 1.6986380354916584, 1.6986380354916584], "timestamp": "2025-03-13_19-03-32"}