{"y_max": 1.6817229668738747, "mean_values": [0.1795742063231784, 0.42348673928000014, 0.42348673928000014, 0.9722142160646887, 1.4582401230930562, 1.4582401230930562, 1.4582401230930562, 1.4582401230930562, 1.4582401230930562, 1.4582401230930562, 1.4582401230930562, 1.4582401230930562, 1.4582401230930562, 1.4582401230930562, 1.4582401230930562, 1.4582401230930562, 1.663044966248166, 1.663044966248166, 1.663044966248166, 1.663044966248166, 1.663044966248166, 1.663044966248166, 1.663044966248166, 1.663044966248166, 1.663044966248166, 1.663044966248166, 1.663044966248166, 1.663044966248166, 1.7147464231112217, 1.7147464231112217, 1.7147464231112217], "timestamp": "2025-03-13_20-36-34"}