{"y_max": 1.6817229668738747, "mean_values": [0.24041770454692646, 0.7085040023517057, 1.2728562691876415, 1.3561130923755254, 1.3561130923755254, 1.3561130923755254, 1.3561130923755254, 1.3561130923755254, 1.3561130923755254, 1.3561130923755254, 1.3561130923755254, 1.3561130923755254, 1.3561130923755254, 1.3561130923755254, 1.3561130923755254, 1.6226822565379146, 1.6226822565379146, 1.6226822565379146, 1.6226822565379146, 1.6226822565379146, 1.6837861506529284, 1.6837861506529284, 1.6837861506529284, 1.6837861506529284, 1.6837861506529284, 1.6837861506529284, 1.6837861506529284, 1.6851965647264748, 1.6851965647264748, 1.6851965647264748, 1.6851965647264748], "timestamp": "2025-03-13_20-13-27"}