{"y_max": 1.6817229668738747, "mean_values": [0.18025010121382903, 0.5369979866331233, 1.2147903517073069, 1.2147903517073069, 1.2147903517073069, 1.4088692245150551, 1.4088692245150551, 1.4088692245150551, 1.4088692245150551, 1.4088692245150551, 1.4088692245150551, 1.4088692245150551, 1.6757458770816631, 1.6757458770816631, 1.6757458770816631, 1.6757458770816631, 1.6757458770816631, 1.6757458770816631, 1.6757458770816631, 1.6757458770816631, 1.6757458770816631, 1.6757458770816631, 1.6757458770816631, 1.6757458770816631, 1.6757458770816631, 1.6757458770816631], "timestamp": "2025-03-13_19-25-30"}