{"y_max": 1.6817229668738747, "mean_values": [0.17489803540694196, 0.4707434801600769, 0.8832317021813092, 0.8832317021813092, 0.8832317021813092, 1.4448697979029346, 1.4448697979029346, 1.4448697979029346, 1.4448697979029346, 1.4448697979029346, 1.4448697979029346, 1.4448697979029346, 1.7129482487523695, 1.7129482487523695, 1.7129482487523695, 1.7129482487523695, 1.7129482487523695, 1.7129482487523695, 1.7129482487523695, 1.7129482487523695, 1.7129482487523695, 1.7129482487523695, 1.7129482487523695, 1.7129482487523695, 1.7129482487523695, 1.7129482487523695, 1.7129482487523695, 1.7129482487523695], "timestamp": "2025-03-13_20-50-11"}