{"y_max": 1.6817229668738747, "mean_values": [0.142639018578668, 0.349598487029943, 0.349598487029943, 0.9044618791446785, 0.9044618791446785, 1.3758139931994737, 1.3758139931994737, 1.3758139931994737, 1.3758139931994737, 1.3758139931994737, 1.3758139931994737, 1.3758139931994737, 1.3758139931994737, 1.3758139931994737, 1.6968672821174018, 1.6968672821174018, 1.6968672821174018, 1.6968672821174018, 1.6968672821174018, 1.6968672821174018, 1.6968672821174018, 1.6968672821174018, 1.6968672821174018, 1.6968672821174018, 1.70852379727835, 1.70852379727835, 1.70852379727835], "timestamp": "2025-03-13_19-02-06"}