{"y_max": 1.6817229668738747, "mean_values": [0.2709699600009374, 0.6664598277733388, 1.1530081742680116, 1.1530081742680116, 1.2830089040663486, 1.2830089040663486, 1.2830089040663486, 1.2830089040663486, 1.2830089040663486, 1.2830089040663486, 1.2830089040663486, 1.2830089040663486, 1.2830089040663486, 1.2830089040663486, 1.2830089040663486, 1.2830089040663486, 1.5347797069818343, 1.5347797069818343, 1.5347797069818343, 1.5347797069818343, 1.5347797069818343, 1.687781251423627, 1.6923645283773376, 1.6923645283773376, 1.6923645283773376, 1.6923645283773376, 1.6923645283773376], "timestamp": "2025-03-13_20-39-02"}