{"y_max": 1.6817229668738747, "mean_values": [0.23542920705869097, 0.23542920705869097, 0.5623413321717008, 1.217093925305653, 1.3966450293318495, 1.3966450293318495, 1.3966450293318495, 1.3966450293318495, 1.3966450293318495, 1.3966450293318495, 1.3966450293318495, 1.3966450293318495, 1.3966450293318495, 1.4476240585973457, 1.5286869191050991, 1.5286869191050991, 1.5286869191050991, 1.5286869191050991, 1.5286869191050991, 1.5286869191050991, 1.5286869191050991, 1.6217305933769115, 1.6217305933769115, 1.6217305933769115, 1.6217305933769115, 1.6217305933769115, 1.6217305933769115, 1.7000149245563858, 1.7000149245563858, 1.7000149245563858, 1.7000149245563858, 1.7000149245563858, 1.7000149245563858, 1.7000149245563858, 1.7000149245563858, 1.7000149245563858, 1.7000149245563858], "timestamp": "2025-03-13_19-05-21"}