{"y_max": 1.6817229668738747, "mean_values": [0.13872689013555045, 0.13872689013555045, 0.39697159920631986, 0.9583798861043837, 1.3987857218131463, 1.3987857218131463, 1.3987857218131463, 1.3987857218131463, 1.3987857218131463, 1.3987857218131463, 1.3987857218131463, 1.3987857218131463, 1.3987857218131463, 1.6079847305276862, 1.6079847305276862, 1.6079847305276862, 1.6079847305276862, 1.6079847305276862, 1.6079847305276862, 1.6079847305276862, 1.6079847305276862, 1.6864178590481351, 1.6864178590481351, 1.6864178590481351, 1.6864178590481351, 1.6864178590481351], "timestamp": "2025-03-13_20-26-10"}