{"y_max": 1.6817229668738747, "mean_values": [0.20437939478304304, 0.5789630555098153, 0.5789630555098153, 1.219679164157195, 1.380707292242639, 1.380707292242639, 1.380707292242639, 1.380707292242639, 1.380707292242639, 1.380707292242639, 1.380707292242639, 1.380707292242639, 1.380707292242639, 1.380707292242639, 1.380707292242639, 1.380707292242639, 1.609971349556881, 1.609971349556881, 1.609971349556881, 1.609971349556881, 1.609971349556881, 1.654472146452359, 1.654472146452359, 1.654472146452359, 1.654472146452359, 1.654472146452359, 1.654472146452359, 1.654472146452359, 1.654472146452359, 1.654472146452359, 1.654472146452359, 1.654472146452359], "timestamp": "2025-03-13_18-55-11"}