{"y_max": 1.6817229668738747, "mean_values": [0.22445229418304896, 0.6114052068917627, 1.1521092831982176, 1.4191824912179403, 1.4191824912179403, 1.4334992984510206, 1.4423227050050815, 1.4423227050050815, 1.4423227050050815, 1.484613841502924, 1.484613841502924, 1.484613841502924, 1.484613841502924, 1.484613841502924, 1.484613841502924, 1.484613841502924, 1.484613841502924, 1.484613841502924, 1.484613841502924, 1.484613841502924], "timestamp": "2025-03-13_16-05-23"}