{"y_max": 1.6817229668738747, "mean_values": [0.2297820337959171, 0.6280720745918233, 1.2924248216706973, 1.3731546924873392, 1.3731546924873392, 1.4391502673683783, 1.4391502673683783, 1.4562667827128402, 1.4562667827128402, 1.4562667827128402, 1.456433083900761, 1.456433083900761, 1.456433083900761, 1.456433083900761, 1.456433083900761, 1.456433083900761, 1.456433083900761, 1.456433083900761, 1.456433083900761, 1.456433083900761], "timestamp": "2025-03-13_16-24-11"}