{"y_max": 1.6817229668738747, "mean_values": [0.12004686288048662, 0.4064337729738965, 0.9277490622272392, 1.4095254384788038, 1.4095254384788038, 1.4095254384788038, 1.4111504367751586, 1.4111504367751586, 1.4177079807411783, 1.4362549998036136, 1.4520432155180256, 1.4520432155180256, 1.4520432155180256, 1.4520432155180256, 1.4520432155180256, 1.4520432155180256, 1.4520432155180256, 1.4520432155180256, 1.4520432155180256, 1.4520432155180256], "timestamp": "2025-03-13_15-59-14"}