{"y_max": 1.6817229668738747, "mean_values": [0.15902571717192857, 0.41572419477645256, 0.9427934860417878, 1.4506107517185947, 1.4506107517185947, 1.4506107517185947, 1.4506107517185947, 1.4757909252922272, 1.4757909252922272, 1.4757909252922272, 1.4757909252922272, 1.4757909252922272, 1.4757909252922272, 1.4757909252922272, 1.4757909252922272, 1.4757909252922272, 1.4757909252922272, 1.4757909252922272, 1.4757909252922272, 1.4757909252922272], "timestamp": "2025-03-13_17-16-06"}