{"y_max": 1.6817229668738747, "mean_values": [0.11373207883947666, 0.38551127764039955, 0.8868738483776908, 1.4137521498568155, 1.4137521498568155, 1.4137521498568155, 1.4137521498568155, 1.4147465324031554, 1.4805485150128244, 1.4805485150128244, 1.4805485150128244, 1.4805485150128244, 1.4805485150128244, 1.4805485150128244, 1.4805485150128244, 1.4805485150128244, 1.4805485150128244, 1.4857580109696618, 1.4857580109696618, 1.4857580109696618], "timestamp": "2025-03-13_15-38-15"}