{"y_max": 1.6817229668738747, "mean_values": [0.27287888259566867, 0.6306178034646123, 1.2259106781737477, 1.36607020716596, 1.36607020716596, 1.4066643116107918, 1.4584695691000458, 1.4584695691000458, 1.4584695691000458, 1.4584695691000458, 1.4761674852638267, 1.4761674852638267, 1.4761674852638267, 1.4761674852638267, 1.4761674852638267, 1.4761674852638267, 1.4761674852638267, 1.4761674852638267, 1.4761674852638267, 1.4761674852638267], "timestamp": "2025-03-13_15-51-58"}