{"y_max": 1.6817229668738747, "mean_values": [0.11933033434834521, 0.3712841352959614, 0.9246053321694442, 1.4194128774551908, 1.4194128774551908, 1.4194128774551908, 1.4368362096646656, 1.4368362096646656, 1.4368362096646656, 1.448566623062045, 1.448566623062045, 1.448566623062045, 1.448566623062045, 1.448566623062045, 1.448566623062045, 1.460019056167383, 1.460019056167383, 1.460019056167383, 1.460019056167383, 1.460019056167383], "timestamp": "2025-03-13_15-46-59"}