{"y_max": 1.6817229668738747, "mean_values": [0.22779087823716482, 0.6337981797707234, 1.1970917826679273, 1.3834680268066302, 1.3834680268066302, 1.4416924524331474, 1.4416924524331474, 1.4416924524331474, 1.4416924524331474, 1.4416924524331474, 1.4416924524331474, 1.4416924524331474, 1.4416924524331474, 1.4416924524331474, 1.4416924524331474, 1.4416924524331474, 1.4562336995188014, 1.4562336995188014, 1.4562336995188014, 1.4562336995188014], "timestamp": "2025-03-13_14-59-57"}