{"y_max": 1.6817229668738747, "mean_values": [0.27093219518447026, 0.6137763474304385, 1.2384952750276044, 1.3560119811965148, 1.3560119811965148, 1.361806691344852, 1.4458169942763388, 1.448389080864899, 1.448389080864899, 1.448389080864899, 1.448389080864899, 1.4520903509559633, 1.4520903509559633, 1.4520903509559633, 1.4520903509559633, 1.4520903509559633, 1.4520903509559633, 1.4520903509559633, 1.4520903509559633, 1.4520903509559633], "timestamp": "2025-03-13_16-02-54"}