{"y_max": 1.6817229668738747, "mean_values": [0.26714709947935883, 0.6405809941211066, 1.2179100597091994, 1.3625476823348048, 1.3625476823348048, 1.4281951116238962, 1.4281951116238962, 1.4281951116238962, 1.4281951116238962, 1.4369349619957867, 1.4369349619957867, 1.4369349619957867, 1.4369349619957867, 1.4369349619957867, 1.4369349619957867, 1.4369349619957867, 1.4449885520337764, 1.4449885520337764, 1.4449885520337764, 1.4449885520337764], "timestamp": "2025-03-13_15-33-18"}