{"y_max": 1.6817229668738747, "mean_values": [0.11967216569541225, 0.3546986907602668, 0.8820802775121227, 1.3606865898846958, 1.3606865898846958, 1.3606865898846958, 1.4248119606374432, 1.4548964738862609, 1.4548964738862609, 1.4548964738862609, 1.4548964738862609, 1.4548964738862609, 1.4548964738862609, 1.4548964738862609, 1.4548964738862609, 1.4751418862181325, 1.4751418862181325, 1.4751418862181325, 1.4751418862181325, 1.4751418862181325], "timestamp": "2025-03-13_16-17-51"}