{"y_max": 1.6817229668738747, "mean_values": [0.22985160773812968, 0.6293618205045614, 1.104370530040201, 1.4205423655132843, 1.4205423655132843, 1.4205423655132843, 1.4205423655132843, 1.4205423655132843, 1.4205423655132843, 1.4318664128181158, 1.4318664128181158, 1.4318664128181158, 1.44820447115238, 1.4688396537848882, 1.4688396537848882, 1.4688396537848882, 1.4688396537848882, 1.4688396537848882, 1.4688396537848882, 1.4688396537848882], "timestamp": "2025-03-13_15-42-00"}