{"y_max": 1.6817229668738747, "mean_values": [0.08440553600020777, 0.08440553600020777, 0.3171919927442806, 0.9158666681203944, 1.399355826975398, 1.399355826975398, 1.399355826975398, 1.4744559687923602, 1.4744559687923602, 1.4744559687923602, 1.4744559687923602, 1.4744559687923602, 1.4744559687923602, 1.4744559687923602, 1.4744559687923602, 1.4744559687923602, 1.4744559687923602, 1.4744559687923602, 1.4744559687923602, 1.4744559687923602], "timestamp": "2025-03-13_16-14-06"}