{"y_max": 1.6817229668738747, "mean_values": [0.11194073772381427, 0.4023570169682775, 0.9614997706057267, 1.4166927636701239, 1.4166927636701239, 1.4166927636701239, 1.4166927636701239, 1.4166927636701239, 1.452097896482391, 1.452097896482391, 1.452097896482391, 1.452097896482391, 1.452097896482391, 1.4865395718215304, 1.4865395718215304, 1.4865395718215304, 1.4865395718215304, 1.4865395718215304, 1.4865395718215304, 1.4865395718215304], "timestamp": "2025-03-13_17-42-37"}