{"y_max": 1.6817229668738747, "mean_values": [0.2534855598345079, 0.6402798210399431, 1.191194680511325, 1.3327907755973, 1.3327907755973, 1.3901037404219208, 1.3901037404219208, 1.4204395029997097, 1.4204395029997097, 1.4381868965129316, 1.4381868965129316, 1.4756012953164896, 1.4756012953164896, 1.4756012953164896, 1.4756012953164896, 1.4756012953164896, 1.4756012953164896, 1.4756012953164896, 1.4756012953164896, 1.4756012953164896], "timestamp": "2025-03-13_15-30-53"}