{"y_max": 1.6817229668738747, "mean_values": [0.11975602515385862, 0.34792185651059926, 0.8802918281440605, 1.3814682507580396, 1.3814682507580396, 1.3814682507580396, 1.3889446635361318, 1.424929858922564, 1.424929858922564, 1.4408623619672587, 1.45124943591319, 1.45124943591319, 1.45124943591319, 1.45124943591319, 1.4650366213740846, 1.4650366213740846, 1.4650366213740846, 1.4650366213740846, 1.4650366213740846, 1.4650366213740846], "timestamp": "2025-03-13_15-43-14"}