{"y_max": 1.6817229668738747, "mean_values": [0.12014280526968837, 0.3788875515270634, 0.9391036841010311, 1.3741415770378798, 1.3741415770378798, 1.3741415770378798, 1.409013920352946, 1.4190000952147241, 1.4190000952147241, 1.4403079128592833, 1.4403079128592833, 1.4403079128592833, 1.4403079128592833, 1.4403079128592833, 1.4403079128592833, 1.4403079128592833, 1.4403079128592833, 1.4450531949748096, 1.4450531949748096, 1.4450531949748096], "timestamp": "2025-03-13_17-41-25"}