{"y_max": 1.6817229668738747, "mean_values": [0.25775841374264696, 0.6118407225400987, 1.214746521704769, 1.4315859235321815, 1.4315859235321815, 1.442752780084111, 1.442752780084111, 1.442752780084111, 1.442752780084111, 1.450363336150466, 1.450363336150466, 1.450363336150466, 1.450363336150466, 1.5197575294745265, 1.5197575294745265, 1.5197575294745265, 1.5197575294745265, 1.5197575294745265, 1.5197575294745265, 1.5197575294745265], "timestamp": "2025-03-13_17-27-01"}