{"y_max": 1.6817229668738747, "mean_values": [0.1552081541507602, 0.384561156286821, 0.893954759601822, 1.4239568480363616, 1.4239568480363616, 1.4239568480363616, 1.4239568480363616, 1.4239568480363616, 1.4890690203595929, 1.4890690203595929, 1.4890690203595929, 1.4890690203595929, 1.4890690203595929, 1.4890690203595929, 1.4890690203595929, 1.4890690203595929, 1.4890690203595929, 1.4890690203595929, 1.4890690203595929, 1.4890690203595929], "timestamp": "2025-03-13_17-45-02"}