{"y_max": 1.6817229668738747, "mean_values": [0.10937165663198882, 0.3381339059699826, 0.9456142688905503, 1.3843344087278673, 1.3843344087278673, 1.3843344087278673, 1.3843344087278673, 1.3843344087278673, 1.4154733971076416, 1.4154733971076416, 1.4154733971076416, 1.4528197383332397, 1.4528197383332397, 1.4528197383332397, 1.4528197383332397, 1.4528197383332397, 1.4528197383332397, 1.4528197383332397, 1.4528197383332397, 1.4528197383332397], "timestamp": "2025-03-13_15-04-45"}