{"y_max": 1.6817229668738747, "mean_values": [0.12219133267710575, 0.12219133267710575, 0.37543875056556164, 0.9102536326189016, 1.4212009700037793, 1.4212009700037793, 1.4212009700037793, 1.4212009700037793, 1.4212009700037793, 1.4703962838793545, 1.4703962838793545, 1.4703962838793545, 1.4703962838793545, 1.4703962838793545, 1.4703962838793545, 1.4703962838793545, 1.4703962838793545, 1.4815611863507938, 1.4815611863507938, 1.4827511227945362], "timestamp": "2025-03-13_17-35-26"}