{"y_max": 1.6817229668738747, "mean_values": [0.2844838413707308, 0.6037006914217204, 1.1779435795120494, 1.4102565377231013, 1.4102565377231013, 1.5156369330952737, 1.5156369330952737, 1.5156369330952737, 1.5156369330952737, 1.5156369330952737, 1.5156369330952737, 1.5156369330952737, 1.5156369330952737, 1.5156369330952737, 1.5156369330952737, 1.5156369330952737, 1.5156369330952737, 1.5156369330952737, 1.5156369330952737, 1.5156369330952737], "timestamp": "2025-03-13_16-07-57"}