{"y_max": 1.6817229668738747, "mean_values": [0.2771917948375791, 0.6851832692957174, 1.1928941962089288, 1.3859665851467637, 1.3859665851467637, 1.4668595019592428, 1.4668595019592428, 1.4668595019592428, 1.4844920160267137, 1.4844920160267137, 1.4844920160267137, 1.4844920160267137, 1.4844920160267137, 1.4844920160267137, 1.4844920160267137, 1.4844920160267137, 1.4844920160267137, 1.4844920160267137, 1.4844920160267137, 1.4844920160267137], "timestamp": "2025-03-13_16-04-08"}