{"y_max": 1.6817229668738747, "mean_values": [0.22506127425128997, 0.541422162223735, 1.1969925256378553, 1.3756603343793612, 1.3756603343793612, 1.3756603343793612, 1.4119337739507827, 1.464362002568371, 1.464362002568371, 1.4660825606491077, 1.4838935266896274, 1.4838935266896274, 1.4838935266896274, 1.4838935266896274, 1.4838935266896274, 1.4838935266896274, 1.4838935266896274, 1.4838935266896274, 1.4838935266896274, 1.4838935266896274], "timestamp": "2025-03-13_15-49-27"}