{"y_max": 1.6817229668738747, "mean_values": [0.2512518232455645, 0.5977668344664949, 1.1972189827600095, 1.3896703170888653, 1.3896703170888653, 1.4275385175645097, 1.4358159558423516, 1.4365231486533059, 1.4365231486533059, 1.4400783577860596, 1.4767745346646515, 1.4767745346646515, 1.4767745346646515, 1.4767745346646515, 1.4946374301706766, 1.4946374301706766, 1.4946374301706766, 1.4946374301706766, 1.4946374301706766, 1.4946374301706766], "timestamp": "2025-03-13_17-51-07"}