{"y_max": 1.6817229668738747, "mean_values": [0.16396976407259964, 0.48404264160393473, 1.22056866762299, 1.3440823061767089, 1.3440823061767089, 1.3440823061767089, 1.4449025494724768, 1.4449025494724768, 1.4449025494724768, 1.4669102274240164, 1.4669102274240164, 1.4669102274240164, 1.4669102274240164, 1.4669102274240164, 1.4669102274240164, 1.4669102274240164, 1.4669102274240164, 1.4669102274240164, 1.4669102274240164, 1.4669102274240164], "timestamp": "2025-03-13_15-58-01"}