{"y_max": 1.6817229668738747, "mean_values": [0.1958701194347926, 0.1958701194347926, 0.4403928507248746, 1.1336919952602043, 1.4185320321425605, 1.4185320321425605, 1.4185320321425605, 1.4220430418626522, 1.4220430418626522, 1.4220430418626522, 1.4220430418626522, 1.4220430418626522, 1.4220430418626522, 1.433898184006379, 1.433898184006379, 1.433898184006379, 1.433898184006379, 1.433898184006379, 1.433898184006379, 1.442204568773949], "timestamp": "2025-03-13_17-25-49"}