{"y_max": 1.6817229668738747, "mean_values": [0.15715580757684408, 0.33599509155101037, 0.8294772818399095, 1.451888606983846, 1.451888606983846, 1.451888606983846, 1.451888606983846, 1.451888606983846, 1.451888606983846, 1.451888606983846, 1.483680631190282, 1.483680631190282, 1.483680631190282, 1.483680631190282, 1.483680631190282, 1.483680631190282, 1.483680631190282, 1.483680631190282, 1.5036388507829876, 1.5036388507829876], "timestamp": "2025-03-13_15-50-46"}