{"y_max": 1.6817229668738747, "mean_values": [0.2794874203962702, 0.6549019375217222, 1.2255552260483051, 1.3504868532845256, 1.3504868532845256, 1.3609372056026012, 1.4297187061763434, 1.4298829091028107, 1.4447125845431446, 1.4447125845431446, 1.4447125845431446, 1.4447125845431446, 1.4447125845431446, 1.4447125845431446, 1.4447125845431446, 1.4447125845431446, 1.4447125845431446, 1.4447125845431446, 1.4447125845431446, 1.4447125845431446], "timestamp": "2025-03-13_15-45-44"}