{"y_max": 1.6817229668738747, "mean_values": [0.11564694722615766, 0.36281629179560054, 0.9048131685610314, 1.4419446308712929, 1.4419446308712929, 1.4419446308712929, 1.4419446308712929, 1.4419446308712929, 1.4419446308712929, 1.4419446308712929, 1.4419446308712929, 1.4419446308712929, 1.4419446308712929, 1.4419446308712929, 1.4419446308712929, 1.4691964712871406, 1.4691964712871406, 1.4691964712871406, 1.4691964712871406, 1.4691964712871406], "timestamp": "2025-03-13_17-52-19"}