{"y_max": 1.6817229668738747, "mean_values": [0.24008595520820486, 0.6353087899253129, 1.20271038900154, 1.39713462000989, 1.39713462000989, 1.4677992574441043, 1.4677992574441043, 1.4677992574441043, 1.4677992574441043, 1.4677992574441043, 1.4677992574441043, 1.4677992574441043, 1.471219592130369, 1.471219592130369, 1.471219592130369, 1.471219592130369, 1.471219592130369, 1.471219592130369, 1.471219592130369, 1.471219592130369], "timestamp": "2025-03-13_15-01-08"}