{"y_max": 1.6817229668738747, "mean_values": [0.21399591331633025, 0.5339360128905893, 1.1535938401815093, 1.4467820097896882, 1.4467820097896882, 1.4467820097896882, 1.4467820097896882, 1.4467820097896882, 1.4467820097896882, 1.4467820097896882, 1.4467820097896882, 1.4522716526333035, 1.4522716526333035, 1.4522716526333035, 1.4522716526333035, 1.4522716526333035, 1.4522716526333035, 1.4522716526333035, 1.4522716526333035, 1.4522716526333035], "timestamp": "2025-03-13_18-00-44"}