{"y_max": 1.6817229668738747, "mean_values": [0.2113570403264461, 0.5701606360458066, 1.1978643494746073, 1.393201499701573, 1.393201499701573, 1.393201499701573, 1.393201499701573, 1.393201499701573, 1.393201499701573, 1.41312692286711, 1.4187896595587957, 1.4460271524023482, 1.4559684976760023, 1.456238377241048, 1.456238377241048, 1.456238377241048, 1.456965210918406, 1.456965210918406, 1.456965210918406, 1.456965210918406], "timestamp": "2025-03-13_15-02-21"}