{"y_max": 1.6817229668738747, "mean_values": [0.25455372640064283, 0.42641309224881935, 0.757329412775167, 1.3056369887676502, 1.4101424686041952, 1.4101424686041952, 1.4300155361656324, 1.4300155361656324, 1.4300155361656324, 1.4300155361656324, 1.445832948844251, 1.445832948844251, 1.445832948844251, 1.445832948844251, 1.445832948844251, 1.445832948844251, 1.445832948844251, 1.445832948844251, 1.445832948844251, 1.4470870065002714], "timestamp": "2025-03-12_23-17-56"}