{"y_max": 1.6817229668738747, "mean_values": [0.2448565511916009, 0.5702395470347134, 1.1910593169693877, 1.3292577854617003, 1.3292577854617003, 1.3712612043321901, 1.3712612043321901, 1.4624526445238537, 1.4624526445238537, 1.4624526445238537, 1.4624526445238537, 1.4624526445238537, 1.4624526445238537, 1.4624526445238537, 1.4624526445238537, 1.4624526445238537, 1.4624526445238537, 1.4624526445238537, 1.4624526445238537, 1.4628091887636505], "timestamp": "2025-03-13_16-21-35"}