{"y_max": 1.6817229668738747, "mean_values": [0.25910136637767645, 0.5809487346991135, 1.071772454572156, 1.4152817179506034, 1.4152817179506034, 1.4152817179506034, 1.4152817179506034, 1.4152817179506034, 1.4238411074567046, 1.4238411074567046, 1.4319446482347993, 1.4319446482347993, 1.4319446482347993, 1.4319446482347993, 1.4478914426261864, 1.4478914426261864, 1.4604411336013754, 1.4604411336013754, 1.4604411336013754, 1.4604411336013754], "timestamp": "2025-03-13_11-58-21"}