{"y_max": 1.6817229668738747, "mean_values": [0.1977425825670551, 0.6070662150898573, 1.0928710490330777, 1.4422962364274292, 1.4422962364274292, 1.4422962364274292, 1.4422962364274292, 1.4422962364274292, 1.4516218987767833, 1.4516218987767833, 1.4516218987767833, 1.4516218987767833, 1.4516218987767833, 1.4516218987767833, 1.4516218987767833, 1.4516218987767833, 1.4516218987767833, 1.4516218987767833, 1.4516218987767833, 1.4610927925015924], "timestamp": "2025-03-13_11-29-47"}