{"y_max": 1.6817229668738747, "mean_values": [0.12488603787041798, 0.39279676043192474, 0.8515608690144131, 1.377919405012029, 1.377919405012029, 1.377919405012029, 1.4219790031382473, 1.4219790031382473, 1.4492048611791668, 1.4492048611791668, 1.4492048611791668, 1.4492048611791668, 1.4492048611791668, 1.4492048611791668, 1.4492048611791668, 1.4492048611791668, 1.4492048611791668, 1.4492048611791668, 1.4492048611791668, 1.4492048611791668], "timestamp": "2025-03-13_10-56-31"}