{"y_max": 1.6817229668738747, "mean_values": [0.19538354041741288, 0.5544068263224665, 1.1350058268230263, 1.4108028854089887, 1.4108028854089887, 1.4108028854089887, 1.4463442658511159, 1.4463442658511159, 1.4463442658511159, 1.4463442658511159, 1.4463442658511159, 1.4463442658511159, 1.4463442658511159, 1.4463442658511159, 1.4463442658511159, 1.4463442658511159, 1.4611340431551687, 1.4611340431551687, 1.4611340431551687, 1.4611340431551687], "timestamp": "2025-03-13_11-16-26"}