{"y_max": 1.6817229668738747, "mean_values": [0.25131519307736344, 0.5614731507777345, 1.0848273555563739, 1.407282318041059, 1.407282318041059, 1.407282318041059, 1.4469711555159472, 1.4469711555159472, 1.4469711555159472, 1.456720596860553, 1.456720596860553, 1.456720596860553, 1.465219999557298, 1.465219999557298, 1.465219999557298, 1.465219999557298, 1.465219999557298, 1.4692794601178687, 1.4692794601178687, 1.4692794601178687], "timestamp": "2025-03-13_11-45-32"}