{"y_max": 1.6817229668738747, "mean_values": [0.12377543762528913, 0.36250675588732795, 0.8211587387699003, 1.4090683224341376, 1.4090683224341376, 1.4090683224341376, 1.4500634970158248, 1.4500634970158248, 1.4560203353926464, 1.4560203353926464, 1.4560203353926464, 1.465080513738807, 1.465080513738807, 1.465080513738807, 1.465080513738807, 1.465080513738807, 1.465080513738807, 1.465080513738807, 1.465080513738807, 1.465080513738807], "timestamp": "2025-03-13_11-36-16"}