{"y_max": 1.6817229668738747, "mean_values": [0.2399885471438262, 0.550625384002179, 1.1226078378977395, 1.442809536268661, 1.442809536268661, 1.442809536268661, 1.442809536268661, 1.442809536268661, 1.442809536268661, 1.4853597056984666, 1.4853597056984666, 1.4853597056984666, 1.4853597056984666, 1.4853597056984666, 1.4853597056984666, 1.4853597056984666, 1.4853597056984666, 1.4853597056984666, 1.4853597056984666, 1.4853597056984666], "timestamp": "2025-03-13_11-43-43"}