{"y_max": 1.6817229668738747, "mean_values": [0.2508399882409314, 0.5595469545504481, 1.091011346076317, 1.4244455905689102, 1.4244455905689102, 1.4244455905689102, 1.5199490857249571, 1.5199490857249571, 1.5199490857249571, 1.5199490857249571, 1.5199490857249571, 1.5199490857249571, 1.5199490857249571, 1.5199490857249571, 1.5199490857249571, 1.5199490857249571, 1.5199490857249571, 1.5199490857249571, 1.5199490857249571, 1.5199490857249571], "timestamp": "2025-03-13_11-01-17"}