{"y_max": 1.6817229668738747, "mean_values": [0.14944456949971924, 0.14944456949971924, 0.37101590099562337, 0.8011673269355386, 1.333918657125086, 1.333918657125086, 1.333918657125086, 1.4311967393459206, 1.4311967393459206, 1.4311967393459206, 1.4311967393459206, 1.4311967393459206, 1.4311967393459206, 1.4574146688496268, 1.4574146688496268, 1.4574146688496268, 1.4574146688496268, 1.4574146688496268, 1.4574146688496268, 1.4574146688496268], "timestamp": "2025-03-13_11-11-37"}