{"y_max": 1.6817229668738747, "mean_values": [0.24426254326885177, 0.5424317583530729, 1.0989029236421404, 1.432823212312431, 1.432823212312431, 1.432823212312431, 1.432823212312431, 1.4386398794437274, 1.493132027351737, 1.493132027351737, 1.493132027351737, 1.493132027351737, 1.493132027351737, 1.493132027351737, 1.493132027351737, 1.493132027351737, 1.493132027351737, 1.5070322257023394, 1.5070322257023394, 1.5070322257023394], "timestamp": "2025-03-13_10-58-27"}