{"y_max": 1.6817229668738747, "mean_values": [0.20978751777612956, 0.5252922848122734, 1.0876439396069912, 1.3653352305572133, 1.3653352305572133, 1.3653352305572133, 1.3823178650148664, 1.412426672294389, 1.429622977390748, 1.429622977390748, 1.4337445946953173, 1.4337445946953173, 1.4337445946953173, 1.492067401627771, 1.492067401627771, 1.492067401627771, 1.492067401627771, 1.492067401627771, 1.492067401627771, 1.492067401627771], "timestamp": "2025-03-13_11-05-01"}