{"y_max": 1.6817229668738747, "mean_values": [0.2666394380863077, 0.616408251809097, 1.1375102030853077, 1.4161819751803977, 1.4161819751803977, 1.4161819751803977, 1.4161819751803977, 1.4502089735405441, 1.4502089735405441, 1.4502089735405441, 1.4502089735405441, 1.4502089735405441, 1.4502089735405441, 1.4610977683710293, 1.4610977683710293, 1.4610977683710293, 1.4610977683710293, 1.4610977683710293, 1.4610977683710293, 1.4610977683710293], "timestamp": "2025-03-13_11-22-08"}