{"y_max": 1.6817229668738747, "mean_values": [0.13682603920481343, 0.36251074994897986, 0.8172896302829348, 1.3105028948062665, 1.3479438612741126, 1.3479438612741126, 1.4107405797387709, 1.4483064897740863, 1.4483064897740863, 1.4483064897740863, 1.4483064897740863, 1.4597277938391124, 1.4597277938391124, 1.4597277938391124, 1.4597277938391124, 1.4597277938391124, 1.4597277938391124, 1.4597277938391124, 1.4597277938391124, 1.4597277938391124], "timestamp": "2025-03-13_11-40-03"}