{"y_max": 1.6817229668738747, "mean_values": [0.25211371590444154, 0.5976725178663175, 1.118201565517449, 1.4766474496354551, 1.4766474496354551, 1.4766474496354551, 1.4766474496354551, 1.4766474496354551, 1.4766474496354551, 1.4766474496354551, 1.4766474496354551, 1.4766474496354551, 1.4766474496354551, 1.4766474496354551, 1.4766474496354551, 1.4766474496354551, 1.4766474496354551, 1.4766474496354551, 1.4766474496354551, 1.4766474496354551], "timestamp": "2025-03-13_12-02-58"}