{"y_max": 1.6817229668738747, "mean_values": [0.2350285834254878, 0.550113466513523, 1.0975520080839165, 1.440948218505383, 1.440948218505383, 1.440948218505383, 1.4465124626769348, 1.4465124626769348, 1.4465124626769348, 1.4465124626769348, 1.451658118290651, 1.451658118290651, 1.451658118290651, 1.451658118290651, 1.451658118290651, 1.451658118290651, 1.4784033343930143, 1.4784033343930143, 1.4784033343930143, 1.4784033343930143], "timestamp": "2025-03-13_11-12-37"}