{"y_max": 1.6817229668738747, "mean_values": [0.22884113115873855, 0.6145317891933808, 1.159155323552755, 1.487167508347769, 1.487167508347769, 1.487167508347769, 1.487167508347769, 1.487167508347769, 1.487167508347769, 1.487167508347769, 1.487167508347769, 1.487167508347769, 1.487167508347769, 1.487167508347769, 1.487167508347769, 1.487167508347769, 1.487167508347769, 1.487167508347769, 1.487167508347769, 1.487167508347769], "timestamp": "2025-03-13_10-52-40"}