{"y_max": 1.6817229668738747, "mean_values": [0.21392757098301116, 0.5411499489185877, 1.0678731035023605, 1.3817455224258797, 1.3817455224258797, 1.3817455224258797, 1.4004089910502695, 1.4004089910502695, 1.4194275239130436, 1.4194275239130436, 1.4194275239130436, 1.4194275239130436, 1.439342922103446, 1.439342922103446, 1.439342922103446, 1.4500292181841907, 1.4780519857561278, 1.4780519857561278, 1.4780519857561278, 1.4780519857561278], "timestamp": "2025-03-13_11-17-23"}