{"y_max": 1.6817229668738747, "mean_values": [0.2439749739149335, 0.5861076985929088, 1.080503831128001, 1.4250380798634479, 1.4250380798634479, 1.4250380798634479, 1.4250380798634479, 1.4250380798634479, 1.4359423405166205, 1.4359423405166205, 1.4359720285504798, 1.4359720285504798, 1.4359720285504798, 1.4509147730766638, 1.4944809634386862, 1.4944809634386862, 1.4944809634386862, 1.4944809634386862, 1.4944809634386862, 1.4944809634386862], "timestamp": "2025-03-13_11-53-36"}