{"y_max": 1.6817229668738747, "mean_values": [0.21852753041372575, 0.5358655090196496, 1.1351531423955634, 1.4728864253297222, 1.4728864253297222, 1.4728864253297222, 1.4728864253297222, 1.4728864253297222, 1.4728864253297222, 1.4728864253297222, 1.4728864253297222, 1.4728864253297222, 1.4728864253297222, 1.4728864253297222, 1.4728864253297222, 1.4728864253297222, 1.4728864253297222, 1.4728864253297222, 1.4728864253297222, 1.4728864253297222], "timestamp": "2025-03-13_11-38-11"}