{"y_max": 1.6817229668738747, "mean_values": [0.22777006020435445, 0.5806527546522973, 1.0739601237140457, 1.460883452493157, 1.460883452493157, 1.460883452493157, 1.460883452493157, 1.460883452493157, 1.460883452493157, 1.460883452493157, 1.460883452493157, 1.460883452493157, 1.460883452493157, 1.5018895434664166, 1.5018895434664166, 1.5018895434664166, 1.5018895434664166, 1.5018895434664166, 1.5018895434664166, 1.5018895434664166], "timestamp": "2025-03-13_11-33-31"}