{"y_max": 1.6817229668738747, "mean_values": [0.20314542441413946, 0.4262166484632922, 0.9007308547315933, 1.337956008400127, 1.337956008400127, 1.337956008400127, 1.3828520124216455, 1.4148847302221799, 1.4436549966255143, 1.4436549966255143, 1.4436549966255143, 1.4436549966255143, 1.4511760849366415, 1.4511760849366415, 1.4511760849366415, 1.4511760849366415, 1.4511760849366415, 1.4511760849366415, 1.4511760849366415, 1.4682372509714527], "timestamp": "2025-03-13_11-15-30"}