{"y_max": 1.6817229668738747, "mean_values": [0.12629224618592472, 0.32021981771667113, 0.8098342579167958, 1.383330096155764, 1.383330096155764, 1.383330096155764, 1.383330096155764, 1.4614215902223453, 1.4614215902223453, 1.4614215902223453, 1.4614215902223453, 1.4614215902223453, 1.4614215902223453, 1.4614215902223453, 1.4663745598368019, 1.4663745598368019, 1.4663745598368019, 1.4663745598368019, 1.4663745598368019, 1.4663745598368019], "timestamp": "2025-03-13_11-37-13"}