{"y_max": 1.6817229668738747, "mean_values": [0.13651802832268523, 0.39689283167925843, 0.8794330158054585, 1.3585474850567265, 1.3585474850567265, 1.3585474850567265, 1.4204598353201936, 1.4204598353201936, 1.4204598353201936, 1.4424687635930529, 1.4424687635930529, 1.4424687635930529, 1.4424687635930529, 1.4424687635930529, 1.4424687635930529, 1.4424687635930529, 1.4424687635930529, 1.4424687635930529, 1.4424687635930529, 1.4424687635930529], "timestamp": "2025-03-13_12-12-05"}