{"y_max": 1.6817229668738747, "mean_values": [0.17542239512307017, 0.17542239512307017, 0.44663659719093823, 1.0667066323104715, 1.4454022572135472, 1.4454022572135472, 1.4454022572135472, 1.4454022572135472, 1.4455562546149325, 1.4854879459944494, 1.4854879459944494, 1.4854879459944494, 1.5055517534358105, 1.5055517534358105, 1.5055517534358105, 1.5055517534358105, 1.5055517534358105, 1.5055517534358105, 1.5055517534358105, 1.5055517534358105], "timestamp": "2025-03-13_10-43-27"}