{"y_max": 1.6817229668738747, "mean_values": [0.14188739450095061, 0.33603258118076423, 0.8273070734321637, 1.349610271677269, 1.349610271677269, 1.349610271677269, 1.4202286730570095, 1.4202286730570095, 1.4230959591800847, 1.4230959591800847, 1.475381998876361, 1.4866905595273054, 1.4866905595273054, 1.4866905595273054, 1.4952493704515728, 1.4952493704515728, 1.4952493704515728, 1.4952493704515728, 1.4952493704515728, 1.4952493704515728], "timestamp": "2025-03-13_11-19-19"}