{"y_max": 1.6817229668738747, "mean_values": [0.2297684243240236, 0.5502084656347646, 1.0966541204039837, 1.383162023855779, 1.383162023855779, 1.383162023855779, 1.4452116201821035, 1.4452116201821035, 1.4526263834238002, 1.4635943331241648, 1.4635943331241648, 1.4635943331241648, 1.4635943331241648, 1.4635943331241648, 1.4635943331241648, 1.4635943331241648, 1.4635943331241648, 1.4635943331241648, 1.4635943331241648, 1.4635943331241648], "timestamp": "2025-03-13_11-48-14"}