{"y_max": 1.6817229668738747, "mean_values": [0.25610662391126515, 0.5588376583743763, 1.0421782364391716, 1.425812554249874, 1.425812554249874, 1.425812554249874, 1.425812554249874, 1.425812554249874, 1.4528060022556804, 1.4528060022556804, 1.4528060022556804, 1.4528060022556804, 1.4528060022556804, 1.4528060022556804, 1.4528060022556804, 1.4528060022556804, 1.4528060022556804, 1.4528060022556804, 1.4528060022556804, 1.4528060022556804], "timestamp": "2025-03-13_11-39-06"}