{"y_max": 1.6817229668738747, "mean_values": [0.2044013877250234, 0.3696055103872605, 0.7522821388234266, 1.4029311101479738, 1.4029311101479738, 1.4029311101479738, 1.4029311101479738, 1.4029311101479738, 1.4350105181027035, 1.4350105181027035, 1.4350105181027035, 1.4350105181027035, 1.4350105181027035, 1.4350105181027035, 1.4741769095741304, 1.4741769095741304, 1.4741769095741304, 1.4741769095741304, 1.4741769095741304, 1.4741769095741304], "timestamp": "2025-03-13_11-30-44"}