{"y_max": 1.6817229668738747, "mean_values": [0.20652794862678608, 0.5672240539365373, 1.1014677132760222, 1.367788726527408, 1.367788726527408, 1.367788726527408, 1.410773504655746, 1.410773504655746, 1.410773504655746, 1.410773504655746, 1.4550836964661706, 1.4550836964661706, 1.4550836964661706, 1.4550836964661706, 1.4550836964661706, 1.4550836964661706, 1.4550836964661706, 1.4550836964661706, 1.4550836964661706, 1.4550836964661706], "timestamp": "2025-03-13_10-49-49"}