{"y_max": 1.6817229668738747, "mean_values": [0.1382615380709259, 0.3946536188520331, 0.8111977079332254, 1.4108731376874972, 1.4108731376874972, 1.4108731376874972, 1.4108731376874972, 1.4666766432457101, 1.4666766432457101, 1.4666766432457101, 1.4666766432457101, 1.4666766432457101, 1.4666766432457101, 1.4958492012343458, 1.4958492012343458, 1.4958492012343458, 1.4958492012343458, 1.4958492012343458, 1.4958492012343458, 1.4958492012343458], "timestamp": "2025-03-13_11-08-46"}