{"y_max": 1.6817229668738747, "mean_values": [0.1914148644967708, 0.47389564894193303, 1.0725804368312446, 1.4585019968600477, 1.4585019968600477, 1.4585019968600477, 1.4585019968600477, 1.4695298695900272, 1.4695298695900272, 1.4695298695900272, 1.4695298695900272, 1.4695298695900272, 1.4695298695900272, 1.4695298695900272, 1.4695298695900272, 1.4695298695900272, 1.4695298695900272, 1.4695298695900272, 1.4695298695900272, 1.4695298695900272], "timestamp": "2025-03-13_11-47-20"}