{"y_max": 1.6817229668738747, "mean_values": [0.24062181936822272, 0.5607559603625729, 1.1001187499568048, 1.4105387617087903, 1.4105387617087903, 1.4105387617087903, 1.4499297387156573, 1.4695725357058544, 1.4885430329400693, 1.4885430329400693, 1.4885430329400693, 1.4885430329400693, 1.4885430329400693, 1.4885430329400693, 1.4885430329400693, 1.4885430329400693, 1.4885430329400693, 1.4885430329400693, 1.4885430329400693, 1.4885430329400693], "timestamp": "2025-03-13_11-51-49"}