{"y_max": 1.6817229668738747, "mean_values": [0.217121200464398, 0.5815505876882744, 1.1419692117708675, 1.3843379699124942, 1.3843379699124942, 1.3843379699124942, 1.452203077941888, 1.4557405179020149, 1.4557405179020149, 1.4557405179020149, 1.4557405179020149, 1.4557405179020149, 1.4590075436796348, 1.4590075436796348, 1.4590075436796348, 1.4746174666228966, 1.4746174666228966, 1.4746174666228966, 1.4746174666228966, 1.4746174666228966], "timestamp": "2025-03-13_11-05-56"}