{"y_max": 1.6514432699284796, "mean_values": [0.7539446188002153, 0.7539446188002153, 0.9887113697052594, 1.1773730440010564, 1.1773730440010564, 1.1773730440010564, 1.1773730440010564, 1.3167894376319054, 1.4362820636415854, 1.4362820636415854, 1.4362820636415854, 1.4362820636415854, 1.4362820636415854, 1.4362820636415854, 1.4362820636415854, 1.4362820636415854, 1.4362820636415854, 1.4362820636415854, 1.4362820636415854, 1.4362820636415854, 1.4362820636415854, 1.5208145522494478, 1.632637127659677, 1.632637127659677, 1.632637127659677, 1.632637127659677, 1.632637127659677, 1.632637127659677, 1.632637127659677, 1.632637127659677, 1.632637127659677, 1.632637127659677, 1.632637127659677, 1.639536847316925, 1.639536847316925, 1.639536847316925, 1.639536847316925, 1.639536847316925, 1.639536847316925, 1.639536847316925], "timestamp": "2025-03-13_16-40-00"}