{"y_max": 1.6514432699284796, "mean_values": [0.9671653094572655, 1.0539931879645439, 1.1494487386608725, 1.1494487386608725, 1.161659986307496, 1.1941845534032909, 1.426533872970229, 1.426533872970229, 1.426533872970229, 1.426533872970229, 1.426533872970229, 1.426533872970229, 1.426533872970229, 1.426533872970229, 1.426533872970229, 1.426533872970229, 1.632190736880166, 1.632190736880166, 1.632190736880166, 1.632190736880166, 1.632190736880166, 1.632190736880166, 1.632190736880166, 1.632190736880166, 1.632190736880166, 1.632190736880166, 1.702083330689835, 1.702083330689835, 1.702083330689835, 1.702083330689835, 1.702083330689835, 1.702083330689835, 1.702083330689835, 1.702083330689835, 1.702083330689835, 1.702083330689835, 1.702083330689835, 1.702083330689835, 1.702083330689835, 1.702083330689835], "timestamp": "2025-03-13_14-11-05"}