{"y_max": 1.6514432699284796, "mean_values": [0.7810264031609098, 1.0122895946804555, 1.1254614854652203, 1.1254614854652203, 1.152859910114802, 1.152859910114802, 1.2787214873545518, 1.2787214873545518, 1.4530583209572392, 1.4530583209572392, 1.4530583209572392, 1.4530583209572392, 1.5053257408754757, 1.6338537155423398, 1.6338537155423398, 1.6338537155423398, 1.6338537155423398, 1.6338537155423398, 1.6338537155423398, 1.6338537155423398, 1.6338537155423398, 1.6338537155423398, 1.6338537155423398, 1.6338537155423398, 1.6338537155423398, 1.6338537155423398, 1.6449659987096843, 1.6449659987096843, 1.6449659987096843, 1.6449659987096843, 1.6449659987096843, 1.6449659987096843, 1.6449659987096843, 1.6449659987096843, 1.6449659987096843, 1.707592387779404, 1.707592387779404, 1.707592387779404, 1.707592387779404, 1.707592387779404], "timestamp": "2025-03-13_13-56-12"}