{"y_max": 1.6514432699284796, "mean_values": [0.8503605997015902, 1.062584825907396, 1.160155089345127, 1.160155089345127, 1.160155089345127, 1.160155089345127, 1.1748062571936533, 1.2819076286025886, 1.4619623938425508, 1.4619623938425508, 1.4619623938425508, 1.4619623938425508, 1.4619623938425508, 1.4619623938425508, 1.4619623938425508, 1.4619623938425508, 1.4619623938425508, 1.4619623938425508, 1.5973221730999643, 1.6426059132835125, 1.6426059132835125, 1.6426059132835125, 1.6426059132835125, 1.6426059132835125, 1.6426059132835125, 1.6971049230444586, 1.6971049230444586, 1.6971049230444586, 1.6971049230444586, 1.6971049230444586, 1.6971049230444586, 1.6971049230444586, 1.6971049230444586, 1.6971049230444586, 1.6971049230444586, 1.6971049230444586, 1.6971049230444586, 1.6971049230444586, 1.6971049230444586, 1.6971049230444586], "timestamp": "2025-03-13_13-58-41"}