{"y_max": 1.6514432699284796, "mean_values": [0.7870583705590842, 0.7870583705590842, 0.9802335643091684, 0.9802335643091684, 0.9802335643091684, 0.9802335643091684, 1.1854047469180014, 1.5772301762495102, 1.6215894068518084, 1.6215894068518084, 1.6215894068518084, 1.6215894068518084, 1.6215894068518084, 1.6215894068518084, 1.6215894068518084, 1.6215894068518084, 1.6215894068518084, 1.6215894068518084, 1.6215894068518084, 1.6215894068518084, 1.6215894068518084, 1.6215894068518084, 1.6215894068518084, 1.6215894068518084, 1.6215894068518084, 1.6215894068518084, 1.6215894068518084, 1.6215894068518084, 1.6215894068518084, 1.6215894068518084, 1.6215894068518084, 1.6215894068518084, 1.6434141542723326, 1.6434141542723326, 1.6434141542723326, 1.6434141542723326, 1.6434141542723326, 1.6434141542723326, 1.6434141542723326, 1.6434141542723326], "timestamp": "2025-03-13_15-17-37"}