{"y_max": 1.6514432699284796, "mean_values": [0.7963614021951366, 0.7963614021951366, 1.0169063206414062, 1.1121116063686782, 1.1671528546716252, 1.1671528546716252, 1.1916049008971945, 1.1916049008971945, 1.1916049008971945, 1.2735645195829248, 1.2735645195829248, 1.4946355374679798, 1.4946355374679798, 1.4946355374679798, 1.4946355374679798, 1.4946355374679798, 1.4946355374679798, 1.4946355374679798, 1.4946355374679798, 1.63460380125627, 1.63460380125627, 1.63460380125627, 1.63460380125627, 1.63460380125627, 1.63460380125627, 1.63460380125627, 1.63460380125627, 1.63460380125627, 1.63460380125627, 1.63460380125627, 1.63460380125627, 1.63460380125627, 1.63460380125627, 1.63460380125627, 1.63460380125627, 1.63460380125627, 1.63460380125627, 1.63460380125627, 1.63460380125627, 1.63460380125627], "timestamp": "2025-03-13_16-57-32"}