{"y_max": 1.6514432699284796, "mean_values": [0.9802100017025461, 1.0432419766191656, 1.160915138956716, 1.160915138956716, 1.160915138956716, 1.1953945897453484, 1.379916430149453, 1.379916430149453, 1.379916430149453, 1.379916430149453, 1.379916430149453, 1.379916430149453, 1.379916430149453, 1.379916430149453, 1.379916430149453, 1.379916430149453, 1.543272548080893, 1.546966015106954, 1.546966015106954, 1.546966015106954, 1.546966015106954, 1.546966015106954, 1.546966015106954, 1.546966015106954, 1.546966015106954, 1.546966015106954, 1.546966015106954, 1.546966015106954, 1.546966015106954, 1.546966015106954, 1.546966015106954, 1.546966015106954, 1.546966015106954, 1.546966015106954, 1.546966015106954, 1.6181864742767385, 1.6181864742767385, 1.6181864742767385, 1.6181864742767385, 1.6181864742767385], "timestamp": "2025-03-13_14-24-16"}