{"y_max": 1.6514432699284796, "mean_values": [0.9436500234388167, 1.0922963329812092, 1.187050957132909, 1.187050957132909, 1.187050957132909, 1.187050957132909, 1.187050957132909, 1.187050957132909, 1.3735725487182318, 1.3735725487182318, 1.3735725487182318, 1.6064543760051768, 1.6064543760051768, 1.6064543760051768, 1.6064543760051768, 1.6064543760051768, 1.6064543760051768, 1.6064543760051768, 1.6064543760051768, 1.6064543760051768, 1.6064543760051768, 1.6064543760051768, 1.6064543760051768, 1.6064543760051768, 1.6064543760051768, 1.6064543760051768, 1.6064543760051768, 1.6064543760051768, 1.6064543760051768, 1.6064543760051768, 1.6064543760051768, 1.6064543760051768, 1.6064543760051768, 1.6064543760051768, 1.6064543760051768, 1.666251929187106, 1.666251929187106, 1.666251929187106, 1.666251929187106, 1.666251929187106], "timestamp": "2025-03-13_15-12-40"}