{"y_max": 1.6514432699284796, "mean_values": [0.9025377610405975, 1.0898920635845064, 1.0898920635845064, 1.0898920635845064, 1.1057092434495828, 1.1549760118753183, 1.1549760118753183, 1.2251986657927905, 1.4302710489693067, 1.4302710489693067, 1.4302710489693067, 1.4302710489693067, 1.4302710489693067, 1.4302710489693067, 1.4302710489693067, 1.520489961278819, 1.577014720903422, 1.577014720903422, 1.577014720903422, 1.577014720903422, 1.577014720903422, 1.577014720903422, 1.577014720903422, 1.577014720903422, 1.6391411531511926, 1.6391411531511926, 1.6391411531511926, 1.6391411531511926, 1.6391411531511926, 1.6391411531511926, 1.6391411531511926, 1.6391411531511926, 1.6391411531511926, 1.6391411531511926, 1.6391411531511926, 1.6391411531511926, 1.6391411531511926, 1.6391411531511926, 1.6391411531511926, 1.6391411531511926], "timestamp": "2025-03-13_16-49-59"}