{"y_max": 1.6514432699284796, "mean_values": [0.8265005658053428, 1.0338641081413376, 1.0338641081413376, 1.1778398268303478, 1.1778398268303478, 1.1778398268303478, 1.1778398268303478, 1.1778398268303478, 1.2230144535684937, 1.522473894696418, 1.636417894289552, 1.636417894289552, 1.636417894289552, 1.636417894289552, 1.636417894289552, 1.636417894289552, 1.636417894289552, 1.636417894289552, 1.636417894289552, 1.636417894289552, 1.636417894289552, 1.636417894289552, 1.636417894289552, 1.636417894289552, 1.636417894289552, 1.636417894289552, 1.636417894289552, 1.636417894289552, 1.636417894289552, 1.636417894289552, 1.636417894289552, 1.636417894289552, 1.636417894289552, 1.636417894289552, 1.653096075935607, 1.653096075935607, 1.653096075935607, 1.653096075935607, 1.653096075935607, 1.653096075935607], "timestamp": "2025-03-13_16-07-33"}