{"y_max": 1.6514432699284796, "mean_values": [0.809368725748435, 0.9618298937105535, 1.1134608899361207, 1.1134608899361207, 1.1134608899361207, 1.156954274904634, 1.2827612953281489, 1.4579885082875985, 1.4579885082875985, 1.4579885082875985, 1.4579885082875985, 1.4579885082875985, 1.4579885082875985, 1.4579885082875985, 1.4579885082875985, 1.4579885082875985, 1.5526396908399829, 1.609595844888528, 1.609595844888528, 1.609595844888528, 1.609595844888528, 1.609595844888528, 1.609595844888528, 1.609595844888528, 1.609595844888528, 1.609595844888528, 1.609595844888528, 1.609595844888528, 1.609595844888528, 1.609595844888528, 1.609595844888528, 1.609595844888528, 1.609595844888528, 1.67826794733733, 1.67826794733733, 1.67826794733733, 1.67826794733733, 1.67826794733733, 1.67826794733733, 1.67826794733733], "timestamp": "2025-03-13_14-03-39"}