{"y_max": 1.6514432699284796, "mean_values": [0.9295222617374758, 1.114784182330685, 1.126173205563576, 1.126173205563576, 1.126173205563576, 1.126173205563576, 1.126173205563576, 1.126173205563576, 1.126173205563576, 1.2158230579780205, 1.3913495427764264, 1.4404630115188308, 1.4404630115188308, 1.4404630115188308, 1.655215112950896, 1.655215112950896, 1.655215112950896, 1.655215112950896, 1.655215112950896, 1.655215112950896, 1.655215112950896, 1.655215112950896, 1.655215112950896, 1.655215112950896, 1.655215112950896, 1.655215112950896, 1.655215112950896, 1.655215112950896, 1.655215112950896, 1.655215112950896, 1.655215112950896, 1.655215112950896, 1.655215112950896, 1.655215112950896, 1.6770143190756839, 1.6770143190756839, 1.6770143190756839, 1.6770143190756839, 1.6770143190756839, 1.6770143190756839], "timestamp": "2025-03-13_14-42-04"}