{"y_max": 1.6514432699284796, "mean_values": [0.7720798477667513, 1.0078537779405046, 1.111127070087875, 1.1466126101917733, 1.1466126101917733, 1.1466126101917733, 1.2644646276841507, 1.2644646276841507, 1.4642178006752369, 1.4642178006752369, 1.4642178006752369, 1.4642178006752369, 1.4642178006752369, 1.4642178006752369, 1.5363400523558821, 1.5740264032990157, 1.5740264032990157, 1.5740264032990157, 1.5740264032990157, 1.5740264032990157, 1.5740264032990157, 1.5740264032990157, 1.5740264032990157, 1.5740264032990157, 1.5740264032990157, 1.5740264032990157, 1.5740264032990157, 1.5740264032990157, 1.5740264032990157, 1.5740264032990157, 1.5740264032990157, 1.6264475482550496, 1.6264475482550496, 1.6264475482550496, 1.6264475482550496, 1.6264475482550496, 1.6264475482550496, 1.6264475482550496, 1.6264475482550496, 1.6264475482550496], "timestamp": "2025-03-13_16-45-04"}