{"y_max": 1.6514432699284796, "mean_values": [0.8057209291095522, 0.9522796448706681, 0.9522796448706681, 1.086054656216602, 1.0982165454601118, 1.107513109189951, 1.107513109189951, 1.107513109189951, 1.107513109189951, 1.2624843339106961, 1.6144136129772293, 1.6144136129772293, 1.6144136129772293, 1.6144136129772293, 1.6144136129772293, 1.6144136129772293, 1.6144136129772293, 1.6144136129772293, 1.6144136129772293, 1.6144136129772293, 1.6144136129772293, 1.6144136129772293, 1.6144136129772293, 1.6144136129772293, 1.6144136129772293, 1.6144136129772293, 1.6144136129772293, 1.6144136129772293, 1.6144136129772293, 1.6144136129772293, 1.6144136129772293, 1.6144136129772293, 1.6144136129772293, 1.6877525035965446, 1.6877525035965446, 1.6877525035965446, 1.6877525035965446, 1.6877525035965446, 1.6877525035965446, 1.6877525035965446], "timestamp": "2025-03-13_14-01-11"}