{"y_max": 1.6514432699284796, "mean_values": [0.751294729154016, 0.9690415958056856, 1.143195757782162, 1.143195757782162, 1.143195757782162, 1.2570654121332685, 1.3624969253693422, 1.3624969253693422, 1.3624969253693422, 1.3624969253693422, 1.3624969253693422, 1.3624969253693422, 1.3624969253693422, 1.3624969253693422, 1.3624969253693422, 1.3624969253693422, 1.3624969253693422, 1.3624969253693422, 1.3624969253693422, 1.6367172949225632, 1.6367172949225632, 1.6367172949225632, 1.6367172949225632, 1.6367172949225632, 1.6367172949225632, 1.6367172949225632, 1.6367172949225632, 1.6367172949225632, 1.6367172949225632, 1.6367172949225632, 1.6367172949225632, 1.664247793510317, 1.664247793510317, 1.664247793510317, 1.664247793510317, 1.664247793510317, 1.664247793510317, 1.664247793510317, 1.664247793510317, 1.664247793510317], "timestamp": "2025-03-13_13-26-14"}