{"y_max": 1.6514432699284796, "mean_values": [0.8229975182858676, 0.96339174273155, 1.1249880716893093, 1.1249880716893093, 1.1249880716893093, 1.1249880716893093, 1.1249880716893093, 1.1249880716893093, 1.1816733712919936, 1.2387991135879566, 1.460558306926013, 1.460558306926013, 1.460558306926013, 1.460558306926013, 1.5672941075350735, 1.6361237726583853, 1.6361237726583853, 1.6361237726583853, 1.6361237726583853, 1.6361237726583853, 1.650328654138565, 1.650328654138565, 1.650328654138565, 1.650328654138565, 1.650328654138565, 1.650328654138565, 1.650328654138565, 1.650328654138565, 1.650328654138565, 1.650328654138565, 1.650328654138565, 1.650328654138565, 1.650328654138565, 1.650328654138565, 1.650328654138565, 1.650328654138565, 1.650328654138565, 1.6597620530196247, 1.6597620530196247, 1.6597620530196247], "timestamp": "2025-03-13_13-41-23"}