{"y_max": 1.6514432699284796, "mean_values": [0.949541527563671, 1.1210727207204556, 1.1252775260979329, 1.1252775260979329, 1.2024490655574251, 1.427503042460433, 1.427503042460433, 1.427503042460433, 1.427503042460433, 1.427503042460433, 1.427503042460433, 1.427503042460433, 1.427503042460433, 1.427503042460433, 1.427503042460433, 1.427503042460433, 1.427503042460433, 1.427503042460433, 1.427503042460433, 1.427503042460433, 1.6446345869789694, 1.6446345869789694, 1.6446345869789694, 1.6446345869789694, 1.6446345869789694, 1.6544006752960079, 1.6544006752960079, 1.6544006752960079, 1.6544006752960079, 1.6544006752960079, 1.6544006752960079, 1.6544006752960079, 1.6544006752960079, 1.6544006752960079, 1.6544006752960079, 1.6544006752960079, 1.6544006752960079, 1.6544006752960079, 1.6544006752960079, 1.6544006752960079], "timestamp": "2025-03-13_13-31-17"}