{"y_max": 1.6514432699284796, "mean_values": [0.7574334322290441, 0.7574334322290441, 0.7574334322290441, 1.0121488646892531, 1.1820171703090652, 1.1820171703090652, 1.1820171703090652, 1.1820171703090652, 1.3260126263650778, 1.3260126263650778, 1.5195193815573824, 1.5195193815573824, 1.5195193815573824, 1.5195193815573824, 1.5475901553360907, 1.5578535380342347, 1.5578535380342347, 1.5578535380342347, 1.5578535380342347, 1.5578535380342347, 1.5578535380342347, 1.5578535380342347, 1.5578535380342347, 1.5578535380342347, 1.5578535380342347, 1.5578535380342347, 1.5578535380342347, 1.5578535380342347, 1.5578535380342347, 1.5578535380342347, 1.5578535380342347, 1.5578535380342347, 1.5578535380342347, 1.5578535380342347, 1.5578535380342347, 1.5578535380342347, 1.5578535380342347, 1.5578535380342347, 1.6188708323015586, 1.6188708323015586], "timestamp": "2025-03-13_15-42-33"}