{"y_max": 1.6514432699284796, "mean_values": [0.771547051378431, 0.771547051378431, 0.771547051378431, 0.9302006632470969, 1.1532283880339411, 1.1922550708886503, 1.1922550708886503, 1.1922550708886503, 1.3026384468917518, 1.4282898037886422, 1.4282898037886422, 1.4282898037886422, 1.5349689439814096, 1.6468057379839733, 1.6468057379839733, 1.6468057379839733, 1.6468057379839733, 1.6468057379839733, 1.6468057379839733, 1.6468057379839733, 1.6468057379839733, 1.6468057379839733, 1.6468057379839733, 1.6468057379839733, 1.6468057379839733, 1.6468057379839733, 1.6468057379839733, 1.6468057379839733, 1.6468057379839733, 1.6468057379839733, 1.6468057379839733, 1.6468057379839733, 1.6468057379839733, 1.6468057379839733, 1.6468057379839733, 1.6468057379839733, 1.6468057379839733, 1.6468057379839733, 1.6468057379839733, 1.6468057379839733], "timestamp": "2025-03-13_15-57-31"}