{"y_max": 1.6514432699284796, "mean_values": [0.7994676030861589, 0.7994676030861589, 0.9802175386453759, 1.0904621087688051, 1.111888633057672, 1.156584411827534, 1.2745214177468742, 1.4025385105526853, 1.4025385105526853, 1.4025385105526853, 1.4025385105526853, 1.4025385105526853, 1.4025385105526853, 1.4025385105526853, 1.4025385105526853, 1.4025385105526853, 1.4025385105526853, 1.432358878848962, 1.432358878848962, 1.4944317778097023, 1.6343517505366922, 1.6343517505366922, 1.6343517505366922, 1.6343517505366922, 1.6343517505366922, 1.6343517505366922, 1.6343517505366922, 1.6343517505366922, 1.6343517505366922, 1.6343517505366922, 1.6343517505366922, 1.6343517505366922, 1.6343517505366922, 1.6343517505366922, 1.6343517505366922, 1.6343517505366922, 1.6343517505366922, 1.6343517505366922, 1.6343517505366922, 1.6343517505366922], "timestamp": "2025-03-13_17-20-01"}