{"y_max": 1.6514432699284796, "mean_values": [0.8198361313877114, 0.8198361313877114, 0.8198361313877114, 1.0525637103395886, 1.1592762140952535, 1.1592762140952535, 1.1592762140952535, 1.2049603619481757, 1.2049603619481757, 1.305868653466583, 1.4594570041996326, 1.4594570041996326, 1.4594570041996326, 1.4594570041996326, 1.4594570041996326, 1.4594570041996326, 1.5549559689358023, 1.5549559689358023, 1.5549559689358023, 1.6934654029493454, 1.6934654029493454, 1.6934654029493454, 1.6934654029493454, 1.6934654029493454, 1.6934654029493454, 1.6934654029493454, 1.6934654029493454, 1.6934654029493454, 1.6934654029493454, 1.6934654029493454, 1.6934654029493454, 1.6934654029493454, 1.6934654029493454, 1.6934654029493454, 1.6934654029493454, 1.6934654029493454, 1.6934654029493454, 1.6934654029493454, 1.6934654029493454, 1.6934654029493454], "timestamp": "2025-03-13_15-45-01"}