{"y_max": 1.6514432699284796, "mean_values": [0.8554185167543257, 1.0112721541610898, 1.1012518421039965, 1.1012518421039965, 1.1324023126737308, 1.1324023126737308, 1.1728635690829372, 1.2995658646948383, 1.2995658646948383, 1.2995658646948383, 1.4507880731542313, 1.4507880731542313, 1.4507880731542313, 1.4507880731542313, 1.53554294762115, 1.6423227631192212, 1.6423227631192212, 1.6423227631192212, 1.6423227631192212, 1.6423227631192212, 1.6423227631192212, 1.6423227631192212, 1.6423227631192212, 1.6423227631192212, 1.6423227631192212, 1.6423227631192212, 1.6423227631192212, 1.6423227631192212, 1.6423227631192212, 1.6423227631192212, 1.6423227631192212, 1.6423227631192212, 1.6423227631192212, 1.6423227631192212, 1.6423227631192212, 1.6423227631192212, 1.6423227631192212, 1.6423227631192212, 1.6423227631192212, 1.6423227631192212], "timestamp": "2025-03-13_16-55-03"}