{"y_max": 1.6514432699284796, "mean_values": [0.8683528335515736, 1.0046318550339663, 1.0046318550339663, 1.1035780367226096, 1.1437058006495653, 1.1666357929740359, 1.288911369418395, 1.465693161533465, 1.465693161533465, 1.465693161533465, 1.465693161533465, 1.465693161533465, 1.465693161533465, 1.465693161533465, 1.465693161533465, 1.465693161533465, 1.465693161533465, 1.465693161533465, 1.465693161533465, 1.465693161533465, 1.465693161533465, 1.465693161533465, 1.465693161533465, 1.5826049416076509, 1.625979317454695, 1.625979317454695, 1.625979317454695, 1.625979317454695, 1.625979317454695, 1.625979317454695, 1.625979317454695, 1.625979317454695, 1.625979317454695, 1.625979317454695, 1.625979317454695, 1.625979317454695, 1.625979317454695, 1.625979317454695, 1.625979317454695, 1.625979317454695], "timestamp": "2025-03-13_16-59-59"}