{"y_max": 1.6514432699284796, "mean_values": [0.8467354120228093, 0.9581637302987117, 0.9581637302987117, 1.1238795809730924, 1.1238795809730924, 1.1591392248558492, 1.1591392248558492, 1.1591392248558492, 1.3901987715002933, 1.4555729040206218, 1.4555729040206218, 1.4555729040206218, 1.5708608205366579, 1.5708608205366579, 1.601166705358247, 1.601166705358247, 1.601166705358247, 1.601166705358247, 1.601166705358247, 1.601166705358247, 1.601166705358247, 1.601166705358247, 1.601166705358247, 1.601166705358247, 1.601166705358247, 1.601166705358247, 1.601166705358247, 1.601166705358247, 1.601166705358247, 1.601166705358247, 1.618056408305768, 1.618056408305768, 1.618056408305768, 1.618056408305768, 1.618056408305768, 1.618056408305768, 1.618056408305768, 1.618056408305768, 1.661886339179359, 1.661886339179359], "timestamp": "2025-03-13_16-29-56"}