{"y_max": 1.6514432699284796, "mean_values": [0.8022944916606004, 1.0270455591792484, 1.1470175553843753, 1.1470175553843753, 1.1470175553843753, 1.1470175553843753, 1.1470175553843753, 1.1470175553843753, 1.2796634998674468, 1.2796634998674468, 1.4182609375698434, 1.4182609375698434, 1.4182609375698434, 1.5663789218536817, 1.6732591763414506, 1.6732591763414506, 1.6732591763414506, 1.6732591763414506, 1.6732591763414506, 1.6732591763414506, 1.6732591763414506, 1.6732591763414506, 1.6732591763414506, 1.6732591763414506, 1.6732591763414506, 1.6732591763414506, 1.6732591763414506, 1.6732591763414506, 1.6732591763414506, 1.6732591763414506, 1.6732591763414506, 1.6732591763414506, 1.6732591763414506, 1.6732591763414506, 1.6732591763414506, 1.6732591763414506, 1.7000027337121535, 1.7000027337121535, 1.7000027337121535, 1.7000027337121535], "timestamp": "2025-03-13_14-08-33"}