{"y_max": 1.6514432699284796, "mean_values": [0.7528490194742201, 0.9210186741245255, 1.1718802397089563, 1.1718802397089563, 1.1718802397089563, 1.1718802397089563, 1.1718802397089563, 1.1718802397089563, 1.2185522980674077, 1.2185522980674077, 1.4098526632641193, 1.4098526632641193, 1.4098526632641193, 1.4098526632641193, 1.4098526632641193, 1.4098526632641193, 1.5409561312552424, 1.5409561312552424, 1.5409561312552424, 1.5782033566746945, 1.5782033566746945, 1.5782033566746945, 1.5782033566746945, 1.5782033566746945, 1.5782033566746945, 1.5782033566746945, 1.5782033566746945, 1.5782033566746945, 1.5782033566746945, 1.5782033566746945, 1.5782033566746945, 1.5782033566746945, 1.5782033566746945, 1.5782033566746945, 1.5782033566746945, 1.5782033566746945, 1.5782033566746945, 1.5782033566746945, 1.5782033566746945, 1.671887863776773], "timestamp": "2025-03-13_16-05-03"}