{"y_max": 1.6514432699284796, "mean_values": [0.7735695333937725, 0.9920177927694701, 1.120973396655402, 1.120973396655402, 1.1353507443459536, 1.1854131071767093, 1.3060812502120118, 1.377991293726, 1.377991293726, 1.377991293726, 1.377991293726, 1.377991293726, 1.377991293726, 1.5475447125373816, 1.5475447125373816, 1.5475447125373816, 1.640723197061011, 1.640723197061011, 1.640723197061011, 1.640723197061011, 1.640723197061011, 1.640723197061011, 1.640723197061011, 1.640723197061011, 1.640723197061011, 1.640723197061011, 1.640723197061011, 1.640723197061011, 1.640723197061011, 1.640723197061011, 1.640723197061011, 1.640723197061011, 1.640723197061011, 1.640723197061011, 1.640723197061011, 1.640723197061011, 1.640723197061011, 1.640723197061011, 1.640723197061011, 1.640723197061011], "timestamp": "2025-03-13_14-19-11"}