{"y_max": 1.6514432699284796, "mean_values": [0.8744848927443309, 1.0705033762161764, 1.0705033762161764, 1.1087358852071538, 1.1887615321667537, 1.272822338148888, 1.272822338148888, 1.447693779772867, 1.447693779772867, 1.447693779772867, 1.447693779772867, 1.447693779772867, 1.447693779772867, 1.447693779772867, 1.447693779772867, 1.447693779772867, 1.447693779772867, 1.447693779772867, 1.6254343422023885, 1.6254343422023885, 1.6254343422023885, 1.6254343422023885, 1.6254343422023885, 1.6254343422023885, 1.6254343422023885, 1.6254343422023885, 1.6254343422023885, 1.6254343422023885, 1.6254343422023885, 1.6869832187546403, 1.6869832187546403, 1.6869832187546403, 1.6883200529992601, 1.6883200529992601, 1.6883200529992601, 1.6883200529992601, 1.6883200529992601, 1.6883200529992601, 1.6883200529992601, 1.6883200529992601], "timestamp": "2025-03-13_14-37-02"}