{"y_max": 1.6514432699284796, "mean_values": [0.8563797224997759, 0.8563797224997759, 1.0683295496347924, 1.1703192564718834, 1.1703192564718834, 1.1703192564718834, 1.1703192564718834, 1.1703192564718834, 1.2333183847176643, 1.4557047876532183, 1.4557047876532183, 1.4557047876532183, 1.4557047876532183, 1.4557047876532183, 1.6798784806159561, 1.6798784806159561, 1.6798784806159561, 1.6798784806159561, 1.6798784806159561, 1.6798784806159561, 1.6798784806159561, 1.6798784806159561, 1.6798784806159561, 1.6798784806159561, 1.6798784806159561, 1.6798784806159561, 1.6798784806159561, 1.6798784806159561, 1.6798784806159561, 1.6798784806159561, 1.6859556833239282, 1.6859556833239282, 1.6859556833239282, 1.6859556833239282, 1.6859556833239282, 1.6859556833239282, 1.6859556833239282, 1.6859556833239282, 1.6859556833239282, 1.6859556833239282], "timestamp": "2025-03-13_13-38-51"}