{"y_max": 1.6514432699284796, "mean_values": [0.729591598757406, 0.729591598757406, 1.0229270277447622, 1.1758119859134497, 1.1758119859134497, 1.1758119859134497, 1.1758119859134497, 1.1758119859134497, 1.2078520940807471, 1.2078520940807471, 1.3256610264591027, 1.4131795938055651, 1.4131795938055651, 1.5528426204125265, 1.5528426204125265, 1.5528426204125265, 1.6334353019934644, 1.6334353019934644, 1.6334353019934644, 1.6334353019934644, 1.6334353019934644, 1.6334353019934644, 1.6334353019934644, 1.6334353019934644, 1.6334353019934644, 1.6334353019934644, 1.6334353019934644, 1.6334353019934644, 1.6334353019934644, 1.6334353019934644, 1.6334353019934644, 1.6334353019934644, 1.6334353019934644, 1.6334353019934644, 1.6334353019934644, 1.6334353019934644, 1.6334353019934644, 1.6334353019934644, 1.7025530998247471, 1.7025530998247471], "timestamp": "2025-03-13_17-12-30"}