{"y_max": 1.6514432699284796, "mean_values": [0.9758040949058209, 1.1246462194979796, 1.1429095949032635, 1.1429095949032635, 1.1429095949032635, 1.1466839758519756, 1.1466839758519756, 1.1466839758519756, 1.2285640328313454, 1.4113167188187057, 1.4113167188187057, 1.4113167188187057, 1.4113167188187057, 1.4113167188187057, 1.4113167188187057, 1.6203932871130546, 1.6203932871130546, 1.6203932871130546, 1.6203932871130546, 1.6203932871130546, 1.6203932871130546, 1.6203932871130546, 1.6203932871130546, 1.6203932871130546, 1.6203932871130546, 1.6203932871130546, 1.6336260162195047, 1.6336260162195047, 1.6336260162195047, 1.6336260162195047, 1.6336260162195047, 1.6336260162195047, 1.6336260162195047, 1.6336260162195047, 1.6336260162195047, 1.646168452231203, 1.646168452231203, 1.6662141107694515, 1.6662141107694515, 1.6662141107694515], "timestamp": "2025-03-13_15-37-33"}