{"y_max": 1.6514432699284796, "mean_values": [0.8015110598995492, 0.9736641083974816, 1.1521669701578978, 1.155225109950733, 1.2053389102951066, 1.2053389102951066, 1.3047423896051382, 1.4685279307545125, 1.4685279307545125, 1.4685279307545125, 1.4685279307545125, 1.4685279307545125, 1.4685279307545125, 1.4685279307545125, 1.4685279307545125, 1.4685279307545125, 1.5650021011080424, 1.6324024412812428, 1.6324024412812428, 1.6324024412812428, 1.6324024412812428, 1.6324024412812428, 1.6324024412812428, 1.6324024412812428, 1.6324024412812428, 1.6324024412812428, 1.6324024412812428, 1.6324024412812428, 1.6324024412812428, 1.6324024412812428, 1.6324024412812428, 1.6324024412812428, 1.6324024412812428, 1.6324024412812428, 1.6324024412812428, 1.6324024412812428, 1.6324024412812428, 1.6324024412812428, 1.6324024412812428, 1.6324024412812428], "timestamp": "2025-03-13_14-57-28"}