{"y_max": 1.6514432699284796, "mean_values": [0.9022378018189705, 0.9022378018189705, 1.1438407034512013, 1.1523489681126928, 1.1523489681126928, 1.1523489681126928, 1.1631159642641895, 1.2935403765452902, 1.2935403765452902, 1.2935403765452902, 1.4927629724475124, 1.4927629724475124, 1.4927629724475124, 1.4927629724475124, 1.4927629724475124, 1.4927629724475124, 1.4927629724475124, 1.5326461141539676, 1.5326461141539676, 1.5326461141539676, 1.5960667470847343, 1.5960667470847343, 1.5960667470847343, 1.5960667470847343, 1.5960667470847343, 1.5960667470847343, 1.5960667470847343, 1.5960667470847343, 1.5960667470847343, 1.643380338202574, 1.643380338202574, 1.6688555931023146, 1.6688555931023146, 1.6688555931023146, 1.6688555931023146, 1.6688555931023146, 1.6688555931023146, 1.6688555931023146, 1.6688555931023146, 1.6688555931023146], "timestamp": "2025-03-13_16-42-34"}