{"y_max": 1.6514432699284796, "mean_values": [0.9031859028491093, 0.9031859028491093, 0.9031859028491093, 1.0325415714720878, 1.1425005880152992, 1.1425005880152992, 1.186120355987058, 1.2348528471048876, 1.3802518187546822, 1.3802518187546822, 1.3802518187546822, 1.3802518187546822, 1.3802518187546822, 1.3802518187546822, 1.3802518187546822, 1.3802518187546822, 1.3802518187546822, 1.6321395408367934, 1.6481128397914453, 1.6481128397914453, 1.6481128397914453, 1.6481128397914453, 1.6481128397914453, 1.6481128397914453, 1.6481128397914453, 1.6481128397914453, 1.663508563148178, 1.663508563148178, 1.663508563148178, 1.663508563148178, 1.663508563148178, 1.663508563148178, 1.663508563148178, 1.663508563148178, 1.663508563148178, 1.663508563148178, 1.663508563148178, 1.663508563148178, 1.663508563148178, 1.663508563148178], "timestamp": "2025-03-13_13-33-50"}