{"y_max": 1.6514432699284796, "mean_values": [0.8475303519759709, 0.8475303519759709, 0.8475303519759709, 0.8797254724216821, 0.9951802163405954, 1.2064360189416192, 1.5577187291027184, 1.5577187291027184, 1.5716667859893596, 1.5716667859893596, 1.5716667859893596, 1.5716667859893596, 1.5716667859893596, 1.5716667859893596, 1.5716667859893596, 1.5716667859893596, 1.5716667859893596, 1.5716667859893596, 1.5716667859893596, 1.5716667859893596, 1.5716667859893596, 1.5716667859893596, 1.5716667859893596, 1.5716667859893596, 1.5716667859893596, 1.5716667859893596, 1.5716667859893596, 1.5716667859893596, 1.673864438743508, 1.673864438743508, 1.673864438743508, 1.673864438743508, 1.673864438743508, 1.673864438743508, 1.673864438743508, 1.673864438743508, 1.673864438743508, 1.673864438743508, 1.673864438743508, 1.673864438743508], "timestamp": "2025-03-13_16-14-59"}