{"y_max": 1.6514432699284796, "mean_values": [0.9341439990359315, 1.0481062635667338, 1.1187853784535502, 1.1500769734954228, 1.1500769734954228, 1.1850494050907454, 1.4680322821406238, 1.4680322821406238, 1.4680322821406238, 1.4680322821406238, 1.4680322821406238, 1.4680322821406238, 1.4680322821406238, 1.4680322821406238, 1.4680322821406238, 1.4680322821406238, 1.4680322821406238, 1.4680322821406238, 1.4680322821406238, 1.4871540087362194, 1.4871540087362194, 1.6264504024887991, 1.6264504024887991, 1.6655815525277258, 1.6655815525277258, 1.6655815525277258, 1.6655815525277258, 1.6655815525277258, 1.6655815525277258, 1.6655815525277258, 1.6655815525277258, 1.6655815525277258, 1.6655815525277258, 1.6655815525277258, 1.6655815525277258, 1.6655815525277258, 1.6655815525277258, 1.6655815525277258, 1.6655815525277258, 1.6655815525277258], "timestamp": "2025-03-13_17-09-58"}