{"y_max": 1.6514432699284796, "mean_values": [0.9401550657254533, 1.1604863383028614, 1.1902638578751288, 1.1902638578751288, 1.2269515560765099, 1.4202102757920958, 1.4202102757920958, 1.4202102757920958, 1.4202102757920958, 1.4202102757920958, 1.4202102757920958, 1.4202102757920958, 1.4202102757920958, 1.4202102757920958, 1.4202102757920958, 1.4202102757920958, 1.4202102757920958, 1.4202102757920958, 1.4202102757920958, 1.4202102757920958, 1.4202102757920958, 1.4202102757920958, 1.5927265974868408, 1.5927265974868408, 1.6077583796036374, 1.6077583796036374, 1.6077583796036374, 1.6077583796036374, 1.6077583796036374, 1.6077583796036374, 1.6077583796036374, 1.6323796014511487, 1.6323796014511487, 1.6323796014511487, 1.6323796014511487, 1.6323796014511487, 1.6323796014511487, 1.6323796014511487, 1.6323796014511487, 1.6323796014511487], "timestamp": "2025-03-13_16-00-01"}