{"y_max": 1.6514432699284796, "mean_values": [0.896606651411533, 1.0858518766107486, 1.0858518766107486, 1.0858518766107486, 1.1377805527727216, 1.1380394593520686, 1.1380394593520686, 1.1380394593520686, 1.2510044318559164, 1.4031011221191105, 1.4031011221191105, 1.4031011221191105, 1.4031011221191105, 1.4031011221191105, 1.4031011221191105, 1.4031011221191105, 1.6036193829718304, 1.6036193829718304, 1.6036193829718304, 1.6036193829718304, 1.6036193829718304, 1.6036193829718304, 1.6036193829718304, 1.6432614462580029, 1.6432614462580029, 1.6432614462580029, 1.6432614462580029, 1.6432614462580029, 1.6432614462580029, 1.6432614462580029, 1.6432614462580029, 1.6432614462580029, 1.6432614462580029, 1.6432614462580029, 1.6432614462580029, 1.6432614462580029, 1.6432614462580029, 1.6432614462580029, 1.6432614462580029, 1.6432614462580029], "timestamp": "2025-03-13_17-25-05"}