{"y_max": 1.6514432699284796, "mean_values": [0.8141832292476862, 0.9305030158375264, 1.1589134461008093, 1.1589134461008093, 1.1589134461008093, 1.1589134461008093, 1.1589134461008093, 1.2011818325908061, 1.468384091445703, 1.468384091445703, 1.468384091445703, 1.468384091445703, 1.468384091445703, 1.468384091445703, 1.468384091445703, 1.5203474476795709, 1.5203474476795709, 1.5203474476795709, 1.5203474476795709, 1.574093349939079, 1.574093349939079, 1.574093349939079, 1.574093349939079, 1.574093349939079, 1.574093349939079, 1.574093349939079, 1.574093349939079, 1.574093349939079, 1.6612086103731163, 1.6612086103731163, 1.6612086103731163, 1.6612086103731163, 1.6612086103731163, 1.6612086103731163, 1.6612086103731163, 1.6612086103731163, 1.6612086103731163, 1.6612086103731163, 1.6612086103731163, 1.6612086103731163], "timestamp": "2025-03-13_13-48-51"}