{"y_max": 1.6514432699284796, "mean_values": [0.8960000244186425, 1.1028919694964285, 1.1028919694964285, 1.161755222737448, 1.161755222737448, 1.185909724879706, 1.2645895162287706, 1.4004469094749128, 1.4089928032376156, 1.4089928032376156, 1.4089928032376156, 1.4089928032376156, 1.4089928032376156, 1.4089928032376156, 1.4089928032376156, 1.5988624640209688, 1.5988624640209688, 1.5988624640209688, 1.5988624640209688, 1.5988624640209688, 1.5988624640209688, 1.5988624640209688, 1.5988624640209688, 1.5988624640209688, 1.5988624640209688, 1.5988624640209688, 1.5988624640209688, 1.5988624640209688, 1.5988624640209688, 1.5988624640209688, 1.5988624640209688, 1.5988624640209688, 1.5988624640209688, 1.5988624640209688, 1.5988624640209688, 1.6094681928178354, 1.6094681928178354, 1.6094681928178354, 1.6230792100458198, 1.6230792100458198], "timestamp": "2025-03-13_16-17-29"}