{"y_max": 1.6514432699284796, "mean_values": [0.7766147588474243, 0.9778515466811131, 0.9778515466811131, 1.1149337123329144, 1.1402546831233455, 1.1402546831233455, 1.1402546831233455, 1.2217162361847178, 1.3670058982625122, 1.3670058982625122, 1.3670058982625122, 1.3670058982625122, 1.3670058982625122, 1.3670058982625122, 1.3670058982625122, 1.3670058982625122, 1.37362460330632, 1.37362460330632, 1.37362460330632, 1.37362460330632, 1.37362460330632, 1.37362460330632, 1.37362460330632, 1.42221118078613, 1.42221118078613, 1.42221118078613, 1.6166317670193384, 1.6166317670193384, 1.6166317670193384, 1.6166317670193384, 1.6166317670193384, 1.6166317670193384, 1.6166317670193384, 1.6166317670193384, 1.6166317670193384, 1.6166317670193384, 1.6166317670193384, 1.6166317670193384, 1.6166317670193384, 1.6266108760413776], "timestamp": "2025-03-13_15-05-00"}