{"y_max": 1.6514432699284796, "mean_values": [0.9313700704624103, 0.9313700704624103, 0.9313700704624103, 1.1365293519383448, 1.1365293519383448, 1.1365293519383448, 1.1365293519383448, 1.2523302973404433, 1.2523302973404433, 1.5874810299504907, 1.5874810299504907, 1.5874810299504907, 1.5874810299504907, 1.5874810299504907, 1.5874810299504907, 1.5874810299504907, 1.5874810299504907, 1.5874810299504907, 1.5874810299504907, 1.6633280203610408, 1.6633280203610408, 1.6633280203610408, 1.6633280203610408, 1.6633280203610408, 1.6633280203610408, 1.6633280203610408, 1.6633280203610408, 1.6633280203610408, 1.6633280203610408, 1.6633280203610408, 1.6633280203610408, 1.6633280203610408, 1.6633280203610408, 1.6633280203610408, 1.6633280203610408, 1.6633280203610408, 1.6633280203610408, 1.6633280203610408, 1.6633280203610408, 1.6633280203610408], "timestamp": "2025-03-13_17-37-36"}