{"y_max": 1.6514432699284796, "mean_values": [0.7801808317585704, 0.9757729083109189, 0.9757729083109189, 0.9757729083109189, 1.1126189798036863, 1.1126189798036863, 1.1360524405250974, 1.1360524405250974, 1.1944874525101528, 1.1944874525101528, 1.532247352792761, 1.532247352792761, 1.532247352792761, 1.532247352792761, 1.532247352792761, 1.5961138029665554, 1.5961138029665554, 1.5961138029665554, 1.5961138029665554, 1.5961138029665554, 1.5961138029665554, 1.5961138029665554, 1.5961138029665554, 1.6414739631636455, 1.6414739631636455, 1.6414739631636455, 1.6414739631636455, 1.6414739631636455, 1.6414739631636455, 1.6414739631636455, 1.6414739631636455, 1.6414739631636455, 1.6414739631636455, 1.6414739631636455, 1.6414739631636455, 1.6414739631636455, 1.6414739631636455, 1.6414739631636455, 1.6414739631636455, 1.6414739631636455], "timestamp": "2025-03-13_16-37-29"}