{"y_max": 1.6514432699284796, "mean_values": [0.7679134143919839, 0.9546126192750681, 0.9546126192750681, 1.1124597912345786, 1.1124597912345786, 1.1140067849918593, 1.1140067849918593, 1.1140067849918593, 1.3243788309771305, 1.3243788309771305, 1.3243788309771305, 1.5625658227432808, 1.5625658227432808, 1.613794997129785, 1.613794997129785, 1.613794997129785, 1.613794997129785, 1.613794997129785, 1.613794997129785, 1.613794997129785, 1.613794997129785, 1.613794997129785, 1.613794997129785, 1.613794997129785, 1.613794997129785, 1.613794997129785, 1.613794997129785, 1.613794997129785, 1.6996120522244074, 1.6996120522244074, 1.6996120522244074, 1.6996120522244074, 1.6996120522244074, 1.6996120522244074, 1.6996120522244074, 1.6996120522244074, 1.6996120522244074, 1.6996120522244074, 1.6996120522244074, 1.6996120522244074], "timestamp": "2025-03-13_16-02-33"}