{"y_max": 1.6514432699284796, "mean_values": [0.9424676599581099, 1.0949725640995984, 1.0993279379033158, 1.1468356934562272, 1.2263545249669456, 1.4176053453258062, 1.4205324603193294, 1.4205324603193294, 1.4205324603193294, 1.4205324603193294, 1.4205324603193294, 1.4205324603193294, 1.4205324603193294, 1.4205324603193294, 1.4205324603193294, 1.4205324603193294, 1.4205324603193294, 1.6246208267231264, 1.6246208267231264, 1.6246208267231264, 1.6246208267231264, 1.6246208267231264, 1.6246208267231264, 1.6246208267231264, 1.6246208267231264, 1.6246208267231264, 1.6246208267231264, 1.6246208267231264, 1.6246208267231264, 1.6246208267231264, 1.6246208267231264, 1.6246208267231264, 1.6697924589950603, 1.6697924589950603, 1.6697924589950603, 1.6697924589950603, 1.6697924589950603, 1.6697924589950603, 1.6697924589950603, 1.6697924589950603], "timestamp": "2025-03-13_17-32-38"}