{"y_max": 1.6514432699284796, "mean_values": [0.7847510896684797, 0.7847510896684797, 1.0009719416079357, 1.104196488100561, 1.104196488100561, 1.104196488100561, 1.1826268272600569, 1.3494447367143234, 1.4272552741524043, 1.4272552741524043, 1.4272552741524043, 1.4272552741524043, 1.4272552741524043, 1.4272552741524043, 1.4272552741524043, 1.5088385085101024, 1.5088385085101024, 1.6447377427242453, 1.6447377427242453, 1.6447377427242453, 1.6447377427242453, 1.6447377427242453, 1.6447377427242453, 1.6447377427242453, 1.6447377427242453, 1.6447377427242453, 1.6447377427242453, 1.6447377427242453, 1.6564846611583885, 1.6564846611583885, 1.6564846611583885, 1.6564846611583885, 1.6564846611583885, 1.6564846611583885, 1.6564846611583885, 1.6564846611583885, 1.6564846611583885, 1.6564846611583885, 1.6564846611583885, 1.6564846611583885], "timestamp": "2025-03-13_16-22-28"}