{"y_max": 1.6514432699284796, "mean_values": [0.8830518096987003, 1.123280971840359, 1.129955960200295, 1.129955960200295, 1.2184327952193497, 1.3379224223749828, 1.444776451381918, 1.444776451381918, 1.444776451381918, 1.444776451381918, 1.444776451381918, 1.444776451381918, 1.444776451381918, 1.444776451381918, 1.4775541399171432, 1.4775541399171432, 1.4775541399171432, 1.4775541399171432, 1.4775541399171432, 1.637761792672949, 1.637761792672949, 1.637761792672949, 1.637761792672949, 1.637761792672949, 1.637761792672949, 1.637761792672949, 1.637761792672949, 1.637761792672949, 1.637761792672949, 1.637761792672949, 1.637761792672949, 1.637761792672949, 1.637761792672949, 1.637761792672949, 1.637761792672949, 1.637761792672949, 1.637761792672949, 1.637761792672949, 1.637761792672949, 1.637761792672949], "timestamp": "2025-03-13_14-06-04"}