{"y_max": 1.6514432699284796, "mean_values": [0.7533222371041328, 0.9961003886408345, 1.1354601150660897, 1.138637108672301, 1.1738904170392241, 1.2985859192665896, 1.4512656271319746, 1.4512656271319746, 1.4512656271319746, 1.4512656271319746, 1.4512656271319746, 1.4512656271319746, 1.4512656271319746, 1.4512656271319746, 1.4512656271319746, 1.4512656271319746, 1.4512656271319746, 1.4512656271319746, 1.6113357201115384, 1.6113357201115384, 1.6113357201115384, 1.6113357201115384, 1.6113357201115384, 1.6213229280429358, 1.6213229280429358, 1.6213229280429358, 1.6213229280429358, 1.6213229280429358, 1.6213229280429358, 1.6213229280429358, 1.6213229280429358, 1.6213229280429358, 1.6213229280429358, 1.6213229280429358, 1.6213229280429358, 1.6213229280429358, 1.6213229280429358, 1.6213229280429358, 1.6213229280429358, 1.6213229280429358], "timestamp": "2025-03-13_16-47-31"}