{"y_max": 1.6514432699284796, "mean_values": [0.9972982788118011, 0.9972982788118011, 1.1011350382687959, 1.1011350382687959, 1.157442154439977, 1.157442154439977, 1.157442154439977, 1.2441003156229284, 1.4090068539485348, 1.4090068539485348, 1.4090068539485348, 1.4090068539485348, 1.4090068539485348, 1.4090068539485348, 1.4090068539485348, 1.6072928953211414, 1.6072928953211414, 1.6247177825634698, 1.6247177825634698, 1.6247177825634698, 1.6247177825634698, 1.6247177825634698, 1.6247177825634698, 1.6247177825634698, 1.6495487040765089, 1.6495487040765089, 1.6495487040765089, 1.6495487040765089, 1.6495487040765089, 1.6495487040765089, 1.6495487040765089, 1.6495487040765089, 1.6495487040765089, 1.6495487040765089, 1.6495487040765089, 1.6495487040765089, 1.6495487040765089, 1.6495487040765089, 1.6495487040765089, 1.6495487040765089], "timestamp": "2025-03-13_17-35-06"}