{"y_max": 1.6514432699284796, "mean_values": [0.9148940980800329, 1.0769867565311384, 1.209512995995682, 1.209512995995682, 1.209512995995682, 1.3055541110657551, 1.3820255301866622, 1.3820255301866622, 1.3820255301866622, 1.3820255301866622, 1.3820255301866622, 1.3820255301866622, 1.3820255301866622, 1.3820255301866622, 1.3820255301866622, 1.3820255301866622, 1.3820255301866622, 1.3820255301866622, 1.3820255301866622, 1.3820255301866622, 1.5877270614470642, 1.6545383442216124, 1.6545383442216124, 1.6545383442216124, 1.6545383442216124, 1.6545383442216124, 1.6545383442216124, 1.6545383442216124, 1.6545383442216124, 1.6545383442216124, 1.6545383442216124, 1.6545383442216124, 1.6545383442216124, 1.6545383442216124, 1.6545383442216124, 1.6545383442216124, 1.6545383442216124, 1.6545383442216124, 1.6545383442216124, 1.6545383442216124], "timestamp": "2025-03-13_15-35-03"}