{"y_max": 1.6514432699284796, "mean_values": [0.7954541332358749, 0.7954541332358749, 1.0440709458723485, 1.0440709458723485, 1.0440709458723485, 1.0440709458723485, 1.0792712077658553, 1.2035744666164419, 1.4623508062210648, 1.657442288301331, 1.657442288301331, 1.657442288301331, 1.657442288301331, 1.657442288301331, 1.657442288301331, 1.657442288301331, 1.657442288301331, 1.657442288301331, 1.657442288301331, 1.657442288301331, 1.657442288301331, 1.657442288301331, 1.657442288301331, 1.657442288301331, 1.657442288301331, 1.657442288301331, 1.657442288301331, 1.657442288301331, 1.657442288301331, 1.657442288301331, 1.657442288301331, 1.657442288301331, 1.657442288301331, 1.657442288301331, 1.657442288301331, 1.676020276327936, 1.676020276327936, 1.676020276327936, 1.676020276327936, 1.676020276327936], "timestamp": "2025-03-13_13-53-45"}