{"y_max": 1.6514432699284796, "mean_values": [0.9314829962139364, 1.1177625539803986, 1.159299847148601, 1.159299847148601, 1.2010353304521466, 1.3861846739780712, 1.3861846739780712, 1.3861846739780712, 1.3861846739780712, 1.3861846739780712, 1.3861846739780712, 1.3861846739780712, 1.3861846739780712, 1.5184796779243122, 1.5184796779243122, 1.5184796779243122, 1.5184796779243122, 1.5184796779243122, 1.5184796779243122, 1.6026631592830236, 1.6026631592830236, 1.6026631592830236, 1.6026631592830236, 1.6026631592830236, 1.6026631592830236, 1.6026631592830236, 1.6026631592830236, 1.6026631592830236, 1.6703585581969898, 1.6703585581969898, 1.6703585581969898, 1.6703585581969898, 1.6703585581969898, 1.6703585581969898, 1.6703585581969898, 1.6703585581969898, 1.6703585581969898, 1.6703585581969898, 1.6703585581969898, 1.6703585581969898], "timestamp": "2025-03-13_13-51-18"}