{"y_max": 1.6514432699284796, "mean_values": [0.7891603259088267, 0.7891603259088267, 0.7891603259088267, 0.9543311825699017, 0.9543311825699017, 1.0862619710789414, 1.144666557788241, 1.144666557788241, 1.2159095291729125, 1.5185074800861302, 1.640496917390044, 1.640496917390044, 1.640496917390044, 1.640496917390044, 1.640496917390044, 1.640496917390044, 1.640496917390044, 1.640496917390044, 1.640496917390044, 1.640496917390044, 1.640496917390044, 1.640496917390044, 1.640496917390044, 1.640496917390044, 1.640496917390044, 1.640496917390044, 1.640496917390044, 1.640496917390044, 1.640496917390044, 1.640496917390044, 1.640496917390044, 1.640496917390044, 1.640496917390044, 1.6755907552603193, 1.6755907552603193, 1.6755907552603193, 1.6755907552603193, 1.6755907552603193, 1.6755907552603193, 1.6755907552603193], "timestamp": "2025-03-13_14-34-32"}