{"y_max": 1.6514432699284796, "mean_values": [0.9437774415764985, 1.0608063273886805, 1.1627221775227194, 1.1627221775227194, 1.1627221775227194, 1.1627221775227194, 1.1627221775227194, 1.1627221775227194, 1.1627221775227194, 1.2064206513804283, 1.3966301569084307, 1.3966301569084307, 1.605107968692199, 1.605107968692199, 1.605107968692199, 1.605107968692199, 1.605107968692199, 1.605107968692199, 1.605107968692199, 1.605107968692199, 1.605107968692199, 1.605107968692199, 1.605107968692199, 1.605107968692199, 1.605107968692199, 1.605107968692199, 1.605107968692199, 1.643163057797444, 1.643163057797444, 1.643163057797444, 1.6653896457983133, 1.6653896457983133, 1.6653896457983133, 1.6653896457983133, 1.6653896457983133, 1.6653896457983133, 1.6653896457983133, 1.6653896457983133, 1.6653896457983133, 1.6653896457983133], "timestamp": "2025-03-13_15-30-02"}