{"y_max": 1.6514432699284796, "mean_values": [0.9077186197817536, 1.0949133608650974, 1.140147837622108, 1.140147837622108, 1.140147837622108, 1.2550594765394838, 1.4110317329408093, 1.4110317329408093, 1.4110317329408093, 1.4110317329408093, 1.4110317329408093, 1.4110317329408093, 1.4110317329408093, 1.4110317329408093, 1.4110317329408093, 1.4110317329408093, 1.4110317329408093, 1.4110317329408093, 1.4110317329408093, 1.4110317329408093, 1.4110317329408093, 1.4110317329408093, 1.6555519479215486, 1.6555519479215486, 1.6555519479215486, 1.6555519479215486, 1.6555519479215486, 1.6555519479215486, 1.6555519479215486, 1.6555519479215486, 1.6555519479215486, 1.6555519479215486, 1.6555519479215486, 1.6555519479215486, 1.6555519479215486, 1.6555519479215486, 1.6555519479215486, 1.6555519479215486, 1.6555519479215486, 1.6555519479215486], "timestamp": "2025-03-13_16-10-01"}