{"y_max": 1.6514432699284796, "mean_values": [0.7596737858749147, 0.7992020007970472, 0.7992020007970472, 0.96903672152661, 1.1362523208639217, 1.1362523208639217, 1.1617194857104856, 1.1617194857104856, 1.1617194857104856, 1.342672458880066, 1.342672458880066, 1.4853485503779051, 1.5204551179671366, 1.6231681995975489, 1.6231681995975489, 1.6231681995975489, 1.6231681995975489, 1.6231681995975489, 1.6231681995975489, 1.6231681995975489, 1.6231681995975489, 1.6231681995975489, 1.6231681995975489, 1.680524315729464, 1.680524315729464, 1.680524315729464, 1.680524315729464, 1.680524315729464, 1.680524315729464, 1.680524315729464, 1.680524315729464, 1.680524315729464, 1.680524315729464, 1.680524315729464, 1.680524315729464, 1.680524315729464, 1.680524315729464, 1.680524315729464, 1.680524315729464, 1.680524315729464], "timestamp": "2025-03-13_14-29-26"}