{"y_max": 1.6514432699284796, "mean_values": [0.8560331808061842, 1.0793045475380343, 1.1075387081526304, 1.137527441901898, 1.2905624423073525, 1.2905624423073525, 1.407578794770699, 1.407578794770699, 1.407578794770699, 1.407578794770699, 1.407578794770699, 1.407578794770699, 1.407578794770699, 1.407578794770699, 1.407578794770699, 1.407578794770699, 1.407578794770699, 1.407578794770699, 1.4453775135499685, 1.4453775135499685, 1.4453775135499685, 1.6455755361094067, 1.6455755361094067, 1.6455755361094067, 1.6455755361094067, 1.6604809814129688, 1.6604809814129688, 1.6604809814129688, 1.6604809814129688, 1.6604809814129688, 1.6604809814129688, 1.6604809814129688, 1.6604809814129688, 1.6604809814129688, 1.6604809814129688, 1.6604809814129688, 1.6604809814129688, 1.6604809814129688, 1.6604809814129688, 1.6604809814129688], "timestamp": "2025-03-13_15-00-00"}