{"y_max": 1.6514432699284796, "mean_values": [0.7929284684220224, 0.9137742316043355, 1.1422953417079802, 1.1438096580007564, 1.1438096580007564, 1.2524311161085548, 1.4057023047270265, 1.4057023047270265, 1.4057023047270265, 1.4273565978675762, 1.4273565978675762, 1.4273565978675762, 1.4273565978675762, 1.4273565978675762, 1.4273565978675762, 1.5402875016299094, 1.648249266040026, 1.648249266040026, 1.648249266040026, 1.648249266040026, 1.648249266040026, 1.648249266040026, 1.648249266040026, 1.648249266040026, 1.6558127116706938, 1.6558127116706938, 1.6558127116706938, 1.6558127116706938, 1.6686140838034975, 1.680411153450998, 1.680411153450998, 1.680411153450998, 1.680411153450998, 1.680411153450998, 1.680411153450998, 1.680411153450998, 1.680411153450998, 1.680411153450998, 1.680411153450998, 1.680411153450998], "timestamp": "2025-03-13_23-52-21"}