{"y_max": 1.6514432699284796, "mean_values": [0.7847675246465751, 0.9875570535374639, 1.0838949725553566, 1.1039175396539134, 1.1563589053980576, 1.2621629943498456, 1.4291144595836707, 1.4291144595836707, 1.4291144595836707, 1.4291144595836707, 1.4291144595836707, 1.4291144595836707, 1.4291144595836707, 1.4291144595836707, 1.4291144595836707, 1.5502076619391958, 1.6572712244313565, 1.6572712244313565, 1.6572712244313565, 1.6572712244313565, 1.6572712244313565, 1.6572712244313565, 1.6572712244313565, 1.6572712244313565, 1.6572712244313565, 1.6572712244313565, 1.6572712244313565, 1.6572712244313565, 1.6572712244313565, 1.6572712244313565, 1.6572712244313565, 1.6572712244313565, 1.6613522618742647, 1.6613522618742647, 1.6613522618742647, 1.6791800645412644, 1.6791800645412644, 1.6791800645412644, 1.6791800645412644, 1.6791800645412644], "timestamp": "2025-03-13_21-34-57"}