{"y_max": 1.6514432699284796, "mean_values": [0.7788593084280871, 0.7788593084280871, 1.0115712013575895, 1.1138407646584128, 1.1389336743741239, 1.1629491275647454, 1.275980568625945, 1.4305898499378464, 1.4305898499378464, 1.4305898499378464, 1.4826397801269828, 1.4826397801269828, 1.4826397801269828, 1.4826397801269828, 1.4826397801269828, 1.4826397801269828, 1.4826397801269828, 1.4826397801269828, 1.4826397801269828, 1.4826397801269828, 1.4826397801269828, 1.4826397801269828, 1.4959627035038117, 1.4959627035038117, 1.4959627035038117, 1.4959627035038117, 1.4959627035038117, 1.4959627035038117, 1.4959627035038117, 1.4959627035038117, 1.4959627035038117, 1.4959627035038117, 1.4959627035038117, 1.4959627035038117, 1.4959627035038117, 1.4959627035038117, 1.4959627035038117, 1.4959627035038117, 1.4959627035038117, 1.4959627035038117], "timestamp": "2025-03-13_19-16-38"}