{"y_max": 1.6514432699284796, "mean_values": [0.7940571375573684, 0.987235275527486, 1.1346914342144174, 1.1434050930488002, 1.1434050930488002, 1.2389954816502877, 1.4845172346564097, 1.4845172346564097, 1.4845172346564097, 1.4845172346564097, 1.4845172346564097, 1.4845172346564097, 1.4845172346564097, 1.4845172346564097, 1.4845172346564097, 1.4914805494333228, 1.4914805494333228, 1.4914805494333228, 1.4914805494333228, 1.4914805494333228, 1.4914805494333228, 1.4914805494333228, 1.4914805494333228, 1.4914805494333228, 1.49691983921744, 1.49691983921744, 1.49691983921744, 1.49691983921744, 1.49691983921744, 1.49691983921744, 1.49691983921744, 1.49691983921744, 1.49691983921744, 1.49691983921744, 1.49691983921744, 1.49691983921744, 1.49691983921744, 1.49691983921744, 1.5043725547240518, 1.5043725547240518], "timestamp": "2025-03-13_21-54-12"}