{"y_max": 1.6514432699284796, "mean_values": [0.7932663559873598, 0.979268899861251, 1.1549128671019764, 1.1549128671019764, 1.1690302612229149, 1.2276936164487442, 1.403167738209595, 1.403167738209595, 1.403167738209595, 1.403167738209595, 1.403167738209595, 1.403167738209595, 1.403167738209595, 1.403167738209595, 1.403167738209595, 1.5346192876986826, 1.6329069455107654, 1.6329069455107654, 1.6329069455107654, 1.6329069455107654, 1.6329069455107654, 1.6329069455107654, 1.6329069455107654, 1.657852282127744, 1.6889379319147324, 1.6889379319147324, 1.6889379319147324, 1.6889379319147324, 1.6889379319147324, 1.6889379319147324, 1.6889379319147324, 1.6889379319147324, 1.6889379319147324, 1.6889379319147324, 1.6889379319147324, 1.6911567836958297, 1.6911567836958297, 1.6911567836958297, 1.6911567836958297, 1.6911567836958297], "timestamp": "2025-03-13_17-57-37"}