{"y_max": 1.6514432699284796, "mean_values": [0.7873050115178989, 0.9371153657252033, 1.137776562252576, 1.137776562252576, 1.2261140944332543, 1.297178908012327, 1.4472672523860235, 1.4472672523860235, 1.4472672523860235, 1.4472672523860235, 1.4472672523860235, 1.4538169176956348, 1.4538169176956348, 1.4538169176956348, 1.4538169176956348, 1.4538169176956348, 1.4538169176956348, 1.4659234463489739, 1.605830219923648, 1.605830219923648, 1.605830219923648, 1.605830219923648, 1.605830219923648, 1.605830219923648, 1.6208407844227848, 1.6208407844227848, 1.6569168971786217, 1.6569168971786217, 1.6569168971786217, 1.6569168971786217, 1.6824101525195656, 1.6824101525195656, 1.6824101525195656, 1.6824101525195656, 1.6824101525195656, 1.699637408237169, 1.699637408237169, 1.699637408237169, 1.699637408237169, 1.699637408237169], "timestamp": "2025-03-13_20-55-27"}