{"y_max": 1.6514432699284796, "mean_values": [0.7656348024163074, 0.7656348024163074, 0.7656348024163074, 0.7876194992663657, 0.9444480504092426, 1.1606745721627343, 1.5220456589650724, 1.6676323550890988, 1.6676323550890988, 1.6676323550890988, 1.6676323550890988, 1.6676323550890988, 1.6676323550890988, 1.6676323550890988, 1.6676323550890988, 1.6676323550890988, 1.6676323550890988, 1.6676323550890988, 1.6676323550890988, 1.6676323550890988, 1.6676323550890988, 1.6676323550890988, 1.6676323550890988, 1.6676323550890988, 1.6676323550890988, 1.6676323550890988, 1.6676323550890988, 1.6676323550890988, 1.6676323550890988, 1.6676323550890988, 1.6759249409549528, 1.6759249409549528, 1.6759249409549528, 1.6759249409549528, 1.6982584897927218, 1.6982584897927218, 1.6982584897927218, 1.6982584897927218, 1.6982584897927218, 1.6982584897927218], "timestamp": "2025-03-13_23-32-34"}