{"y_max": 1.6514432699284796, "mean_values": [0.9431120275012952, 1.1492375080800656, 1.1492375080800656, 1.1696199881117946, 1.1883783419048122, 1.3819960059857488, 1.3819960059857488, 1.3819960059857488, 1.3819960059857488, 1.3819960059857488, 1.416920613345651, 1.416920613345651, 1.416920613345651, 1.416920613345651, 1.416920613345651, 1.416920613345651, 1.5915179601234433, 1.592111639937595, 1.592111639937595, 1.592111639937595, 1.592111639937595, 1.667914754900065, 1.6835013690798062, 1.6835013690798062, 1.6835013690798062, 1.6835013690798062, 1.6835013690798062, 1.6835013690798062, 1.6835013690798062, 1.6835013690798062, 1.6835013690798062, 1.6835013690798062, 1.6835013690798062, 1.7246612451690073, 1.7246612451690073, 1.7246612451690073, 1.7246612451690073, 1.7246612451690073, 1.7246612451690073, 1.7246612451690073], "timestamp": "2025-03-13_21-03-27"}