{"y_max": 1.6514432699284796, "mean_values": [1.0619997040195919, 1.1328123837772555, 1.1474056574244946, 1.1669105214363913, 1.2487522214666322, 1.4076111687276693, 1.4076111687276693, 1.4076111687276693, 1.4131463097808743, 1.4131463097808743, 1.4131463097808743, 1.4990694184359963, 1.4990694184359963, 1.4990694184359963, 1.4990694184359963, 1.4990694184359963, 1.4990694184359963, 1.4990694184359963, 1.4990694184359963, 1.4990694184359963, 1.4990694184359963, 1.4990694184359963, 1.4990694184359963, 1.4990694184359963, 1.4990694184359963, 1.4990694184359963, 1.4990694184359963, 1.4990694184359963, 1.4990694184359963, 1.4990694184359963, 1.4990694184359963, 1.4990694184359963, 1.4990694184359963, 1.4990694184359963, 1.4990694184359963, 1.4990694184359963, 1.4990694184359963, 1.4990694184359963, 1.4990694184359963, 1.5031950702622885], "timestamp": "2025-03-13_18-45-29"}