{"y_max": 1.6514432699284796, "mean_values": [0.8042302815741857, 1.016539133999265, 1.1454205269662945, 1.184848417771503, 1.2275584927243788, 1.2580291774589827, 1.3434867330337041, 1.3434867330337041, 1.3434867330337041, 1.3434867330337041, 1.3434867330337041, 1.3434867330337041, 1.3434867330337041, 1.3434867330337041, 1.5560582154577742, 1.6396301428314977, 1.6396301428314977, 1.6396301428314977, 1.6396301428314977, 1.7552046882742138, 1.7552046882742138, 1.7552046882742138, 1.7552046882742138, 1.7552046882742138, 1.7552046882742138, 1.7552046882742138, 1.7552046882742138, 1.7552046882742138, 1.7552046882742138, 1.7552046882742138, 1.7552046882742138, 1.7552046882742138, 1.7552046882742138, 1.7552046882742138, 1.7552046882742138, 1.7552046882742138, 1.7552046882742138, 1.7552046882742138, 1.7552046882742138, 1.7552046882742138], "timestamp": "2025-03-13_18-37-43"}