{"y_max": 1.6514432699284796, "mean_values": [0.7656923263605803, 0.9736240894465453, 1.1529236287648619, 1.1529236287648619, 1.1928922732793192, 1.3062433251996068, 1.4511617822250749, 1.4511617822250749, 1.4511617822250749, 1.4511617822250749, 1.4511617822250749, 1.4511617822250749, 1.4511617822250749, 1.4511617822250749, 1.4651374207350285, 1.630695697352403, 1.630695697352403, 1.630695697352403, 1.630695697352403, 1.630695697352403, 1.6532532264747037, 1.6532532264747037, 1.6532532264747037, 1.6809024826348313, 1.6809024826348313, 1.6809024826348313, 1.6809024826348313, 1.6809024826348313, 1.6809024826348313, 1.6809024826348313, 1.6809024826348313, 1.6809024826348313, 1.6922171159108563, 1.6922171159108563, 1.6922171159108563, 1.6922171159108563, 1.6922171159108563, 1.6922171159108563, 1.6922171159108563, 1.6922171159108563], "timestamp": "2025-03-13_22-48-55"}