{"y_max": 1.6514432699284796, "mean_values": [0.8468268645688395, 1.000868757673159, 1.1212880753632826, 1.1477579117868286, 1.1477579117868286, 1.3025606171698514, 1.4192969218332903, 1.4192969218332903, 1.4192969218332903, 1.4238045433712048, 1.4238045433712048, 1.4238045433712048, 1.4238045433712048, 1.4255485730557922, 1.4663762053653167, 1.4663762053653167, 1.4663762053653167, 1.4663762053653167, 1.4663762053653167, 1.4663762053653167, 1.4663762053653167, 1.4663762053653167, 1.4663762053653167, 1.4663762053653167, 1.4663762053653167, 1.475239543466459, 1.475239543466459, 1.4761487139117582, 1.4761487139117582, 1.4761487139117582, 1.4761487139117582, 1.4761487139117582, 1.4761487139117582, 1.4761487139117582, 1.4761487139117582, 1.4761487139117582, 1.4761487139117582, 1.4761487139117582, 1.4761487139117582, 1.4761487139117582], "timestamp": "2025-03-13_17-41-42"}