{"y_max": 1.6514432699284796, "mean_values": [0.7443575871572394, 0.9842564971270649, 1.1346300944831846, 1.1346300944831846, 1.1346300944831846, 1.300872637721879, 1.4246915388001162, 1.4246915388001162, 1.4246915388001162, 1.4246915388001162, 1.4246915388001162, 1.4246915388001162, 1.4246915388001162, 1.4246915388001162, 1.5378450041949836, 1.6276712688113937, 1.6276712688113937, 1.6276712688113937, 1.6276712688113937, 1.6995514260742939, 1.6995514260742939, 1.6995514260742939, 1.6995514260742939, 1.6995514260742939, 1.6995514260742939, 1.6995514260742939, 1.6995514260742939, 1.6995514260742939, 1.6995514260742939, 1.6995514260742939, 1.6995514260742939, 1.6995514260742939, 1.6995514260742939, 1.6995514260742939, 1.6995514260742939, 1.6995514260742939, 1.7180158700046597, 1.7180158700046597, 1.7180158700046597, 1.7180158700046597], "timestamp": "2025-03-13_21-58-16"}