{"y_max": 1.6514432699284796, "mean_values": [0.8293789395084754, 1.0379285230188569, 1.1207108745344485, 1.1207108745344485, 1.1825444289680802, 1.2992990923076362, 1.449099721925318, 1.449099721925318, 1.449099721925318, 1.449099721925318, 1.449099721925318, 1.449099721925318, 1.449099721925318, 1.449099721925318, 1.449099721925318, 1.449099721925318, 1.5739032552313328, 1.638451152852636, 1.638451152852636, 1.638451152852636, 1.638451152852636, 1.6647041500962776, 1.6647041500962776, 1.6647041500962776, 1.6647041500962776, 1.6701731368594552, 1.6833277946912513, 1.6833277946912513, 1.6833277946912513, 1.6833277946912513, 1.6934348431773845, 1.6934348431773845, 1.6934348431773845, 1.6934348431773845, 1.6934348431773845, 1.6934348431773845, 1.6934348431773845, 1.6934348431773845, 1.7096858903369685, 1.7096858903369685], "timestamp": "2025-03-13_21-23-01"}