{"y_max": 1.6514432699284796, "mean_values": [0.8984526993286145, 1.0599607850202644, 1.2158821501677328, 1.2158821501677328, 1.2158821501677328, 1.3966573238820141, 1.3966573238820141, 1.3966573238820141, 1.3966573238820141, 1.3966573238820141, 1.4500388266098854, 1.4500388266098854, 1.4500388266098854, 1.4500388266098854, 1.4500388266098854, 1.4500388266098854, 1.4500388266098854, 1.4500388266098854, 1.6656083799739319, 1.6656083799739319, 1.6656083799739319, 1.6656083799739319, 1.697176773859583, 1.697176773859583, 1.697176773859583, 1.697176773859583, 1.697176773859583, 1.697176773859583, 1.697176773859583, 1.697176773859583, 1.697176773859583, 1.697176773859583, 1.697176773859583, 1.697176773859583, 1.6997050175780795, 1.6997050175780795, 1.6997050175780795, 1.6997050175780795, 1.6997050175780795, 1.6997050175780795], "timestamp": "2025-03-13_22-29-21"}