{"y_max": 1.6514432699284796, "mean_values": [0.821524082426429, 0.9495913608215383, 1.1245250231184474, 1.1245250231184474, 1.1245250231184474, 1.272363575047215, 1.4625537353184979, 1.4625537353184979, 1.4625537353184979, 1.4625537353184979, 1.4625537353184979, 1.4778003132625464, 1.4778003132625464, 1.4778003132625464, 1.4778003132625464, 1.484081694503109, 1.484081694503109, 1.484081694503109, 1.484081694503109, 1.484081694503109, 1.484081694503109, 1.484081694503109, 1.484081694503109, 1.484081694503109, 1.484081694503109, 1.484081694503109, 1.484081694503109, 1.484081694503109, 1.484081694503109, 1.484081694503109, 1.484081694503109, 1.484081694503109, 1.484081694503109, 1.484081694503109, 1.484081694503109, 1.484081694503109, 1.505674270331288, 1.508435043303924, 1.508435043303924, 1.508435043303924], "timestamp": "2025-03-13_21-07-14"}