{"y_max": 1.6514432699284796, "mean_values": [0.8450247177552934, 1.0173171272553918, 1.0928599829870898, 1.1130633924051665, 1.1777939622323295, 1.262447887200494, 1.462757198117628, 1.462757198117628, 1.462757198117628, 1.462757198117628, 1.462757198117628, 1.462757198117628, 1.462757198117628, 1.462757198117628, 1.462757198117628, 1.462757198117628, 1.462757198117628, 1.4659915888771953, 1.6610316796642672, 1.6610316796642672, 1.6610316796642672, 1.6610316796642672, 1.6990709349193354, 1.6990709349193354, 1.6990709349193354, 1.7014596846652434, 1.7014596846652434, 1.7014596846652434, 1.7014596846652434, 1.7014596846652434, 1.7014596846652434, 1.7014596846652434, 1.7014596846652434, 1.7014596846652434, 1.7014596846652434, 1.7014596846652434, 1.7014596846652434, 1.7014596846652434, 1.7014596846652434, 1.7014596846652434], "timestamp": "2025-03-13_22-09-59"}