{"y_max": 1.6514432699284796, "mean_values": [0.9570006213225377, 1.1317052432333041, 1.13736871849222, 1.1467135473262033, 1.2417896436486817, 1.3897946539159558, 1.3897946539159558, 1.3897946539159558, 1.4063491911069064, 1.429823154480174, 1.429823154480174, 1.4555320465272172, 1.4555320465272172, 1.4555320465272172, 1.4555320465272172, 1.4718043138037757, 1.4718043138037757, 1.4718043138037757, 1.4718043138037757, 1.4718043138037757, 1.472161961813048, 1.472161961813048, 1.472161961813048, 1.472161961813048, 1.472161961813048, 1.472161961813048, 1.472161961813048, 1.472161961813048, 1.472161961813048, 1.472161961813048, 1.472161961813048, 1.472161961813048, 1.472161961813048, 1.472161961813048, 1.5908989429436757, 1.5908989429436757, 1.5908989429436757, 1.5908989429436757, 1.5908989429436757, 1.6485271515266344], "timestamp": "2025-03-13_17-45-38"}