{"y_max": 1.6514432699284796, "mean_values": [0.8040175729048995, 1.008653072375959, 1.1177858898556243, 1.121627140238712, 1.1977358375010563, 1.288421354748281, 1.4803854110338854, 1.4803854110338854, 1.4803854110338854, 1.4803854110338854, 1.4803854110338854, 1.4803854110338854, 1.4803854110338854, 1.4803854110338854, 1.4803854110338854, 1.5405282777477545, 1.6601142215595626, 1.6601142215595626, 1.6601142215595626, 1.6601142215595626, 1.6601142215595626, 1.6601142215595626, 1.6601142215595626, 1.6624985881248961, 1.667657671254279, 1.7311516416577246, 1.7311516416577246, 1.7311516416577246, 1.7311516416577246, 1.7311516416577246, 1.7311516416577246, 1.7311516416577246, 1.7311516416577246, 1.7311516416577246, 1.7311516416577246, 1.7311516416577246, 1.7311516416577246, 1.7311516416577246, 1.7311516416577246, 1.7311516416577246], "timestamp": "2025-03-13_20-11-52"}