{"y_max": 1.6514432699284796, "mean_values": [0.7636095200331863, 0.9396693158733372, 1.1045692755340182, 1.2056373508109346, 1.2056373508109346, 1.301110938305817, 1.4416861099892067, 1.4416861099892067, 1.4416861099892067, 1.4416861099892067, 1.4416861099892067, 1.4416861099892067, 1.4416861099892067, 1.4416861099892067, 1.5030339424866037, 1.6478477964579692, 1.6478477964579692, 1.6478477964579692, 1.6478477964579692, 1.6571130576050115, 1.6571130576050115, 1.6971680758265357, 1.6971680758265357, 1.6971680758265357, 1.6971680758265357, 1.6971680758265357, 1.6971680758265357, 1.6971680758265357, 1.6971680758265357, 1.6971680758265357, 1.6971680758265357, 1.6971680758265357, 1.6971680758265357, 1.6971680758265357, 1.6971680758265357, 1.6971680758265357, 1.6988230500639359, 1.6988230500639359, 1.6988230500639359, 1.6988230500639359], "timestamp": "2025-03-13_19-40-39"}