{"y_max": 1.6514432699284796, "mean_values": [0.8449832195131264, 0.9779572633462479, 1.1706556254897709, 1.1746667876161263, 1.2038452864139313, 1.2857656120763046, 1.4735696126485265, 1.4735696126485265, 1.4735696126485265, 1.4735696126485265, 1.4735696126485265, 1.484608840314042, 1.484608840314042, 1.500357092982335, 1.500357092982335, 1.500357092982335, 1.500357092982335, 1.500357092982335, 1.500357092982335, 1.500357092982335, 1.500357092982335, 1.500357092982335, 1.500357092982335, 1.500357092982335, 1.500357092982335, 1.500357092982335, 1.500357092982335, 1.500357092982335, 1.5003592825108476, 1.5003592825108476, 1.5003592825108476, 1.5003592825108476, 1.5003592825108476, 1.5003592825108476, 1.5003592825108476, 1.5003592825108476, 1.5003592825108476, 1.5003592825108476, 1.5003592825108476, 1.5003592825108476], "timestamp": "2025-03-13_21-42-30"}