{"y_max": 1.6514432699284796, "mean_values": [0.7870977353587724, 0.9945923603370507, 1.1211280965940615, 1.1527089713428358, 1.2324709467171933, 1.3251858261474794, 1.4734311148128807, 1.4734311148128807, 1.4734311148128807, 1.4734311148128807, 1.4734311148128807, 1.4734311148128807, 1.4734311148128807, 1.4734311148128807, 1.4734311148128807, 1.4734311148128807, 1.4734311148128807, 1.4734311148128807, 1.4734311148128807, 1.4734311148128807, 1.4834079670264704, 1.4834079670264704, 1.4834079670264704, 1.4834079670264704, 1.4834079670264704, 1.4834079670264704, 1.4834079670264704, 1.4834079670264704, 1.4834079670264704, 1.4834079670264704, 1.4834079670264704, 1.4834079670264704, 1.559248922311317, 1.6647982649196338, 1.6647982649196338, 1.6647982649196338, 1.6647982649196338, 1.6956288420251797, 1.6956288420251797, 1.6956288420251797], "timestamp": "2025-03-13_23-48-21"}