{"y_max": 1.6514432699284796, "mean_values": [0.744109854277067, 1.0029587202988046, 1.1228135288763106, 1.1820708153876907, 1.1820708153876907, 1.3211042378000746, 1.432464631299691, 1.432464631299691, 1.432464631299691, 1.432464631299691, 1.432464631299691, 1.432464631299691, 1.432464631299691, 1.432464631299691, 1.5368587782300485, 1.6314419895683734, 1.6314419895683734, 1.6314419895683734, 1.6314419895683734, 1.6335028803512863, 1.6335028803512863, 1.6335028803512863, 1.6335028803512863, 1.7119556629318673, 1.7119556629318673, 1.7119556629318673, 1.7119556629318673, 1.7119556629318673, 1.7119556629318673, 1.7119556629318673, 1.7119556629318673, 1.7119556629318673, 1.7119556629318673, 1.7119556629318673, 1.7119556629318673, 1.7119556629318673, 1.7119556629318673, 1.7119556629318673, 1.7119556629318673, 1.7119556629318673], "timestamp": "2025-03-13_20-27-49"}