{"y_max": 1.6514432699284796, "mean_values": [0.7567587361579755, 0.7567587361579755, 0.9712603598501, 1.1835851056453426, 1.1835851056453426, 1.1835851056453426, 1.349215851291145, 1.4589771041049961, 1.4589771041049961, 1.4589771041049961, 1.4688074925328214, 1.4688074925328214, 1.4688074925328214, 1.4688074925328214, 1.4688074925328214, 1.4764869121831838, 1.6596513025675672, 1.6596513025675672, 1.6596513025675672, 1.6596513025675672, 1.6596513025675672, 1.6596513025675672, 1.6596513025675672, 1.6596513025675672, 1.6596513025675672, 1.6650180739615674, 1.7229007933768818, 1.7229007933768818, 1.7229007933768818, 1.7229007933768818, 1.7229007933768818, 1.7229007933768818, 1.7229007933768818, 1.7229007933768818, 1.7229007933768818, 1.7229007933768818, 1.7229007933768818, 1.7229007933768818, 1.7229007933768818, 1.7229007933768818], "timestamp": "2025-03-13_22-37-14"}