{"y_max": 1.6514432699284796, "mean_values": [0.832891160791028, 0.9480933324941029, 1.15251853344989, 1.15251853344989, 1.15251853344989, 1.2792993440080178, 1.4124330685140767, 1.4124330685140767, 1.4124330685140767, 1.4369304421515685, 1.4369304421515685, 1.4369304421515685, 1.4369304421515685, 1.4369304421515685, 1.4369304421515685, 1.5889915320690282, 1.617961214000951, 1.617961214000951, 1.617961214000951, 1.617961214000951, 1.617961214000951, 1.6397163296137476, 1.6397163296137476, 1.664263439140682, 1.664263439140682, 1.664263439140682, 1.6698639911607365, 1.6698639911607365, 1.675680443806089, 1.6773887298891628, 1.6773887298891628, 1.6773887298891628, 1.6773887298891628, 1.6773887298891628, 1.6773887298891628, 1.6773887298891628, 1.7077679824883962, 1.7077679824883962, 1.7077679824883962, 1.7077679824883962], "timestamp": "2025-03-13_20-16-01"}