{"y_max": 1.6514432699284796, "mean_values": [0.8597806117236643, 0.9822722236578234, 1.1218242306146509, 1.1347396942513817, 1.1347396942513817, 1.3030685235891122, 1.4234352284329563, 1.4234352284329563, 1.4234352284329563, 1.425770457059732, 1.425770457059732, 1.425770457059732, 1.425770457059732, 1.425770457059732, 1.425770457059732, 1.425770457059732, 1.425770457059732, 1.5198399354182446, 1.6431989698064309, 1.6431989698064309, 1.6431989698064309, 1.6431989698064309, 1.6431989698064309, 1.6431989698064309, 1.6431989698064309, 1.6911414880058206, 1.6911414880058206, 1.710710167656919, 1.710710167656919, 1.710710167656919, 1.710710167656919, 1.710710167656919, 1.710710167656919, 1.710710167656919, 1.710710167656919, 1.710710167656919, 1.710710167656919, 1.710710167656919, 1.710710167656919, 1.710710167656919], "timestamp": "2025-03-13_19-36-37"}