{"y_max": 1.6514432699284796, "mean_values": [0.8217819389802951, 1.0299080752750691, 1.0987243654894354, 1.1487687877219273, 1.1487687877219273, 1.253783129778854, 1.4146411788651456, 1.4146411788651456, 1.4146411788651456, 1.4146411788651456, 1.4146411788651456, 1.4146411788651456, 1.4146411788651456, 1.4146411788651456, 1.4146411788651456, 1.5186949364177906, 1.6565270329742645, 1.6565270329742645, 1.6565270329742645, 1.6565270329742645, 1.6565270329742645, 1.6565270329742645, 1.6565270329742645, 1.6656275701629144, 1.6656275701629144, 1.6656275701629144, 1.6811553557856027, 1.6811553557856027, 1.6811553557856027, 1.6811553557856027, 1.6811553557856027, 1.6811553557856027, 1.6811553557856027, 1.6811553557856027, 1.6811553557856027, 1.6811553557856027, 1.7116456816057448, 1.7116456816057448, 1.7116456816057448, 1.7116456816057448], "timestamp": "2025-03-13_19-09-04"}