{"y_max": 1.6514432699284796, "mean_values": [0.7800210211870409, 0.7800210211870409, 0.9904562578100589, 1.1626433945197503, 1.1700701253557093, 1.2259230028458856, 1.2914238769556334, 1.4264101404874967, 1.4264101404874967, 1.4264101404874967, 1.4264101404874967, 1.4264101404874967, 1.4264101404874967, 1.436303843365157, 1.436303843365157, 1.436303843365157, 1.436303843365157, 1.436303843365157, 1.4399854493889375, 1.470907528132016, 1.470907528132016, 1.470907528132016, 1.4807863122732419, 1.4807863122732419, 1.4807863122732419, 1.4807863122732419, 1.4807863122732419, 1.4807863122732419, 1.4807863122732419, 1.4807863122732419, 1.4807863122732419, 1.4807863122732419, 1.4807863122732419, 1.4807863122732419, 1.4973152487221584, 1.4973152487221584, 1.4973152487221584, 1.4973152487221584, 1.4973152487221584, 1.4973152487221584], "timestamp": "2025-03-13_18-09-39"}