{"y_max": 1.6514432699284796, "mean_values": [0.8060012806986785, 1.0162228705331167, 1.0761683143500478, 1.1616021855916636, 1.1616021855916636, 1.3391907381668422, 1.4632931117712382, 1.4632931117712382, 1.4632931117712382, 1.4632931117712382, 1.4632931117712382, 1.4632931117712382, 1.4632931117712382, 1.4632931117712382, 1.4632931117712382, 1.4632931117712382, 1.4981040640331797, 1.639205477942364, 1.639205477942364, 1.639205477942364, 1.639205477942364, 1.6437054642383584, 1.6437054642383584, 1.6437054642383584, 1.6437054642383584, 1.6437054642383584, 1.6437054642383584, 1.6437054642383584, 1.6864117297522396, 1.6868007085152121, 1.7239599266606411, 1.7239599266606411, 1.7239599266606411, 1.7239599266606411, 1.7239599266606411, 1.7239599266606411, 1.7239599266606411, 1.7239599266606411, 1.7239599266606411, 1.7239599266606411], "timestamp": "2025-03-13_23-20-52"}