{"y_max": 1.6514432699284796, "mean_values": [0.7931591226925738, 0.993396601862489, 1.1487477632484273, 1.1487477632484273, 1.2074094307451408, 1.2494098009442975, 1.4271770361714242, 1.4271770361714242, 1.4271770361714242, 1.4271770361714242, 1.4271770361714242, 1.4271770361714242, 1.4271770361714242, 1.4271770361714242, 1.4271770361714242, 1.4905048773965288, 1.5805471656151069, 1.5805471656151069, 1.5805471656151069, 1.5805471656151069, 1.5805471656151069, 1.6843522167458707, 1.6843522167458707, 1.6843522167458707, 1.6843522167458707, 1.6843522167458707, 1.6843522167458707, 1.6843522167458707, 1.6843522167458707, 1.6843522167458707, 1.6843522167458707, 1.6843522167458707, 1.6843522167458707, 1.6843522167458707, 1.6843522167458707, 1.6843522167458707, 1.6843522167458707, 1.6843522167458707, 1.6843522167458707, 1.7003366477256365], "timestamp": "2025-03-13_20-43-33"}