{"y_max": 1.6514432699284796, "mean_values": [0.7852739895656822, 0.9894214090793315, 1.0831450692918039, 1.132195237577802, 1.1930118182108727, 1.2562152584618365, 1.4148288509519962, 1.4148288509519962, 1.4148288509519962, 1.4593723864248886, 1.4593723864248886, 1.491442802971924, 1.491442802971924, 1.491442802971924, 1.491442802971924, 1.491442802971924, 1.491442802971924, 1.520490235138754, 1.520490235138754, 1.520490235138754, 1.520490235138754, 1.520490235138754, 1.520490235138754, 1.520490235138754, 1.520490235138754, 1.520490235138754, 1.520490235138754, 1.520490235138754, 1.520490235138754, 1.520490235138754, 1.520490235138754, 1.520490235138754, 1.520490235138754, 1.520490235138754, 1.520490235138754, 1.520490235138754, 1.520490235138754, 1.520490235138754, 1.520490235138754, 1.520490235138754], "timestamp": "2025-03-13_23-00-56"}