{"y_max": 1.6514432699284796, "mean_values": [0.7600706581316349, 0.9607413798793651, 1.1815143499817666, 1.1815143499817666, 1.1815143499817666, 1.2773367294968445, 1.3869226762819915, 1.3869226762819915, 1.3869226762819915, 1.3869226762819915, 1.3869226762819915, 1.3869226762819915, 1.3869226762819915, 1.3869226762819915, 1.59501630745516, 1.6217754230266865, 1.6217754230266865, 1.6217754230266865, 1.68724236159173, 1.68724236159173, 1.68724236159173, 1.68724236159173, 1.68724236159173, 1.68724236159173, 1.68724236159173, 1.68724236159173, 1.68724236159173, 1.68724236159173, 1.68724236159173, 1.7569155358755908, 1.7569155358755908, 1.7569155358755908, 1.7569155358755908, 1.7569155358755908, 1.7569155358755908, 1.7569155358755908, 1.7569155358755908, 1.7569155358755908, 1.7569155358755908, 1.7569155358755908], "timestamp": "2025-03-13_19-01-10"}