{"y_max": 1.6514432699284796, "mean_values": [0.860173634392666, 1.0085575161533271, 1.093961409068167, 1.1309386974029305, 1.1309386974029305, 1.1771956798810335, 1.3883821791057682, 1.3883821791057682, 1.3883821791057682, 1.4090349172893013, 1.4090349172893013, 1.4489463761934487, 1.4489463761934487, 1.4489463761934487, 1.4489463761934487, 1.4489463761934487, 1.606227320517876, 1.606227320517876, 1.606227320517876, 1.606227320517876, 1.606227320517876, 1.6422121155811822, 1.6422121155811822, 1.663005453002036, 1.663005453002036, 1.663005453002036, 1.663005453002036, 1.663005453002036, 1.669056948453315, 1.684177250708058, 1.684177250708058, 1.684177250708058, 1.684177250708058, 1.684177250708058, 1.684177250708058, 1.684177250708058, 1.684177250708058, 1.684177250708058, 1.684177250708058, 1.684177250708058], "timestamp": "2025-03-13_22-33-18"}