{"y_max": 1.6514432699284796, "mean_values": [0.8060633543408121, 0.9748977891229488, 1.12283994824599, 1.1508608412918602, 1.1508608412918602, 1.2829826344345387, 1.405896535723335, 1.405896535723335, 1.405896535723335, 1.405896535723335, 1.4489597189781136, 1.4489597189781136, 1.4492749788799508, 1.4492749788799508, 1.4597180870468847, 1.4597180870468847, 1.4597180870468847, 1.4597180870468847, 1.4597180870468847, 1.4597180870468847, 1.4597180870468847, 1.4597180870468847, 1.4597180870468847, 1.4869857356941676, 1.4869857356941676, 1.4869857356941676, 1.4869857356941676, 1.4869857356941676, 1.4869857356941676, 1.4869857356941676, 1.4869857356941676, 1.4869857356941676, 1.4869857356941676, 1.4869857356941676, 1.4869857356941676, 1.4869857356941676, 1.4869857356941676, 1.4869857356941676, 1.4869857356941676, 1.4869857356941676], "timestamp": "2025-03-13_19-12-52"}