{"y_max": 1.6514432699284796, "mean_values": [0.9524133809207154, 1.0668826917332168, 1.1646278166395467, 1.1646278166395467, 1.1896254020259756, 1.3844691515580525, 1.3940143394241564, 1.3940143394241564, 1.4640542276591872, 1.4640542276591872, 1.4640542276591872, 1.4640542276591872, 1.4640542276591872, 1.4640542276591872, 1.4640542276591872, 1.4640542276591872, 1.4640542276591872, 1.4640542276591872, 1.4640542276591872, 1.4640542276591872, 1.4640542276591872, 1.4640542276591872, 1.4640542276591872, 1.46779905146793, 1.46779905146793, 1.4934031267793595, 1.4934031267793595, 1.4934031267793595, 1.4934031267793595, 1.4934031267793595, 1.4934031267793595, 1.4934031267793595, 1.4934031267793595, 1.4934031267793595, 1.4934031267793595, 1.4934031267793595, 1.4934031267793595, 1.5112067815140413, 1.5112067815140413, 1.5112067815140413], "timestamp": "2025-03-13_22-06-03"}