{"y_max": 1.6514432699284796, "mean_values": [0.7986213852479994, 0.9438238304605033, 1.1008672180769596, 1.1580955673661213, 1.1580955673661213, 1.3102889774917228, 1.3885931274541523, 1.3885931274541523, 1.3885931274541523, 1.464372730172366, 1.464372730172366, 1.464372730172366, 1.464372730172366, 1.464372730172366, 1.464372730172366, 1.464372730172366, 1.4898448650429317, 1.4898448650429317, 1.4898448650429317, 1.4898448650429317, 1.4898448650429317, 1.4898448650429317, 1.4898448650429317, 1.4898448650429317, 1.4898448650429317, 1.4898448650429317, 1.4898448650429317, 1.4898448650429317, 1.4898448650429317, 1.4898448650429317, 1.4898448650429317, 1.4898448650429317, 1.4898448650429317, 1.4898448650429317, 1.4898448650429317, 1.4898448650429317, 1.4898448650429317, 1.4898448650429317, 1.4898448650429317, 1.4898448650429317], "timestamp": "2025-03-13_18-49-13"}