{"y_max": 1.6514432699284796, "mean_values": [0.7755512758671987, 0.9463673951983084, 1.1077530140854628, 1.1393284932992223, 1.1862829086795097, 1.2283184803315426, 1.3657670466205996, 1.3657670466205996, 1.3657670466205996, 1.3657670466205996, 1.3990350032420793, 1.3990350032420793, 1.3990350032420793, 1.3990350032420793, 1.3990350032420793, 1.5331032287553228, 1.6383835868672696, 1.6383835868672696, 1.6383835868672696, 1.6383835868672696, 1.6383835868672696, 1.7032399918280416, 1.7032399918280416, 1.7032399918280416, 1.7032399918280416, 1.7032399918280416, 1.7032399918280416, 1.7032399918280416, 1.7183021464256805, 1.7183021464256805, 1.7183021464256805, 1.7183021464256805, 1.7183021464256805, 1.7183021464256805, 1.7183021464256805, 1.7183021464256805, 1.7183021464256805, 1.7183021464256805, 1.7183021464256805, 1.7183021464256805], "timestamp": "2025-03-13_18-05-47"}