{"y_max": 1.6514432699284796, "mean_values": [0.9331744697371015, 1.087219025872081, 1.1381169495681143, 1.1732709286507257, 1.2534080464551052, 1.3760378742625645, 1.4044045070861668, 1.4044045070861668, 1.4044045070861668, 1.4611365445388451, 1.4611365445388451, 1.4611365445388451, 1.4611365445388451, 1.4611365445388451, 1.4611365445388451, 1.4611365445388451, 1.5158889639918813, 1.5158889639918813, 1.5158889639918813, 1.5158889639918813, 1.5158889639918813, 1.5158889639918813, 1.5158889639918813, 1.5158889639918813, 1.5158889639918813, 1.5158889639918813, 1.5158889639918813, 1.5158889639918813, 1.5158889639918813, 1.5158889639918813, 1.5158889639918813, 1.5158889639918813, 1.5158889639918813, 1.5158889639918813, 1.5158889639918813, 1.5158889639918813, 1.5158889639918813, 1.5158889639918813, 1.5158889639918813, 1.5158889639918813], "timestamp": "2025-03-13_22-25-26"}