{"y_max": 1.6514432699284796, "mean_values": [0.9156911444070958, 1.1160901213387477, 1.2048937780835434, 1.2171389355146405, 1.2220512777352095, 1.3978833316385828, 1.3978833316385828, 1.3978833316385828, 1.3978833316385828, 1.3978833316385828, 1.4690918446086398, 1.5209085329696799, 1.5209085329696799, 1.5209085329696799, 1.5209085329696799, 1.5209085329696799, 1.5209085329696799, 1.5283884820773241, 1.6096523792651707, 1.6096523792651707, 1.6096523792651707, 1.6096523792651707, 1.6393864116868204, 1.6483788877392924, 1.6483788877392924, 1.6987894393955132, 1.7036530759900628, 1.7259618585787806, 1.7259618585787806, 1.7259618585787806, 1.7259618585787806, 1.7259618585787806, 1.7259618585787806, 1.7259618585787806, 1.7259618585787806, 1.7259618585787806, 1.7259618585787806, 1.7259618585787806, 1.7259618585787806, 1.7259618585787806], "timestamp": "2025-03-14_00-00-17"}