{"y_max": 1.6514432699284796, "mean_values": [0.8252631552249037, 1.0034026837442103, 1.1190475202453232, 1.1627588888778149, 1.1627588888778149, 1.2650745473931837, 1.4328081878963763, 1.4328081878963763, 1.4328081878963763, 1.4328081878963763, 1.4328081878963763, 1.4328081878963763, 1.4328081878963763, 1.4328081878963763, 1.4328081878963763, 1.4328081878963763, 1.4328081878963763, 1.573794727817475, 1.6598147616849115, 1.6598147616849115, 1.6598147616849115, 1.6598147616849115, 1.6598147616849115, 1.6598147616849115, 1.6598147616849115, 1.6598147616849115, 1.6605894267538743, 1.6715608985951687, 1.6715608985951687, 1.6715608985951687, 1.6715608985951687, 1.6975002532330774, 1.6975002532330774, 1.6975002532330774, 1.6975002532330774, 1.6975002532330774, 1.6975002532330774, 1.6975002532330774, 1.6975002532330774, 1.6975002532330774], "timestamp": "2025-03-13_20-00-12"}