{"y_max": 1.6514432699284796, "mean_values": [0.7677233061140347, 1.0055606608597096, 1.1015659490092062, 1.1119797329145666, 1.168195885038715, 1.262981213078583, 1.403803763923373, 1.403803763923373, 1.403803763923373, 1.403803763923373, 1.403803763923373, 1.403803763923373, 1.403803763923373, 1.403803763923373, 1.4966944015351489, 1.5962453491761293, 1.5962453491761293, 1.5962453491761293, 1.5962453491761293, 1.5962453491761293, 1.5962453491761293, 1.6332006950039093, 1.6332006950039093, 1.6332006950039093, 1.685990799216937, 1.685990799216937, 1.685990799216937, 1.685990799216937, 1.685990799216937, 1.685990799216937, 1.6915726592490254, 1.6966273148821478, 1.6966273148821478, 1.6966273148821478, 1.6966273148821478, 1.6966273148821478, 1.7068866735524544, 1.7068866735524544, 1.7068866735524544, 1.7068866735524544], "timestamp": "2025-03-13_18-13-43"}