{"y_max": 1.6514432699284796, "mean_values": [0.8245525846675524, 0.9695592464662578, 1.1685359956745898, 1.1685359956745898, 1.1797230097688713, 1.2678958297521314, 1.4262247476711232, 1.4262247476711232, 1.4262247476711232, 1.5081330686852608, 1.5081330686852608, 1.5081330686852608, 1.5081330686852608, 1.5081330686852608, 1.5081330686852608, 1.5081330686852608, 1.5081330686852608, 1.5081330686852608, 1.5081330686852608, 1.6873415482509444, 1.6873415482509444, 1.6873415482509444, 1.6873415482509444, 1.6873415482509444, 1.6873415482509444, 1.6873415482509444, 1.6873415482509444, 1.6873415482509444, 1.6873415482509444, 1.6873415482509444, 1.6873415482509444, 1.7236073329468018, 1.7236073329468018, 1.7236073329468018, 1.7236073329468018, 1.7236073329468018, 1.7236073329468018, 1.7236073329468018, 1.7236073329468018, 1.7236073329468018], "timestamp": "2025-03-13_18-25-44"}