{"y_max": 1.6514432699284796, "mean_values": [0.7765301435359755, 0.9672302036618778, 1.1226831816806888, 1.1824175710157279, 1.1824175710157279, 1.2615702581146142, 1.4337730684529215, 1.4337730684529215, 1.4337730684529215, 1.4337730684529215, 1.4337730684529215, 1.4337730684529215, 1.4337730684529215, 1.4337730684529215, 1.4337730684529215, 1.5445410622959435, 1.6984679152043676, 1.6984679152043676, 1.6984679152043676, 1.6984679152043676, 1.6984679152043676, 1.6984679152043676, 1.6984679152043676, 1.6984679152043676, 1.6984679152043676, 1.6984679152043676, 1.6984679152043676, 1.6984679152043676, 1.6984679152043676, 1.6984679152043676, 1.6984679152043676, 1.6984679152043676, 1.6984679152043676, 1.6984679152043676, 1.6984679152043676, 1.6984679152043676, 1.6984679152043676, 1.6984679152043676, 1.6984679152043676, 1.6984679152043676], "timestamp": "2025-03-13_17-53-32"}