{"y_max": 1.6514432699284796, "mean_values": [0.8104433595321034, 0.9751524944892649, 1.1371766472131446, 1.1371766472131446, 1.1684462578402761, 1.2821512404623518, 1.4062829873045273, 1.4062829873045273, 1.4062829873045273, 1.4062829873045273, 1.4062829873045273, 1.4062829873045273, 1.4062829873045273, 1.4062829873045273, 1.5493508657408435, 1.6572858542625013, 1.6572858542625013, 1.6572858542625013, 1.6572858542625013, 1.6572858542625013, 1.6572858542625013, 1.686835185975007, 1.686835185975007, 1.686835185975007, 1.686835185975007, 1.686835185975007, 1.686835185975007, 1.686835185975007, 1.686835185975007, 1.686835185975007, 1.686835185975007, 1.686835185975007, 1.691861168503679, 1.691861168503679, 1.691861168503679, 1.691861168503679, 1.691861168503679, 1.691861168503679, 1.691861168503679, 1.691861168503679], "timestamp": "2025-03-13_20-19-58"}