{"y_max": 1.6514432699284796, "mean_values": [0.7821223680105187, 0.9134954526059246, 1.1154510648372666, 1.1425201556394073, 1.1614984692980475, 1.2511625289966941, 1.438920593912285, 1.438920593912285, 1.438920593912285, 1.4541391674411432, 1.4541391674411432, 1.4541391674411432, 1.4541391674411432, 1.4541391674411432, 1.4541391674411432, 1.512076609606561, 1.6162660355514706, 1.6162660355514706, 1.6162660355514706, 1.6162660355514706, 1.6541510629057417, 1.6541510629057417, 1.6541510629057417, 1.6541510629057417, 1.6541510629057417, 1.6541510629057417, 1.6541510629057417, 1.667323847863142, 1.667323847863142, 1.6686927513135215, 1.6686927513135215, 1.6696529001821228, 1.684525520696412, 1.684525520696412, 1.684525520696412, 1.684525520696412, 1.684525520696412, 1.684525520696412, 1.684525520696412, 1.684525520696412], "timestamp": "2025-03-13_19-05-06"}