{"y_max": 1.6514432699284796, "mean_values": [0.8929365823928096, 1.0559254806878942, 1.0914966162658095, 1.1515871588440054, 1.1904031307893004, 1.3797898443573815, 1.398717646459514, 1.398717646459514, 1.398717646459514, 1.398717646459514, 1.4546494374415995, 1.4911061146673643, 1.4911061146673643, 1.4911061146673643, 1.4911061146673643, 1.4911061146673643, 1.4911061146673643, 1.4911061146673643, 1.4911061146673643, 1.4911061146673643, 1.4911061146673643, 1.4911061146673643, 1.4911061146673643, 1.660131573430869, 1.660131573430869, 1.660131573430869, 1.660131573430869, 1.6673897537348048, 1.6673897537348048, 1.6673897537348048, 1.6673897537348048, 1.6673897537348048, 1.678307505538524, 1.678307505538524, 1.678307505538524, 1.678307505538524, 1.678307505538524, 1.6809794775573814, 1.6809794775573814, 1.6809794775573814], "timestamp": "2025-03-13_19-52-19"}