{"y_max": 1.6514432699284796, "mean_values": [0.8235354078179153, 1.005105494126724, 1.164163395967441, 1.164163395967441, 1.164163395967441, 1.272964666099231, 1.4187418825985645, 1.4187418825985645, 1.4187418825985645, 1.4458856607554085, 1.4458856607554085, 1.4458856607554085, 1.4473722102911557, 1.4612152742493, 1.4612152742493, 1.4612152742493, 1.4612152742493, 1.4612152742493, 1.4612152742493, 1.4612152742493, 1.4612152742493, 1.494115770268021, 1.494115770268021, 1.494115770268021, 1.494115770268021, 1.494115770268021, 1.494115770268021, 1.494115770268021, 1.494115770268021, 1.494115770268021, 1.494115770268021, 1.494115770268021, 1.494115770268021, 1.5004747768183866, 1.5004747768183866, 1.5004747768183866, 1.5004747768183866, 1.5004747768183866, 1.5004747768183866, 1.5004747768183866], "timestamp": "2025-03-13_22-21-41"}