{"y_max": 1.6514432699284796, "mean_values": [0.7670953042817277, 0.9604084410500783, 1.165574814790322, 1.165574814790322, 1.165574814790322, 1.2165754291347912, 1.4652886384418589, 1.4652886384418589, 1.4652886384418589, 1.4724971525758268, 1.4724971525758268, 1.4724971525758268, 1.4724971525758268, 1.4724971525758268, 1.4724971525758268, 1.5122337370200885, 1.669805924178603, 1.669805924178603, 1.669805924178603, 1.669805924178603, 1.669805924178603, 1.669805924178603, 1.669805924178603, 1.669805924178603, 1.669805924178603, 1.669805924178603, 1.669805924178603, 1.669805924178603, 1.6704313723312112, 1.6704313723312112, 1.6704313723312112, 1.6704313723312112, 1.690781687639698, 1.690781687639698, 1.690781687639698, 1.690781687639698, 1.7041791898618561, 1.7041791898618561, 1.7041791898618561, 1.7041791898618561], "timestamp": "2025-03-13_23-16-52"}