{"y_max": 1.6514432699284796, "mean_values": [0.8080301786254204, 0.9821715035536694, 1.169379916170681, 1.169379916170681, 1.169379916170681, 1.2428078205068025, 1.3846944416059441, 1.3846944416059441, 1.3846944416059441, 1.4263286006629707, 1.4263286006629707, 1.4263286006629707, 1.4263286006629707, 1.4263286006629707, 1.4263286006629707, 1.5398059583727397, 1.5686223616704411, 1.5686223616704411, 1.5686223616704411, 1.5686223616704411, 1.7002433107945125, 1.7172016377779762, 1.7172016377779762, 1.7172016377779762, 1.7172016377779762, 1.717307570511965, 1.717307570511965, 1.717307570511965, 1.717307570511965, 1.717307570511965, 1.717307570511965, 1.717307570511965, 1.717307570511965, 1.717307570511965, 1.717307570511965, 1.717307570511965, 1.717307570511965, 1.717307570511965, 1.717307570511965, 1.717307570511965], "timestamp": "2025-03-13_23-08-55"}