{"y_max": 1.6514432699284796, "mean_values": [0.8203749229746359, 0.9126895565133103, 1.22044226258463, 1.22044226258463, 1.22044226258463, 1.2801686193593431, 1.3956257711056856, 1.3956257711056856, 1.3956257711056856, 1.3956257711056856, 1.3956257711056856, 1.3956257711056856, 1.4483369068674619, 1.4483369068674619, 1.4483369068674619, 1.4483369068674619, 1.4483369068674619, 1.492482366023453, 1.6110468155650473, 1.6110468155650473, 1.6110468155650473, 1.6110468155650473, 1.6110468155650473, 1.6640600611976921, 1.6640600611976921, 1.6861955165818328, 1.6861955165818328, 1.6861955165818328, 1.6861955165818328, 1.6861955165818328, 1.6861955165818328, 1.6861955165818328, 1.6861955165818328, 1.6861955165818328, 1.693192081498688, 1.693192081498688, 1.693192081498688, 1.693192081498688, 1.693192081498688, 1.693192081498688], "timestamp": "2025-03-13_18-17-45"}