{"y_max": 1.6514432699284796, "mean_values": [0.7807842146888964, 1.0098824751590576, 1.0912659852635773, 1.1305801609920993, 1.1305801609920993, 1.2989950383963682, 1.4208103915559025, 1.4208103915559025, 1.4208103915559025, 1.4208103915559025, 1.4340361395872332, 1.4340361395872332, 1.4526804937280435, 1.4526804937280435, 1.4526804937280435, 1.4526804937280435, 1.4526804937280435, 1.4526804937280435, 1.4526804937280435, 1.536727084089074, 1.6616388568693488, 1.6616388568693488, 1.6616388568693488, 1.6616388568693488, 1.6616388568693488, 1.6616388568693488, 1.6616388568693488, 1.6912988414058905, 1.6912988414058905, 1.6912988414058905, 1.6912988414058905, 1.6912988414058905, 1.6912988414058905, 1.6912988414058905, 1.6912988414058905, 1.6912988414058905, 1.6912988414058905, 1.6912988414058905, 1.6912988414058905, 1.7058413165882167], "timestamp": "2025-03-13_23-36-27"}