{"y_max": 1.6514432699284796, "mean_values": [0.9686729962377004, 1.1365933223108726, 1.1365933223108726, 1.1403189773895173, 1.2316430598835533, 1.426312406195123, 1.426312406195123, 1.426312406195123, 1.426312406195123, 1.426312406195123, 1.426312406195123, 1.426312406195123, 1.426312406195123, 1.652045982749712, 1.652045982749712, 1.652045982749712, 1.652045982749712, 1.652045982749712, 1.652045982749712, 1.652045982749712, 1.652045982749712, 1.652045982749712, 1.652045982749712, 1.652045982749712, 1.652045982749712, 1.652045982749712, 1.652045982749712, 1.652045982749712, 1.652045982749712, 1.652045982749712, 1.652045982749712, 1.652045982749712, 1.652045982749712, 1.652045982749712, 1.652045982749712, 1.652045982749712], "timestamp": "2025-03-14_01-13-19"}