{"y_max": 1.6514432699284796, "mean_values": [0.9702602748519424, 0.9702602748519424, 0.9702602748519424, 1.1362910594694449, 1.1400468710383214, 1.1400468710383214, 1.1400468710383214, 1.2440242474667056, 1.435180833355863, 1.435180833355863, 1.435180833355863, 1.435180833355863, 1.6501421933810192, 1.6501421933810192, 1.6501421933810192, 1.6501421933810192, 1.6501421933810192, 1.6501421933810192, 1.6501421933810192, 1.6501421933810192, 1.6501421933810192, 1.6501421933810192, 1.6501421933810192, 1.6501421933810192, 1.6501421933810192, 1.6501421933810192, 1.6501421933810192, 1.6501421933810192, 1.6501421933810192, 1.6501421933810192, 1.6501421933810192, 1.6501421933810192, 1.6501421933810192], "timestamp": "2025-03-13_23-25-48"}