{"y_max": 1.6514432699284796, "mean_values": [0.9708295957829042, 0.9708295957829042, 1.1358724944321004, 1.1410139154264956, 1.243033845259857, 1.243033845259857, 1.4337932143787855, 1.4337932143787855, 1.4337932143787855, 1.4337932143787855, 1.4337932143787855, 1.6508295158676363, 1.6508295158676363, 1.6508295158676363, 1.6508295158676363, 1.6508295158676363, 1.6508295158676363, 1.6508295158676363, 1.6508295158676363, 1.6508295158676363, 1.6508295158676363, 1.6508295158676363, 1.6508295158676363, 1.6508295158676363, 1.6508295158676363, 1.6508295158676363, 1.6508295158676363, 1.6508295158676363, 1.6508295158676363, 1.6508295158676363, 1.6508295158676363, 1.6508295158676363, 1.6508295158676363, 1.6508295158676363, 1.6508295158676363, 1.6508295158676363, 1.6508295158676363], "timestamp": "2025-03-13_23-27-39"}