{"y_max": 1.6514432699284796, "mean_values": [0.7897225638515889, 1.017655768068089, 1.138714765841116, 1.138714765841116, 1.1471522264619272, 1.1471522264619272, 1.2713795541304218, 1.4424952669699687, 1.4424952669699687, 1.4424952669699687, 1.4424952669699687, 1.4424952669699687, 1.4424952669699687, 1.4424952669699687, 1.6418798186303247, 1.6418798186303247, 1.6418798186303247, 1.6418798186303247, 1.6418798186303247, 1.6418798186303247, 1.6418798186303247, 1.6418798186303247, 1.6418798186303247, 1.6418798186303247, 1.6418798186303247, 1.6535378742107736, 1.6535378742107736, 1.6535378742107736, 1.6535378742107736, 1.6535378742107736, 1.6535378742107736, 1.6535378742107736, 1.6535378742107736, 1.6535378742107736, 1.6535378742107736, 1.6535378742107736, 1.6535378742107736], "timestamp": "2025-03-14_00-24-27"}