{"y_max": 1.6514432699284796, "mean_values": [0.7880597100446568, 1.017278674055409, 1.1407897050592473, 1.1407897050592473, 1.1407897050592473, 1.1464627964765333, 1.2731496020392292, 1.4427473210513593, 1.4427473210513593, 1.4427473210513593, 1.4427473210513593, 1.4427473210513593, 1.4427473210513593, 1.4427473210513593, 1.4427473210513593, 1.4427473210513593, 1.4427473210513593, 1.6419564789539216, 1.6419564789539216, 1.6419564789539216, 1.6419564789539216, 1.6419564789539216, 1.6419564789539216, 1.6419564789539216, 1.6419564789539216, 1.6419564789539216, 1.6419564789539216, 1.6419564789539216, 1.6419564789539216, 1.6419564789539216, 1.6419564789539216, 1.6419564789539216, 1.6419564789539216, 1.6419564789539216, 1.6419564789539216, 1.6419564789539216, 1.6419564789539216, 1.6472376864946805, 1.6472376864946805, 1.6472376864946805], "timestamp": "2025-03-13_23-42-21"}