{"y_max": 1.6514432699284796, "mean_values": [0.7901922299997398, 0.7901922299997398, 0.7903998859678815, 1.0365961980506089, 1.0365961980506089, 1.13831956864089, 1.1521336086715213, 1.287759848098565, 1.4393398414033967, 1.4393398414033967, 1.4393398414033967, 1.6307878058410092, 1.6307878058410092, 1.6307878058410092, 1.6307878058410092, 1.6307878058410092, 1.6307878058410092, 1.6307878058410092, 1.6481676664181444, 1.6481676664181444, 1.6481676664181444, 1.6481676664181444, 1.6481676664181444, 1.6481676664181444, 1.6481676664181444, 1.6481676664181444, 1.6536250477818797, 1.6536250477818797, 1.6536250477818797, 1.6536250477818797, 1.6536250477818797, 1.6536250477818797, 1.6536250477818797, 1.6536250477818797, 1.6536250477818797], "timestamp": "2025-03-14_00-18-55"}