{"y_max": 1.6514432699284796, "mean_values": [0.789788451613424, 1.0165651931221444, 1.1384964321601783, 1.1384964321601783, 1.1384964321601783, 1.1384964321601783, 1.3082268693602086, 1.642258657677252, 1.642258657677252, 1.642258657677252, 1.642258657677252, 1.642258657677252, 1.642258657677252, 1.642258657677252, 1.642258657677252, 1.642258657677252, 1.642258657677252, 1.642258657677252, 1.642258657677252, 1.642258657677252, 1.642258657677252, 1.642258657677252, 1.642258657677252, 1.642258657677252, 1.642258657677252, 1.642258657677252, 1.642258657677252, 1.642258657677252, 1.642258657677252, 1.642258657677252, 1.642258657677252, 1.642258657677252, 1.642258657677252, 1.642258657677252, 1.642258657677252, 1.642258657677252, 1.642258657677252], "timestamp": "2025-03-13_23-36-55"}