{"y_max": 1.6514432699284796, "mean_values": [0.7875753919045021, 0.7875753919045021, 1.0379495923500568, 1.1407421720964814, 1.1521510645920787, 1.1521510645920787, 1.288333375159617, 1.4423403868099365, 1.4423403868099365, 1.4423403868099365, 1.6298776142808518, 1.6298776142808518, 1.6298776142808518, 1.6298776142808518, 1.6298776142808518, 1.6298776142808518, 1.6298776142808518, 1.6298776142808518, 1.6298776142808518, 1.6298776142808518, 1.6298776142808518, 1.6298776142808518, 1.6298776142808518, 1.6298776142808518, 1.6298776142808518, 1.6298776142808518, 1.6298776142808518, 1.6298776142808518, 1.6298776142808518, 1.6298776142808518, 1.6298776142808518, 1.6298776142808518, 1.6298776142808518, 1.652169013984365, 1.652169013984365, 1.652169013984365, 1.652169013984365], "timestamp": "2025-03-13_23-04-18"}