{"y_max": 1.6514432699284796, "mean_values": [0.969500516675438, 0.969500516675438, 1.1365752076622304, 1.1365752076622304, 1.141815882240325, 1.141815882240325, 1.242086936111989, 1.4370348652098732, 1.4370348652098732, 1.4370348652098732, 1.4370348652098732, 1.4370348652098732, 1.4370348652098732, 1.6517517683127036, 1.6517517683127036, 1.6517517683127036, 1.6517517683127036, 1.6517517683127036, 1.6517517683127036, 1.6517517683127036, 1.6517517683127036, 1.6517517683127036, 1.6517517683127036, 1.6517517683127036, 1.6517517683127036, 1.6517517683127036, 1.6517517683127036, 1.6517517683127036, 1.6517517683127036, 1.6517517683127036, 1.6517517683127036, 1.6517517683127036, 1.6517517683127036, 1.6517925437345191, 1.6517925437345191, 1.6517925437345191, 1.6517925437345191, 1.6517925437345191], "timestamp": "2025-03-13_22-44-16"}