{"y_max": 1.6514432699284796, "mean_values": [0.7889532266463891, 1.0167324272549783, 1.0167324272549783, 1.0167324272549783, 1.1389354878322013, 1.1389354878322013, 1.1477553870851558, 1.2743753386834895, 1.4434365332753964, 1.4434365332753964, 1.4434365332753964, 1.4434365332753964, 1.4434365332753964, 1.6434630196526037, 1.6434630196526037, 1.6434630196526037, 1.6434630196526037, 1.6434630196526037, 1.6434630196526037, 1.6486001638872654, 1.6486001638872654, 1.6486001638872654, 1.6486001638872654, 1.6486001638872654, 1.6486001638872654, 1.6486001638872654, 1.6486001638872654, 1.6486001638872654, 1.6486001638872654, 1.6486001638872654, 1.6486001638872654, 1.6486001638872654, 1.6486001638872654, 1.6486001638872654, 1.6486001638872654, 1.6486001638872654, 1.6486001638872654], "timestamp": "2025-03-13_22-49-36"}