{"y_max": 1.6514432699284796, "mean_values": [0.7899355603197855, 0.7899355603197855, 0.7910241125068158, 0.9670238115897593, 1.0396312248167159, 1.1398213224256935, 1.2726597369701624, 1.2726597369701624, 1.629163586542001, 1.629163586542001, 1.629163586542001, 1.629163586542001, 1.629163586542001, 1.629163586542001, 1.629163586542001, 1.629163586542001, 1.629163586542001, 1.629163586542001, 1.629163586542001, 1.629163586542001, 1.629163586542001, 1.629163586542001, 1.6535829883025448, 1.6535829883025448, 1.6535829883025448, 1.6535829883025448, 1.6535829883025448, 1.6535829883025448, 1.6535829883025448, 1.6535829883025448, 1.6535829883025448, 1.6535829883025448, 1.6535829883025448, 1.6535829883025448, 1.6535829883025448, 1.6535829883025448, 1.6535829883025448], "timestamp": "2025-03-14_01-02-35"}