{"y_max": 1.6514432699284796, "mean_values": [0.968103367672963, 0.968103367672963, 1.1355608928728838, 1.1421225657022709, 1.243289763993207, 1.4347882446451732, 1.4347882446451732, 1.4347882446451732, 1.4347882446451732, 1.4347882446451732, 1.4347882446451732, 1.4347882446451732, 1.4347882446451732, 1.4347882446451732, 1.4347882446451732, 1.6511474266096289, 1.6511474266096289, 1.6511474266096289, 1.6511474266096289, 1.6511474266096289, 1.6511474266096289, 1.6511474266096289, 1.6511474266096289, 1.6511474266096289, 1.6511474266096289, 1.6511474266096289, 1.6511474266096289, 1.6511474266096289, 1.6511474266096289, 1.6511474266096289, 1.6511474266096289, 1.6511474266096289, 1.6511474266096289, 1.6511474266096289, 1.6511474266096289], "timestamp": "2025-03-14_01-26-14"}