{"y_max": 1.6514432699284796, "mean_values": [0.7890321211206546, 1.0176200982296137, 1.1394389923092234, 1.148036468404168, 1.148036468404168, 1.2719454060337507, 1.442097180916285, 1.442097180916285, 1.442097180916285, 1.442097180916285, 1.442097180916285, 1.643531948470867, 1.643531948470867, 1.643531948470867, 1.643531948470867, 1.643531948470867, 1.643531948470867, 1.643531948470867, 1.643531948470867, 1.643531948470867, 1.643531948470867, 1.643531948470867, 1.643531948470867, 1.643531948470867, 1.643531948470867, 1.643531948470867, 1.643531948470867, 1.643531948470867, 1.643531948470867, 1.643531948470867, 1.6505804535708186, 1.6505804535708186, 1.6505804535708186, 1.6505804535708186, 1.6505804535708186, 1.6505804535708186], "timestamp": "2025-03-13_23-09-33"}