{"y_max": 1.6514432699284796, "mean_values": [0.7895490705627208, 0.7895490705627208, 0.7923052696623151, 0.9665388578723817, 1.0397453538722412, 1.273429494217084, 1.273429494217084, 1.6281467627186583, 1.6281467627186583, 1.6281467627186583, 1.6281467627186583, 1.6281467627186583, 1.6281467627186583, 1.6281467627186583, 1.6281467627186583, 1.6281467627186583, 1.6281467627186583, 1.6281467627186583, 1.6281467627186583, 1.6281467627186583, 1.6281467627186583, 1.6281467627186583, 1.6281467627186583, 1.628176124756403, 1.628176124756403, 1.628176124756403, 1.628176124756403, 1.628176124756403, 1.628176124756403, 1.628176124756403, 1.628176124756403, 1.628176124756403, 1.628176124756403, 1.628176124756403, 1.650605878027759, 1.650605878027759, 1.650605878027759], "timestamp": "2025-03-14_01-37-33"}