{"y_max": 1.6514432699284796, "mean_values": [0.7895407439157092, 0.7895407439157092, 0.7902929098370953, 1.0355658186454169, 1.139018666954494, 1.1515227424229733, 1.1515227424229733, 1.2888664591501815, 1.4396116108774317, 1.4396116108774317, 1.6298201913738533, 1.6298201913738533, 1.6298201913738533, 1.6298201913738533, 1.6298201913738533, 1.6298201913738533, 1.6298201913738533, 1.6298201913738533, 1.6298201913738533, 1.6298201913738533, 1.6298201913738533, 1.6298201913738533, 1.6298201913738533, 1.6298201913738533, 1.6298201913738533, 1.6298201913738533, 1.6298201913738533, 1.6483739413187768, 1.6483739413187768, 1.6483739413187768, 1.6483739413187768, 1.6483739413187768, 1.6483739413187768, 1.6483739413187768, 1.6483739413187768, 1.6483739413187768, 1.6483739413187768, 1.6551920211942, 1.6551920211942], "timestamp": "2025-03-14_00-57-07"}