{"y_max": 1.6514432699284796, "mean_values": [0.7887531452424422, 0.7887531452424422, 1.0372187756578815, 1.1404436810785348, 1.1404436810785348, 1.1510442013441184, 1.2862319382649234, 1.4392174142540783, 1.4392174142540783, 1.4392174142540783, 1.62939161218057, 1.62939161218057, 1.62939161218057, 1.62939161218057, 1.62939161218057, 1.62939161218057, 1.62939161218057, 1.62939161218057, 1.62939161218057, 1.62939161218057, 1.62939161218057, 1.62939161218057, 1.62939161218057, 1.62939161218057, 1.62939161218057, 1.62939161218057, 1.62939161218057, 1.62939161218057, 1.6440333454183826, 1.6440333454183826, 1.6440333454183826, 1.6440333454183826, 1.6440333454183826, 1.6440333454183826, 1.6440333454183826, 1.6440333454183826, 1.6440333454183826, 1.6440333454183826], "timestamp": "2025-03-14_01-31-49"}