{"y_max": 1.6514432699284796, "mean_values": [0.7890674369683082, 1.0159508562095068, 1.1415618173445936, 1.1415618173445936, 1.1483311454027292, 1.2723424169728332, 1.4415126555952995, 1.4415126555952995, 1.4415126555952995, 1.4415126555952995, 1.4415126555952995, 1.4415126555952995, 1.644259558954142, 1.644259558954142, 1.644259558954142, 1.644259558954142, 1.644259558954142, 1.644259558954142, 1.644259558954142, 1.644259558954142, 1.644259558954142, 1.644259558954142, 1.644259558954142, 1.644259558954142, 1.644259558954142, 1.644259558954142, 1.644259558954142, 1.645662543824528, 1.645662543824528, 1.645662543824528, 1.645662543824528, 1.645662543824528, 1.645662543824528, 1.645662543824528, 1.645662543824528], "timestamp": "2025-03-13_23-06-02"}