{"y_max": 1.6514432699284796, "mean_values": [0.7882473209497397, 1.0173831207155688, 1.0173831207155688, 1.0173831207155688, 1.1388174830418565, 1.1472124991498986, 1.2731446594630622, 1.44228128404815, 1.44228128404815, 1.44228128404815, 1.44228128404815, 1.6446573486053542, 1.6446573486053542, 1.6446573486053542, 1.6446573486053542, 1.6446573486053542, 1.6446573486053542, 1.6446573486053542, 1.6446573486053542, 1.6446573486053542, 1.6446573486053542, 1.6446573486053542, 1.6446573486053542, 1.6446573486053542, 1.6446573486053542, 1.6501363477112758, 1.6501363477112758, 1.6501363477112758, 1.6501363477112758, 1.6501363477112758, 1.6501363477112758, 1.6501363477112758, 1.6501363477112758, 1.6521585601744164, 1.6521585601744164], "timestamp": "2025-03-13_22-53-14"}