{"y_max": 1.6514432699284796, "mean_values": [0.9693564836047206, 0.9693564836047206, 1.137175125365878, 1.1405590469101294, 1.241880486877083, 1.241880486877083, 1.4347009106014024, 1.4347009106014024, 1.4347009106014024, 1.4347009106014024, 1.4347009106014024, 1.4347009106014024, 1.4347009106014024, 1.4347009106014024, 1.4347009106014024, 1.4347009106014024, 1.4347009106014024, 1.4347009106014024, 1.6513413365961889, 1.6513413365961889, 1.6513413365961889, 1.6513413365961889, 1.6513413365961889, 1.6513413365961889, 1.6513413365961889, 1.6513413365961889, 1.6513413365961889, 1.6513413365961889, 1.6513413365961889, 1.6513413365961889, 1.6513413365961889, 1.6513413365961889, 1.6513413365961889, 1.6513413365961889, 1.6531551725524827, 1.6531551725524827], "timestamp": "2025-03-14_00-42-36"}