{"y_max": 1.6514432699284796, "mean_values": [0.7888748350932785, 1.0167573368427174, 1.1384070781136062, 1.1463027978478804, 1.2715230303603733, 1.441691245852342, 1.441691245852342, 1.441691245852342, 1.441691245852342, 1.441691245852342, 1.441691245852342, 1.441691245852342, 1.6429084379861594, 1.6429084379861594, 1.6429084379861594, 1.6429084379861594, 1.6429084379861594, 1.6429084379861594, 1.6429084379861594, 1.6429084379861594, 1.6429084379861594, 1.6429084379861594, 1.6429084379861594, 1.6429084379861594, 1.6429084379861594, 1.6429084379861594, 1.6429084379861594, 1.6429084379861594, 1.6429084379861594, 1.6429084379861594, 1.6429084379861594, 1.6429084379861594, 1.6429084379861594, 1.6429084379861594, 1.6429084379861594, 1.6429084379861594, 1.6429084379861594], "timestamp": "2025-03-13_22-42-24"}