{"y_max": 1.6514432699284796, "mean_values": [0.7904075864761057, 0.7904075864761057, 0.7919359085609997, 1.037230357548116, 1.037230357548116, 1.1410091942824978, 1.1500385021429538, 1.2886903697586582, 1.2886903697586582, 1.4400421518030322, 1.4400421518030322, 1.6305048338729784, 1.6305048338729784, 1.6305048338729784, 1.6305048338729784, 1.6305048338729784, 1.6305048338729784, 1.6305048338729784, 1.6305048338729784, 1.6305048338729784, 1.6305048338729784, 1.6305048338729784, 1.6305048338729784, 1.6305048338729784, 1.6305048338729784, 1.6305048338729784, 1.6532426802273446, 1.6532426802273446, 1.6532426802273446, 1.6532426802273446, 1.6532426802273446, 1.6532426802273446, 1.6532426802273446, 1.6532426802273446, 1.6532426802273446, 1.6532426802273446, 1.6532426802273446], "timestamp": "2025-03-13_23-56-49"}