{"y_max": 1.6514432699284796, "mean_values": [0.9699746119872924, 0.9699746119872924, 1.1364515836132767, 1.1364515836132767, 1.1406335554986216, 1.1406335554986216, 1.2429481585997182, 1.4373458912479689, 1.4373458912479689, 1.4373458912479689, 1.4373458912479689, 1.6517895141811052, 1.6517895141811052, 1.6517895141811052, 1.6517895141811052, 1.6517895141811052, 1.6517895141811052, 1.6517895141811052, 1.6517895141811052, 1.6517895141811052, 1.6517895141811052, 1.6517895141811052, 1.6517895141811052, 1.6517895141811052, 1.6517895141811052, 1.6517895141811052, 1.6517895141811052, 1.6517895141811052, 1.6517895141811052, 1.6517895141811052, 1.6517895141811052, 1.6517895141811052, 1.6517895141811052, 1.6517895141811052], "timestamp": "2025-03-14_00-02-09"}