{"y_max": 1.6514432699284796, "mean_values": [0.7897891310298186, 1.0162854510567823, 1.0162854510567823, 1.1388702702207913, 1.1388702702207913, 1.1486634839074232, 1.2721487797525377, 1.2721487797525377, 1.442444343083066, 1.442444343083066, 1.442444343083066, 1.442444343083066, 1.442444343083066, 1.442444343083066, 1.6422512816172061, 1.6422512816172061, 1.6422512816172061, 1.6422512816172061, 1.6422512816172061, 1.6422512816172061, 1.6422512816172061, 1.6422512816172061, 1.6422512816172061, 1.6422512816172061, 1.6422512816172061, 1.6422512816172061, 1.6422512816172061, 1.6422512816172061, 1.651632763525657, 1.651632763525657, 1.652978888677883, 1.652978888677883, 1.652978888677883, 1.652978888677883, 1.652978888677883, 1.652978888677883, 1.652978888677883, 1.652978888677883], "timestamp": "2025-03-14_01-11-31"}