{"y_max": 1.6514432699284796, "mean_values": [0.9694115480362936, 0.9694115480362936, 1.138399638058859, 1.138399638058859, 1.1414363596741297, 1.2421078957470868, 1.4357675248869646, 1.4357675248869646, 1.4357675248869646, 1.4357675248869646, 1.4357675248869646, 1.4357675248869646, 1.4357675248869646, 1.6504660879096573, 1.6504660879096573, 1.6504660879096573, 1.6504660879096573, 1.6504660879096573, 1.6504660879096573, 1.6504660879096573, 1.6504660879096573, 1.6504660879096573, 1.6504660879096573, 1.6504660879096573, 1.6504660879096573, 1.6504660879096573, 1.6504660879096573, 1.6504660879096573, 1.6504660879096573, 1.6504660879096573, 1.6504660879096573, 1.6504660879096573, 1.653636686489597, 1.653636686489597], "timestamp": "2025-03-13_23-40-20"}