{"y_max": 1.6514432699284796, "mean_values": [0.789708738399582, 0.789708738399582, 1.0397203406033824, 1.1396597289807386, 1.1396597289807386, 1.1524824575094248, 1.2872326317228575, 1.2872326317228575, 1.4397234281332456, 1.4397234281332456, 1.4397234281332456, 1.4397234281332456, 1.628873280263229, 1.628873280263229, 1.628873280263229, 1.628873280263229, 1.628873280263229, 1.628873280263229, 1.628873280263229, 1.628873280263229, 1.628873280263229, 1.628873280263229, 1.628873280263229, 1.628873280263229, 1.6506918026209452, 1.6506918026209452, 1.6506918026209452, 1.6506918026209452, 1.6506918026209452, 1.6506918026209452, 1.6506918026209452, 1.6506918026209452, 1.6506918026209452, 1.6506918026209452, 1.6506918026209452, 1.6506918026209452, 1.6506918026209452], "timestamp": "2025-03-14_00-04-06"}