{"y_max": 1.6514432699284796, "mean_values": [0.788098186671735, 1.0166266990770185, 1.1384653001188474, 1.1473880217444845, 1.1473880217444845, 1.271616279972055, 1.443214091220726, 1.443214091220726, 1.443214091220726, 1.443214091220726, 1.443214091220726, 1.443214091220726, 1.443214091220726, 1.6434679731378645, 1.6434679731378645, 1.6434679731378645, 1.6434679731378645, 1.6434679731378645, 1.6434679731378645, 1.6499882922320168, 1.6499882922320168, 1.6499882922320168, 1.6499882922320168, 1.6499882922320168, 1.6499882922320168, 1.6499882922320168, 1.6499882922320168, 1.6499882922320168, 1.6499882922320168, 1.6499882922320168, 1.6499882922320168, 1.6499882922320168], "timestamp": "2025-03-14_01-09-31"}