{"y_max": 1.6514432699284796, "mean_values": [0.7875373364225701, 1.0179603077423949, 1.0179603077423949, 1.1388176428196792, 1.1457265947190973, 1.1457265947190973, 1.1457265947190973, 1.2725720679958286, 1.310861011328571, 1.6422639815978237, 1.6422639815978237, 1.6422639815978237, 1.6422639815978237, 1.6422639815978237, 1.6422639815978237, 1.6422639815978237, 1.6422639815978237, 1.6422639815978237, 1.6422639815978237, 1.6422639815978237, 1.6422639815978237, 1.6422639815978237, 1.6422639815978237, 1.6422639815978237, 1.6422639815978237, 1.6422639815978237, 1.6422639815978237, 1.6422639815978237, 1.6422639815978237, 1.6422639815978237, 1.6422639815978237, 1.6422639815978237, 1.6422639815978237, 1.6491942944774152, 1.6491942944774152, 1.6491942944774152], "timestamp": "2025-03-14_00-58-57"}