{"y_max": 1.6514432699284796, "mean_values": [0.9688952618975702, 0.9688952618975702, 1.136960221004089, 1.1399399184676684, 1.2433869017289458, 1.437043595160947, 1.437043595160947, 1.437043595160947, 1.437043595160947, 1.437043595160947, 1.437043595160947, 1.652511639972573, 1.652511639972573, 1.652511639972573, 1.652511639972573, 1.652511639972573, 1.652511639972573, 1.652511639972573, 1.652511639972573, 1.652511639972573, 1.652511639972573, 1.652511639972573, 1.652511639972573, 1.652511639972573, 1.652511639972573, 1.652511639972573, 1.652511639972573, 1.652511639972573, 1.652511639972573, 1.652511639972573, 1.652511639972573, 1.652511639972573, 1.652511639972573, 1.652511639972573, 1.652511639972573, 1.652511639972573, 1.652511639972573], "timestamp": "2025-03-14_01-20-45"}