{"y_max": 1.6514432699284796, "mean_values": [0.9697580185322372, 1.1335802301215783, 1.1422467168518504, 1.2296459033132863, 1.4277027462865193, 1.4277027462865193, 1.4277027462865193, 1.4277027462865193, 1.4277027462865193, 1.4277027462865193, 1.4277027462865193, 1.4277027462865193, 1.4277027462865193, 1.6540555179578835, 1.6540555179578835, 1.6540555179578835, 1.6540555179578835, 1.6540555179578835, 1.6540555179578835, 1.6540555179578835, 1.6540555179578835, 1.6540555179578835, 1.6540555179578835, 1.6540555179578835, 1.6540555179578835, 1.6540555179578835, 1.6540555179578835, 1.6540555179578835, 1.6540555179578835, 1.6540555179578835, 1.6540555179578835, 1.6540555179578835, 1.6540555179578835, 1.6540555179578835, 1.6540555179578835, 1.6540555179578835, 1.6540555179578835], "timestamp": "2025-03-13_23-44-13"}