{"y_max": 1.6514432699284796, "mean_values": [0.9693243247870671, 1.1354845897731956, 1.1407344241821906, 1.2299888251325595, 1.426150007620386, 1.426150007620386, 1.426150007620386, 1.426150007620386, 1.426150007620386, 1.426150007620386, 1.426150007620386, 1.426150007620386, 1.426150007620386, 1.426150007620386, 1.426150007620386, 1.426150007620386, 1.4397417728637054, 1.4397417728637054, 1.4397417728637054, 1.4397417728637054, 1.4397417728637054, 1.4397417728637054, 1.652996600982369, 1.652996600982369, 1.652996600982369, 1.652996600982369, 1.652996600982369, 1.652996600982369, 1.652996600982369, 1.652996600982369, 1.652996600982369, 1.652996600982369, 1.654451493378993, 1.654451493378993, 1.654451493378993, 1.654451493378993, 1.654451493378993, 1.654451493378993, 1.654451493378993], "timestamp": "2025-03-14_01-35-38"}