{"y_max": 1.6817229668738747, "mean_values": [0.14529517883505705, 0.39072384891391154, 0.924646907797489, 1.362267020169307, 1.362267020169307, 1.362267020169307, 1.362267020169307, 1.362267020169307, 1.362267020169307, 1.362267020169307, 1.362267020169307, 1.362267020169307, 1.362267020169307, 1.362267020169307, 1.362267020169307, 1.362267020169307, 1.6782573778059726, 1.6782573778059726, 1.6782573778059726, 1.6782573778059726, 1.6782573778059726, 1.6782573778059726, 1.6782573778059726, 1.6782573778059726, 1.6782573778059726, 1.6782573778059726, 1.6782573778059726, 1.6782573778059726, 1.6782573778059726], "timestamp": "2025-03-13_19-15-56"}