{"y_max": 1.6817229668738747, "mean_values": [0.18935997048236006, 0.18935997048236006, 0.5038419389011729, 0.9468919917583521, 1.4606368757729267, 1.4606368757729267, 1.4606368757729267, 1.4606368757729267, 1.4606368757729267, 1.4606368757729267, 1.4606368757729267, 1.4606368757729267, 1.6539917010457845, 1.6539917010457845, 1.6539917010457845, 1.6539917010457845, 1.6539917010457845, 1.6539917010457845, 1.6539917010457845, 1.6539917010457845, 1.6539917010457845, 1.6539917010457845, 1.6539917010457845, 1.6539917010457845, 1.6539917010457845, 1.6539917010457845, 1.6539917010457845, 1.6999196996721115, 1.6999196996721115, 1.6999196996721115, 1.6999196996721115, 1.6999196996721115, 1.6999196996721115, 1.6999196996721115], "timestamp": "2025-03-13_18-50-26"}