{"y_max": 1.6817229668738747, "mean_values": [0.24500765421891588, 0.5631772132318503, 0.5631772132318503, 1.1524648596574734, 1.3888163401316866, 1.3888163401316866, 1.3888163401316866, 1.3888163401316866, 1.3888163401316866, 1.3888163401316866, 1.3888163401316866, 1.3888163401316866, 1.3888163401316866, 1.3888163401316866, 1.3888163401316866, 1.4480151863924755, 1.463819520498423, 1.463819520498423, 1.463819520498423, 1.463819520498423, 1.636314864338449, 1.636314864338449, 1.636314864338449, 1.636314864338449, 1.636314864338449], "timestamp": "2025-03-13_19-12-50"}