{"y_max": 1.6817229668738747, "mean_values": [0.15615951646403425, 0.451817461820708, 0.9566443010004064, 1.2627901034651234, 1.2627901034651234, 1.2627901034651234, 1.2627901034651234, 1.2627901034651234, 1.2627901034651234, 1.2627901034651234, 1.2627901034651234, 1.2627901034651234, 1.2627901034651234, 1.2627901034651234, 1.2627901034651234, 1.3688354267043676, 1.5953305370606712, 1.5953305370606712, 1.5953305370606712, 1.5953305370606712, 1.5953305370606712, 1.5953305370606712, 1.5953305370606712, 1.6338744683657582, 1.6338744683657582], "timestamp": "2025-03-13_19-18-32"}