{"y_max": 1.6817229668738747, "mean_values": [0.13579356008685692, 0.4727224374057168, 0.7406164909269606, 1.118582520936853, 1.3065768899204433, 1.3065768899204433, 1.3065768899204433, 1.3065768899204433, 1.3065768899204433, 1.3065768899204433, 1.3065768899204433, 1.3065768899204433, 1.3065768899204433, 1.3065768899204433, 1.3065768899204433, 1.320755090302382, 1.6446967757386863, 1.6446967757386863, 1.6446967757386863, 1.6446967757386863, 1.6446967757386863, 1.6446967757386863, 1.6446967757386863, 1.6446967757386863, 1.6446967757386863, 1.6446967757386863, 1.6446967757386863, 1.6446967757386863, 1.6446967757386863, 1.686007706130959, 1.686007706130959, 1.7304490301112632, 1.7304490301112632], "timestamp": "2025-03-13_19-14-34"}