{"y_max": 1.6817229668738747, "mean_values": [0.14393809945260785, 0.40078749942980385, 0.9565087812659085, 1.4048819427384192, 1.4048819427384192, 1.4048819427384192, 1.4048819427384192, 1.4048819427384192, 1.4048819427384192, 1.4048819427384192, 1.4048819427384192, 1.4048819427384192, 1.4048819427384192, 1.4048819427384192, 1.4048819427384192, 1.6641473175314994, 1.6641473175314994, 1.6641473175314994, 1.6641473175314994, 1.6641473175314994, 1.6641473175314994, 1.6641473175314994, 1.6641473175314994, 1.6641473175314994, 1.6641473175314994], "timestamp": "2025-03-13_19-10-00"}