{"y_max": 1.6817229668738747, "mean_values": [0.24162631196588713, 0.5651095443153912, 1.1716954385430316, 1.427580925073941, 1.427580925073941, 1.427580925073941, 1.427580925073941, 1.427580925073941, 1.427580925073941, 1.427580925073941, 1.427580925073941, 1.427580925073941, 1.427580925073941, 1.427580925073941, 1.427580925073941, 1.427580925073941, 1.6456084667664095, 1.6456084667664095, 1.6456084667664095, 1.6456084667664095, 1.6456084667664095, 1.6456084667664095, 1.6762338049982195, 1.6762338049982195, 1.6762338049982195, 1.6762338049982195, 1.6762338049982195, 1.6762338049982195], "timestamp": "2025-03-13_20-43-46"}