{"y_max": 1.6817229668738747, "mean_values": [0.16494375248353993, 0.16494375248353993, 0.16494375248353993, 0.589155425954614, 0.589155425954614, 1.1135078619224643, 1.3991997249430266, 1.3991997249430266, 1.3991997249430266, 1.3991997249430266, 1.3991997249430266, 1.3991997249430266, 1.3991997249430266, 1.3991997249430266, 1.6923589558003356, 1.6923589558003356, 1.6923589558003356, 1.6923589558003356, 1.6923589558003356, 1.6923589558003356, 1.6923589558003356, 1.6923589558003356, 1.6923589558003356, 1.6923589558003356, 1.6923589558003356, 1.6923589558003356, 1.6923589558003356, 1.6923589558003356, 1.6923589558003356], "timestamp": "2025-03-13_18-48-56"}