{"y_max": 1.6817229668738747, "mean_values": [0.12248078938071862, 0.12248078938071862, 0.37929365879907057, 0.8414909888241056, 1.4126406010498382, 1.4126406010498382, 1.4126406010498382, 1.4126406010498382, 1.4126406010498382, 1.4126406010498382, 1.4126406010498382, 1.4126406010498382, 1.4126406010498382, 1.4126406010498382, 1.4126406010498382, 1.4126406010498382, 1.660628387739546, 1.660628387739546, 1.660628387739546, 1.660628387739546, 1.660628387739546, 1.660628387739546, 1.660628387739546, 1.660628387739546, 1.6771099086140717, 1.6771099086140717, 1.6771099086140717, 1.6771099086140717, 1.6771099086140717], "timestamp": "2025-03-13_20-40-18"}