{"y_max": 1.6817229668738747, "mean_values": [0.11915160366391228, 0.11915160366391228, 0.11915160366391228, 0.40062826722926626, 1.0033209997438923, 1.4220198773975417, 1.4220198773975417, 1.4220198773975417, 1.4220198773975417, 1.4220198773975417, 1.4220198773975417, 1.4220198773975417, 1.6979555756375746, 1.6979555756375746, 1.6979555756375746, 1.6979555756375746, 1.6979555756375746, 1.6979555756375746, 1.6979555756375746, 1.6979555756375746, 1.6979555756375746, 1.6979555756375746, 1.6979555756375746, 1.6979555756375746, 1.6979555756375746, 1.6979555756375746, 1.6979555756375746, 1.6979555756375746, 1.6979555756375746, 1.6979555756375746, 1.6979555756375746, 1.6979555756375746], "timestamp": "2025-03-13_18-39-17"}