{"y_max": 1.6817229668738747, "mean_values": [0.2578670435986332, 0.6144994581036488, 0.6144994581036488, 0.6144994581036488, 0.6144994581036488, 0.6144994581036488, 1.280583704612001, 1.3633965889865487, 1.3633965889865487, 1.3633965889865487, 1.5934906486417777, 1.5934906486417777, 1.5934906486417777, 1.5934906486417777, 1.5934906486417777, 1.5934906486417777, 1.5934906486417777, 1.5934906486417777, 1.5934906486417777, 1.5934906486417777, 1.5934906486417777, 1.6258253153988846, 1.6258253153988846, 1.6258253153988846, 1.6258253153988846, 1.6258253153988846, 1.6868004803717698, 1.6868004803717698, 1.6868004803717698, 1.6868004803717698, 1.6868004803717698, 1.6868004803717698], "timestamp": "2025-03-13_19-11-34"}