{"y_max": 1.6817229668738747, "mean_values": [0.1291427403847856, 0.35391473445271193, 0.9558018454473988, 1.3832809494616656, 1.3832809494616656, 1.3832809494616656, 1.3832809494616656, 1.3832809494616656, 1.3832809494616656, 1.3832809494616656, 1.3832809494616656, 1.3832809494616656, 1.3832809494616656, 1.3832809494616656, 1.3832809494616656, 1.4682705325935885, 1.6578077561996905, 1.6578077561996905, 1.6578077561996905, 1.6578077561996905, 1.6578077561996905, 1.6578077561996905, 1.6578077561996905, 1.6578077561996905, 1.6578077561996905, 1.6578077561996905, 1.7407420536869198, 1.7407420536869198], "timestamp": "2025-03-13_20-12-05"}