{"y_max": 1.6817229668738747, "mean_values": [0.15768749170597018, 0.15768749170597018, 0.15768749170597018, 0.4277327739191622, 0.8604161809647835, 1.45842414726738, 1.45842414726738, 1.45842414726738, 1.45842414726738, 1.45842414726738, 1.45842414726738, 1.45842414726738, 1.45842414726738, 1.45842414726738, 1.45842414726738, 1.45842414726738, 1.6708918263637607, 1.6708918263637607, 1.6708918263637607, 1.6708918263637607, 1.6708918263637607, 1.6708918263637607, 1.6708918263637607, 1.7212782891853442, 1.7212782891853442, 1.7212782891853442, 1.7212782891853442], "timestamp": "2025-03-13_18-40-25"}