{"y_max": 1.6817229668738747, "mean_values": [0.13007916482698517, 0.13007916482698517, 0.13007916482698517, 0.4147520397303969, 0.4147520397303969, 0.9959134205222809, 1.4177287600106436, 1.4177287600106436, 1.4177287600106436, 1.4177287600106436, 1.4177287600106436, 1.4177287600106436, 1.4177287600106436, 1.4177287600106436, 1.4177287600106436, 1.4177287600106436, 1.5870672947503346, 1.5870672947503346, 1.5870672947503346, 1.5870672947503346, 1.5870672947503346, 1.5870672947503346, 1.5870672947503346, 1.5870672947503346, 1.6188817357183602, 1.6188817357183602, 1.6188817357183602, 1.6188817357183602], "timestamp": "2025-03-13_19-21-24"}