{"y_max": 1.6817229668738747, "mean_values": [0.20366771321392144, 0.4527247784924168, 0.9221041696689519, 1.3764635654241504, 1.3764635654241504, 1.3764635654241504, 1.3764635654241504, 1.3764635654241504, 1.3764635654241504, 1.3764635654241504, 1.3764635654241504, 1.3764635654241504, 1.3764635654241504, 1.3764635654241504, 1.3764635654241504, 1.3764635654241504, 1.6611877056205684, 1.6611877056205684, 1.6611877056205684, 1.6611877056205684, 1.6611877056205684, 1.6611877056205684, 1.6611877056205684, 1.7102317666902327, 1.7102317666902327, 1.7102317666902327, 1.7102317666902327, 1.7102317666902327, 1.7102317666902327, 1.7102317666902327, 1.7102317666902327, 1.7102317666902327, 1.7102317666902327], "timestamp": "2025-03-13_20-16-15"}