{"y_max": 1.6817229668738747, "mean_values": [0.28716133647174014, 0.5218520661449878, 1.130601968791419, 1.4126475957152735, 1.4126475957152735, 1.4126475957152735, 1.4126475957152735, 1.4126475957152735, 1.4126475957152735, 1.4126475957152735, 1.4126475957152735, 1.4126475957152735, 1.4126475957152735, 1.4126475957152735, 1.4126475957152735, 1.4126475957152735, 1.6067285892752434, 1.6067285892752434, 1.6067285892752434, 1.6067285892752434, 1.6067285892752434, 1.6893492868010749, 1.6893492868010749, 1.6893492868010749, 1.6893492868010749, 1.6893492868010749, 1.6893492868010749], "timestamp": "2025-03-13_20-33-58"}