{"y_max": 1.6817229668738747, "mean_values": [0.11147091110757093, 0.11147091110757093, 0.11147091110757093, 0.4130356798577645, 0.4130356798577645, 1.098459384134608, 1.098459384134608, 1.4375790944565674, 1.4375790944565674, 1.4375790944565674, 1.4375790944565674, 1.4375790944565674, 1.4375790944565674, 1.6939406836670683, 1.6939406836670683, 1.6939406836670683, 1.6939406836670683, 1.6939406836670683, 1.6939406836670683, 1.6939406836670683, 1.6939406836670683, 1.6939406836670683, 1.6939406836670683, 1.6939406836670683, 1.6939406836670683, 1.6939406836670683, 1.6939406836670683, 1.6939406836670683, 1.6939406836670683], "timestamp": "2025-03-13_18-41-41"}