{"y_max": 1.6817229668738747, "mean_values": [0.2570939219348661, 0.2570939219348661, 0.2570939219348661, 0.7540913112976904, 0.7540913112976904, 1.318320306714625, 1.318320306714625, 1.318320306714625, 1.318320306714625, 1.318320306714625, 1.318320306714625, 1.318320306714625, 1.3893240777640479, 1.3893240777640479, 1.3893240777640479, 1.3893240777640479, 1.6063478966987308, 1.6063478966987308, 1.6063478966987308, 1.6063478966987308, 1.6063478966987308, 1.6063478966987308, 1.6063478966987308, 1.6063478966987308, 1.7220469619120196, 1.7220469619120196, 1.7220469619120196, 1.7220469619120196, 1.7220469619120196, 1.7220469619120196, 1.7220469619120196, 1.7220469619120196], "timestamp": "2025-03-13_19-40-18"}