{"y_max": 1.6817229668738747, "mean_values": [0.2616254720181474, 0.605075937696927, 1.2502012255944723, 1.3646088678948072, 1.3646088678948072, 1.3646088678948072, 1.3646088678948072, 1.3646088678948072, 1.3646088678948072, 1.3646088678948072, 1.3646088678948072, 1.3646088678948072, 1.3646088678948072, 1.5829210500630244, 1.5829210500630244, 1.5829210500630244, 1.5829210500630244, 1.5829210500630244, 1.5829210500630244, 1.6673733687309056, 1.6673733687309056, 1.6673733687309056, 1.6673733687309056, 1.6673733687309056, 1.6673733687309056, 1.6673733687309056, 1.6673733687309056, 1.6673733687309056, 1.6673733687309056, 1.6673733687309056, 1.6673733687309056, 1.7020308797963457, 1.7020308797963457, 1.7020308797963457], "timestamp": "2025-03-13_20-52-49"}