{"y_max": 1.6817229668738747, "mean_values": [0.16546004692314942, 0.16546004692314942, 0.4748438275949183, 0.4748438275949183, 0.4748438275949183, 1.0543445541725067, 1.0543445541725067, 1.4429883955135405, 1.4429883955135405, 1.4429883955135405, 1.4429883955135405, 1.668747537546844, 1.668747537546844, 1.668747537546844, 1.668747537546844, 1.668747537546844, 1.668747537546844, 1.668747537546844, 1.668747537546844, 1.668747537546844, 1.668747537546844, 1.668747537546844, 1.668747537546844, 1.668747537546844, 1.668747537546844, 1.668747537546844, 1.668747537546844, 1.668747537546844, 1.668747537546844], "timestamp": "2025-03-13_18-58-14"}