{"y_max": 1.6817229668738747, "mean_values": [0.2841267441937802, 0.43247964603341993, 0.43247964603341993, 1.0202228120957901, 1.4005974211029146, 1.4005974211029146, 1.4005974211029146, 1.4005974211029146, 1.4005974211029146, 1.4005974211029146, 1.4005974211029146, 1.4005974211029146, 1.4005974211029146, 1.4005974211029146, 1.4005974211029146, 1.5750438722730349, 1.5750438722730349, 1.5750438722730349, 1.5750438722730349, 1.5750438722730349, 1.5750438722730349, 1.6550342682456123, 1.6550342682456123, 1.6582520544237813, 1.6582520544237813, 1.6582520544237813, 1.6582520544237813], "timestamp": "2025-03-13_19-24-12"}