{"y_max": 1.6514432699284796, "mean_values": [0.7835736171377693, 1.0114564992175716, 1.139330411582639, 1.1437156739679655, 1.2587364048294343, 1.4406233141278753, 1.4406233141278753, 1.4406233141278753, 1.4406233141278753, 1.4406233141278753, 1.4406233141278753, 1.4406233141278753, 1.6351017713826361, 1.6351017713826361, 1.6351017713826361, 1.6351017713826361, 1.6351017713826361, 1.6351017713826361, 1.6520729406682388, 1.6533626212728676, 1.6533626212728676, 1.6533626212728676, 1.6533626212728676, 1.6533626212728676, 1.6533626212728676, 1.6533626212728676, 1.654297250048321, 1.654297250048321, 1.654297250048321, 1.654297250048321], "timestamp": "2025-03-14_04-33-40"}