{"y_max": 1.6514432699284796, "mean_values": [0.7465485898698457, 1.0046824163052548, 1.139318164501565, 1.1444536542066008, 1.2635892250946914, 1.4402178458222339, 1.4402178458222339, 1.4402178458222339, 1.4402178458222339, 1.4402178458222339, 1.4402178458222339, 1.4402178458222339, 1.634861861548584, 1.634861861548584, 1.634861861548584, 1.634861861548584, 1.634861861548584, 1.634861861548584, 1.6509068746588949, 1.6548400422639795, 1.6548400422639795, 1.6548400422639795, 1.6548400422639795, 1.6548400422639795, 1.6548400422639795, 1.6548400422639795, 1.6548400422639795, 1.6548400422639795, 1.6548400422639795, 1.6548400422639795], "timestamp": "2025-03-14_01-38-56"}