{"y_max": 1.6514432699284796, "mean_values": [0.9810019160732731, 1.1347179919597583, 1.1386195505388867, 1.227613469401744, 1.4246956594210518, 1.4246956594210518, 1.4246956594210518, 1.4246956594210518, 1.42703484932058, 1.42703484932058, 1.42703484932058, 1.42703484932058, 1.42703484932058, 1.6535697823240993, 1.6535697823240993, 1.6535697823240993, 1.6535697823240993, 1.6535697823240993, 1.6535697823240993, 1.6535697823240993, 1.6535697823240993, 1.6535697823240993, 1.6535697823240993, 1.6552689983893816, 1.6552689983893816, 1.6552689983893816, 1.6552689983893816, 1.6552689983893816, 1.6552689983893816, 1.6552689983893816], "timestamp": "2025-03-14_01-08-30"}