{"y_max": 1.6514432699284796, "mean_values": [0.7229430696799246, 0.997319596439714, 1.1410489407904656, 1.1450242987386772, 1.2629119281193035, 1.4412447866403941, 1.4412447866403941, 1.4412447866403941, 1.4412447866403941, 1.4412447866403941, 1.4412447866403941, 1.4412447866403941, 1.6385654808918293, 1.6385654808918293, 1.6385654808918293, 1.6385654808918293, 1.6385654808918293, 1.6385654808918293, 1.653620625668294, 1.653620625668294, 1.653620625668294, 1.653620625668294, 1.653620625668294, 1.653620625668294, 1.653620625668294, 1.653620625668294, 1.653620625668294, 1.653620625668294, 1.653620625668294, 1.653620625668294], "timestamp": "2025-03-14_03-32-24"}