{"y_max": 1.6514432699284796, "mean_values": [0.7554041505744983, 1.0079308556159852, 1.1387481336304437, 1.1450600898818766, 1.2667742442469325, 1.4415234422468626, 1.4415234422468626, 1.4415234422468626, 1.4415234422468626, 1.4415234422468626, 1.4415234422468626, 1.4415234422468626, 1.6314319977538465, 1.6314319977538465, 1.6314319977538465, 1.6314319977538465, 1.6347762455326345, 1.6347762455326345, 1.6347762455326345, 1.6510375786445228, 1.6538510505143986, 1.6538510505143986, 1.6538510505143986, 1.6538510505143986, 1.6538510505143986, 1.6538510505143986, 1.6538510505143986, 1.6538510505143986, 1.6538510505143986, 1.6538510505143986], "timestamp": "2025-03-14_00-51-04"}