{"y_max": 1.6514432699284796, "mean_values": [0.6998094990419992, 0.999154509832115, 1.1385959022743908, 1.1437658210505697, 1.2624337005576922, 1.442287618535057, 1.442287618535057, 1.442287618535057, 1.442287618535057, 1.442287618535057, 1.442287618535057, 1.442287618535057, 1.442287618535057, 1.6356240873186543, 1.6356240873186543, 1.6356240873186543, 1.6356240873186543, 1.6356240873186543, 1.6356240873186543, 1.6530026245972436, 1.654890583037423, 1.654890583037423, 1.654890583037423, 1.654890583037423, 1.654890583037423, 1.654890583037423, 1.654890583037423, 1.654890583037423, 1.654890583037423, 1.654890583037423], "timestamp": "2025-03-14_01-17-04"}