{"y_max": 1.6514432699284796, "mean_values": [0.8021567314260987, 1.018769878440813, 1.138761983979666, 1.1453938005708926, 1.2645235863387847, 1.439923317352925, 1.439923317352925, 1.439923317352925, 1.439923317352925, 1.439923317352925, 1.439923317352925, 1.439923317352925, 1.439923317352925, 1.62582018043801, 1.62582018043801, 1.62582018043801, 1.62582018043801, 1.6415607106681986, 1.6415607106681986, 1.6539579267306757, 1.6539579267306757, 1.6539579267306757, 1.6539579267306757, 1.6539579267306757, 1.6539579267306757, 1.6539579267306757, 1.6539579267306757, 1.6539579267306757, 1.6539579267306757, 1.6539579267306757], "timestamp": "2025-03-14_01-04-12"}