{"y_max": 1.6514432699284796, "mean_values": [0.7658248849420634, 1.0107570463639088, 1.1382397260165118, 1.1443899014621581, 1.263203398369774, 1.4415498414626904, 1.4415498414626904, 1.4415498414626904, 1.4415498414626904, 1.4415498414626904, 1.4415498414626904, 1.4415498414626904, 1.6357035658876142, 1.6357035658876142, 1.6357035658876142, 1.6357035658876142, 1.6357035658876142, 1.6357035658876142, 1.6530395322623543, 1.6541726683531457, 1.6541726683531457, 1.6541726683531457, 1.6541726683531457, 1.6541726683531457, 1.6541726683531457, 1.6541726683531457, 1.6541726683531457, 1.6541726683531457, 1.6541726683531457, 1.6541726683531457], "timestamp": "2025-03-14_03-41-11"}