{"y_max": 1.6514432699284796, "mean_values": [0.8003608500106547, 1.0181312440166832, 1.1405371458984424, 1.144913091520011, 1.2648323207245638, 1.440839344939447, 1.440839344939447, 1.440839344939447, 1.440839344939447, 1.440839344939447, 1.440839344939447, 1.440839344939447, 1.6269175299203034, 1.6269175299203034, 1.6269175299203034, 1.6269175299203034, 1.6413625843703503, 1.6413625843703503, 1.6507105968440277, 1.6507105968440277, 1.6536489369008245, 1.6536489369008245, 1.6536489369008245, 1.6536489369008245, 1.6536489369008245, 1.6536489369008245, 1.6536489369008245, 1.6536489369008245, 1.6536489369008245, 1.6536489369008245], "timestamp": "2025-03-14_02-31-19"}