{"y_max": 1.6514432699284796, "mean_values": [0.8035496632256096, 1.019099197496451, 1.138029326023042, 1.1455923070209324, 1.2653197780988887, 1.4419474717262992, 1.4419474717262992, 1.4419474717262992, 1.4419474717262992, 1.4419474717262992, 1.4419474717262992, 1.4419474717262992, 1.4419474717262992, 1.625360674495326, 1.625360674495326, 1.625360674495326, 1.625360674495326, 1.6414152136367575, 1.6414152136367575, 1.6507704335625597, 1.6507704335625597, 1.6531060145179497, 1.6531060145179497, 1.6531060145179497, 1.6531060145179497, 1.6531060145179497, 1.6531060145179497, 1.6531060145179497, 1.6531060145179497, 1.6531060145179497], "timestamp": "2025-03-14_02-00-42"}