{"y_max": 1.6514432699284796, "mean_values": [0.8147899500410136, 1.0176205169734276, 1.1393388542953018, 1.1448212508058297, 1.2589025330739076, 1.440337623338211, 1.440337623338211, 1.440337623338211, 1.440337623338211, 1.440337623338211, 1.440337623338211, 1.440337623338211, 1.440337623338211, 1.6399360840240624, 1.6399360840240624, 1.6399360840240624, 1.6399360840240624, 1.6399360840240624, 1.6399360840240624, 1.6526692776427818, 1.6526692776427818, 1.6526692776427818, 1.6526692776427818, 1.6526692776427818, 1.6529770550501253, 1.6529770550501253, 1.6529770550501253, 1.6529770550501253, 1.6529770550501253, 1.6529770550501253], "timestamp": "2025-03-14_03-01-40"}