{"y_max": 1.6514432699284796, "mean_values": [0.7738716838029067, 1.0103431754520344, 1.1417944399816533, 1.1467770285461347, 1.2633407422019232, 1.4424198214537352, 1.4424198214537352, 1.4424198214537352, 1.4424198214537352, 1.4424198214537352, 1.4424198214537352, 1.4424198214537352, 1.6372894901056603, 1.6372894901056603, 1.6372894901056603, 1.6372894901056603, 1.6372894901056603, 1.6372894901056603, 1.6372894901056603, 1.6522299662226054, 1.6551813390837455, 1.6551813390837455, 1.6551813390837455, 1.6551813390837455, 1.6551813390837455, 1.6551813390837455, 1.6551813390837455, 1.6551813390837455, 1.6551813390837455, 1.6551813390837455], "timestamp": "2025-03-15_17-02-26"}