{"y_max": 1.6514432699284796, "mean_values": [0.7343993968104955, 1.005989664040608, 1.1404234870742016, 1.1442516058569818, 1.2633500540578693, 1.4414334601911063, 1.4414334601911063, 1.4414334601911063, 1.4414334601911063, 1.4414334601911063, 1.4414334601911063, 1.4414334601911063, 1.6297781778355278, 1.6297781778355278, 1.6297781778355278, 1.6297781778355278, 1.6361505934047063, 1.6361505934047063, 1.6513984437356652, 1.6533824165828572, 1.6533824165828572, 1.6533824165828572, 1.6533824165828572, 1.6533824165828572, 1.6533824165828572, 1.6533824165828572, 1.6533824165828572, 1.6533824165828572, 1.6533824165828572, 1.6533824165828572], "timestamp": "2025-03-14_04-55-36"}