{"y_max": 1.6514432699284796, "mean_values": [0.7521073464051722, 1.0065731873995165, 1.1403531235121216, 1.1421478660871192, 1.2640370105041634, 1.4430977972365613, 1.4430977972365613, 1.4430977972365613, 1.4430977972365613, 1.4430977972365613, 1.4430977972365613, 1.4430977972365613, 1.632521379798376, 1.632521379798376, 1.632521379798376, 1.632521379798376, 1.6364997480750938, 1.6364997480750938, 1.6527858164768254, 1.6534529911305804, 1.6534529911305804, 1.6534529911305804, 1.6534529911305804, 1.6534529911305804, 1.6534529911305804, 1.6534529911305804, 1.6534529911305804, 1.6534529911305804, 1.6534529911305804, 1.6534529911305804], "timestamp": "2025-03-14_02-39-52"}