{"y_max": 1.6514432699284796, "mean_values": [0.8351693662514128, 1.0247744260051872, 1.1375592529328709, 1.1454472998769392, 1.2638206693775893, 1.4412429655924754, 1.4412429655924754, 1.4412429655924754, 1.4412429655924754, 1.4412429655924754, 1.4412429655924754, 1.4412429655924754, 1.4412429655924754, 1.4412429655924754, 1.6339302768513955, 1.6339302768513955, 1.6339302768513955, 1.6339302768513955, 1.6354102944952342, 1.6354102944952342, 1.6510159025312887, 1.652881116480033, 1.652881116480033, 1.652881116480033, 1.652881116480033, 1.652881116480033, 1.652881116480033, 1.652881116480033, 1.652881116480033, 1.652881116480033], "timestamp": "2025-03-14_01-25-49"}