{"y_max": 1.6514432699284796, "mean_values": [0.8045452202453663, 1.017799217027421, 1.1398746955661558, 1.1458870033042647, 1.2638051426792758, 1.4409552538023243, 1.4409552538023243, 1.4409552538023243, 1.4409552538023243, 1.4409552538023243, 1.4409552538023243, 1.4409552538023243, 1.4409552538023243, 1.6247498365611035, 1.6247498365611035, 1.6247498365611035, 1.6247498365611035, 1.6418871586676684, 1.6418871586676684, 1.6518965219724062, 1.6518965219724062, 1.6521898104869006, 1.6521898104869006, 1.6526619184938234, 1.6526619184938234, 1.6526619184938234, 1.6526619184938234, 1.6526619184938234, 1.6526619184938234, 1.6526619184938234], "timestamp": "2025-03-14_05-30-26"}