{"y_max": 1.6514432699284796, "mean_values": [0.814094966765918, 1.0178669371162572, 1.137426129780299, 1.1437691309123628, 1.2612331811080877, 1.4391054610237917, 1.4391054610237917, 1.4391054610237917, 1.4391054610237917, 1.4391054610237917, 1.4391054610237917, 1.4391054610237917, 1.4391054610237917, 1.6372933633800546, 1.6372933633800546, 1.6372933633800546, 1.6372933633800546, 1.6372933633800546, 1.6372933633800546, 1.6517526436736136, 1.6526982153006928, 1.6526982153006928, 1.6526982153006928, 1.6526982153006928, 1.6526982153006928, 1.6526982153006928, 1.6526982153006928, 1.6527789336678265, 1.6527789336678265, 1.6527789336678265], "timestamp": "2025-03-14_00-20-34"}