{"y_max": 1.6514432699284796, "mean_values": [0.8039073749452322, 1.0179609486407408, 1.1402612849980223, 1.1448082777676383, 1.264175778088056, 1.4411945833274724, 1.4411945833274724, 1.4411945833274724, 1.4411945833274724, 1.4411945833274724, 1.4411945833274724, 1.4411945833274724, 1.4411945833274724, 1.6233056932116134, 1.6233056932116134, 1.6233056932116134, 1.6233056932116134, 1.641547434244845, 1.641547434244845, 1.651749709405021, 1.651749709405021, 1.651749709405021, 1.651749709405021, 1.6523231862400947, 1.6525991216298748, 1.6525991216298748, 1.6525991216298748, 1.6525991216298748, 1.6525991216298748, 1.6525991216298748], "timestamp": "2025-03-14_00-55-28"}