{"y_max": 1.6514432699284796, "mean_values": [0.7308765310625596, 1.0063997272808811, 1.1400810851882235, 1.1454410340814163, 1.2640283584028036, 1.4430458682101028, 1.4430458682101028, 1.4430458682101028, 1.4430458682101028, 1.4430458682101028, 1.4430458682101028, 1.4430458682101028, 1.6330536284261195, 1.6330536284261195, 1.6330536284261195, 1.6330536284261195, 1.6347819139444886, 1.6347819139444886, 1.6532668798204502, 1.6546336712892546, 1.6546336712892546, 1.6546336712892546, 1.6546336712892546, 1.6546336712892546, 1.6546336712892546, 1.6546336712892546, 1.6546336712892546, 1.6546336712892546, 1.6546336712892546, 1.6546336712892546], "timestamp": "2025-03-14_05-56-45"}