{"y_max": 1.6514432699284796, "mean_values": [0.9583004999673471, 1.1371682499752882, 1.1404365575982407, 1.223907922073273, 1.4208309734163656, 1.4208309734163656, 1.4208309734163656, 1.4343510998484736, 1.4393477343116892, 1.4393477343116892, 1.4432699175122983, 1.4432699175122983, 1.4432699175122983, 1.4432699175122983, 1.4432699175122983, 1.4432699175122983, 1.4432699175122983, 1.4432699175122983, 1.4432699175122983, 1.4432699175122983, 1.4432699175122983, 1.4432699175122983, 1.4432699175122983, 1.4432699175122983, 1.4432699175122983, 1.4432699175122983, 1.4432699175122983, 1.4432699175122983, 1.4432699175122983, 1.4432699175122983], "timestamp": "2025-03-14_04-51-10"}