{"y_max": 1.6817229668738747, "mean_values": [0.12985851832330556, 0.4126769535006486, 0.8651405304215397, 1.3511836355514215, 1.3511836355514215, 1.3511836355514215, 1.4605063122342152, 1.4722479683205658, 1.4722479683205658, 1.4722479683205658, 1.4722479683205658, 1.4722479683205658, 1.4722479683205658, 1.4722479683205658, 1.4722479683205658, 1.4722479683205658, 1.4722479683205658, 1.4722479683205658, 1.4722479683205658, 1.4722479683205658], "timestamp": "2025-03-13_11-49-08"}