{"y_max": 1.6817229668738747, "mean_values": [0.17436233232894513, 0.47082628317402075, 1.0953462494273363, 1.4768125519853181, 1.4768125519853181, 1.4768125519853181, 1.4768125519853181, 1.4768125519853181, 1.4768125519853181, 1.4824110409795044, 1.4824110409795044, 1.4824110409795044, 1.4824110409795044, 1.4824110409795044, 1.4824110409795044, 1.4824110409795044, 1.4824110409795044, 1.4824110409795044, 1.4824110409795044, 1.4824110409795044], "timestamp": "2025-03-13_10-41-38"}