{"y_max": 1.6817229668738747, "mean_values": [0.2591456943193863, 0.5852942320956506, 1.1035352646664842, 1.4568747518491467, 1.4568747518491467, 1.4568747518491467, 1.4568747518491467, 1.4568747518491467, 1.4568747518491467, 1.4568747518491467, 1.4568747518491467, 1.4568747518491467, 1.4568747518491467, 1.4568747518491467, 1.4568747518491467, 1.4568747518491467, 1.4568747518491467, 1.4568747518491467, 1.464222592474476, 1.464222592474476], "timestamp": "2025-03-13_12-05-47"}