{"y_max": 1.6817229668738747, "mean_values": [0.2534699662588006, 0.525502106132158, 1.0761774236462456, 1.3813109653261035, 1.3813109653261035, 1.3813109653261035, 1.3934356252739546, 1.395124121200308, 1.395124121200308, 1.436403215457824, 1.4590121381039929, 1.4590121381039929, 1.4590121381039929, 1.4590121381039929, 1.4590121381039929, 1.482677769528855, 1.482677769528855, 1.4888511637214712, 1.4888511637214712, 1.4888511637214712], "timestamp": "2025-03-13_12-04-49"}