{"y_max": 1.6817229668738747, "mean_values": [0.1356699085238121, 0.409874140008051, 0.8623146055398262, 1.351200250213551, 1.351200250213551, 1.351200250213551, 1.351200250213551, 1.391150542047489, 1.424251647056748, 1.424251647056748, 1.424251647056748, 1.424251647056748, 1.424251647056748, 1.424251647056748, 1.4242645018911542, 1.4242645018911542, 1.4242645018911542, 1.4242645018911542, 1.4617313589286054, 1.4617313589286054], "timestamp": "2025-03-13_11-54-30"}