{"y_max": 1.6817229668738747, "mean_values": [0.26460655026840485, 0.5924760482418304, 1.0635332865515708, 1.4227071739774038, 1.4227071739774038, 1.4227071739774038, 1.4227071739774038, 1.4227071739774038, 1.4227071739774038, 1.4227071739774038, 1.4442109360115518, 1.4442109360115518, 1.4442109360115518, 1.4442109360115518, 1.4442109360115518, 1.4442109360115518, 1.4442109360115518, 1.4442109360115518, 1.4442109360115518, 1.4442109360115518], "timestamp": "2025-03-13_10-45-16"}