{"y_max": 1.6817229668738747, "mean_values": [0.24390490233983533, 0.6137095203376358, 1.0373745739187314, 1.396933592909124, 1.396933592909124, 1.396933592909124, 1.45786032485467, 1.45786032485467, 1.45786032485467, 1.45786032485467, 1.45786032485467, 1.45786032485467, 1.45786032485467, 1.45786032485467, 1.45786032485467, 1.45786032485467, 1.45786032485467, 1.4595282197195971, 1.4595282197195971, 1.4595282197195971], "timestamp": "2025-03-13_11-23-03"}