{"y_max": 1.6817229668738747, "mean_values": [0.16464491037418383, 0.5283002238646651, 1.1215997645099365, 1.4306735518241778, 1.4306735518241778, 1.4306735518241778, 1.4306735518241778, 1.4306735518241778, 1.463986011218895, 1.463986011218895, 1.463986011218895, 1.463986011218895, 1.463986011218895, 1.463986011218895, 1.463986011218895, 1.463986011218895, 1.463986011218895, 1.463986011218895, 1.463986011218895, 1.463986011218895], "timestamp": "2025-03-13_10-47-58"}