{"y_max": 1.6817229668738747, "mean_values": [0.2169192551718264, 0.5771556582583305, 1.0850568010604527, 1.4435576707049993, 1.4435576707049993, 1.4435576707049993, 1.4435576707049993, 1.4435576707049993, 1.4435576707049993, 1.4435576707049993, 1.4435576707049993, 1.4435576707049993, 1.4435576707049993, 1.4435576707049993, 1.4435576707049993, 1.4550296569552141, 1.4550296569552141, 1.4550296569552141, 1.4550296569552141, 1.4550296569552141], "timestamp": "2025-03-13_12-01-07"}