{"y_max": 1.6817229668738747, "mean_values": [0.20048451632255077, 0.5293282812038561, 1.1450345199193526, 1.4361094490024746, 1.4361094490024746, 1.4361094490024746, 1.4361094490024746, 1.4361094490024746, 1.4361094490024746, 1.4361094490024746, 1.4361094490024746, 1.4361094490024746, 1.4361094490024746, 1.4361094490024746, 1.4361094490024746, 1.4361094490024746, 1.4361094490024746, 1.4361094490024746, 1.4403881238855825, 1.4403881238855825], "timestamp": "2025-03-13_10-59-24"}