{"y_max": 1.6817229668738747, "mean_values": [0.12368248348482075, 0.34731379258329437, 0.8172853818855159, 1.3742013246264073, 1.3742013246264073, 1.3742013246264073, 1.3875365202655012, 1.3875365202655012, 1.4022766359839571, 1.4022766359839571, 1.4022766359839571, 1.442755707780454, 1.442755707780454, 1.446271637734561, 1.446271637734561, 1.446271637734561, 1.446271637734561, 1.446271637734561, 1.446271637734561, 1.446271637734561], "timestamp": "2025-03-13_12-00-13"}