{"y_max": 1.6817229668738747, "mean_values": [0.1288653686735741, 0.3195639652474089, 0.7952988196071292, 1.2596511414636125, 1.3266917211220735, 1.3266917211220735, 1.4275320778899392, 1.4275320778899392, 1.4275320778899392, 1.483637111490566, 1.483637111490566, 1.483637111490566, 1.483637111490566, 1.483637111490566, 1.483637111490566, 1.483637111490566, 1.483637111490566, 1.483637111490566, 1.483637111490566, 1.483637111490566], "timestamp": "2025-03-13_11-21-12"}