{"y_max": 1.6817229668738747, "mean_values": [0.23935981722858485, 0.57688549649723, 1.1785622109490934, 1.4262722294393029, 1.4262722294393029, 1.4262722294393029, 1.4262722294393029, 1.4294862537429442, 1.4294862537429442, 1.4294862537429442, 1.4294862537429442, 1.4294862537429442, 1.4294862537429442, 1.4294862537429442, 1.4402559610780021, 1.4447722252983348, 1.4447722252983348, 1.4447722252983348, 1.4447722252983348, 1.4447722252983348], "timestamp": "2025-03-13_11-14-31"}