{"y_max": 1.6817229668738747, "mean_values": [0.195207418472258, 0.5506020367351152, 1.11154455026277, 1.463589377276697, 1.463589377276697, 1.463589377276697, 1.463589377276697, 1.463589377276697, 1.463589377276697, 1.463589377276697, 1.463589377276697, 1.463589377276697, 1.463589377276697, 1.463589377276697, 1.463589377276697, 1.463589377276697, 1.463589377276697, 1.463589377276697, 1.463589377276697, 1.463589377276697], "timestamp": "2025-03-13_10-40-43"}