{"y_max": 1.6817229668738747, "mean_values": [0.2451642015137157, 0.5324141617208509, 1.0517928842729252, 1.4710929212033128, 1.4710929212033128, 1.4710929212033128, 1.4710929212033128, 1.4710929212033128, 1.4710929212033128, 1.4710929212033128, 1.4710929212033128, 1.4710929212033128, 1.4710929212033128, 1.4710929212033128, 1.4710929212033128, 1.4710929212033128, 1.4710929212033128, 1.4710929212033128, 1.4710929212033128, 1.4710929212033128], "timestamp": "2025-03-13_10-54-35"}