{"y_max": 1.6817229668738747, "mean_values": [0.25910648322299845, 0.6287273823056878, 1.1199974299246929, 1.3916330351024953, 1.3916330351024953, 1.3916330351024953, 1.4196690095399838, 1.4196690095399838, 1.5123238271508004, 1.5123238271508004, 1.5123238271508004, 1.5123238271508004, 1.5123238271508004, 1.5123238271508004, 1.5123238271508004, 1.5123238271508004, 1.5123238271508004, 1.5123238271508004, 1.5123238271508004, 1.5123238271508004], "timestamp": "2025-03-13_10-50-44"}