{"y_max": 1.6817229668738747, "mean_values": [0.2642680545638505, 0.6210418462563302, 1.0431056813127613, 1.3688489787534588, 1.3688489787534588, 1.3688489787534588, 1.4105680225805768, 1.4105680225805768, 1.4105680225805768, 1.4146488967867756, 1.4288133225776083, 1.4288133225776083, 1.4570890670374863, 1.4570890670374863, 1.4570890670374863, 1.4570890670374863, 1.4570890670374863, 1.4570890670374863, 1.4570890670374863, 1.4570890670374863], "timestamp": "2025-03-13_11-28-50"}