{"y_max": 1.6817229668738747, "mean_values": [0.16566030312893065, 0.5005835356246431, 1.1176024446646042, 1.5104679202031088, 1.5104679202031088, 1.5104679202031088, 1.5104679202031088, 1.5104679202031088, 1.5104679202031088, 1.5104679202031088, 1.5104679202031088, 1.5104679202031088, 1.5104679202031088, 1.5104679202031088, 1.5104679202031088, 1.5104679202031088, 1.5104679202031088, 1.5104679202031088, 1.5104679202031088, 1.5104679202031088], "timestamp": "2025-03-13_11-35-22"}