{"y_max": 1.6817229668738747, "mean_values": [0.1378881391849007, 0.4365890282397714, 0.881697654845017, 1.3879052446382167, 1.3879052446382167, 1.3879052446382167, 1.4028542480726283, 1.478355650353171, 1.478355650353171, 1.478355650353171, 1.478355650353171, 1.478355650353171, 1.478355650353171, 1.478355650353171, 1.478355650353171, 1.478355650353171, 1.478355650353171, 1.478355650353171, 1.478355650353171, 1.478355650353171], "timestamp": "2025-03-13_11-46-26"}