{"y_max": 1.6817229668738747, "mean_values": [0.3056357929902855, 0.6187585016625107, 1.1638081541787964, 1.3798309551858, 1.3798309551858, 1.3798309551858, 1.4166424865859402, 1.4166424865859402, 1.4522983561893887, 1.4522983561893887, 1.4522983561893887, 1.4522983561893887, 1.4522983561893887, 1.4522983561893887, 1.4522983561893887, 1.4522983561893887, 1.4522983561893887, 1.4522983561893887, 1.4522983561893887, 1.4522983561893887], "timestamp": "2025-03-13_11-04-05"}