{"y_max": 1.6817229668738747, "mean_values": [0.21925363042354523, 0.5463151782094822, 1.1332079129504544, 1.382777343959581, 1.382777343959581, 1.382777343959581, 1.4421655649446763, 1.4421655649446763, 1.4421655649446763, 1.4486326036229782, 1.4486326036229782, 1.4610969994011618, 1.4610969994011618, 1.4610969994011618, 1.4610969994011618, 1.4610969994011618, 1.4610969994011618, 1.4610969994011618, 1.4610969994011618, 1.4610969994011618], "timestamp": "2025-03-13_11-41-53"}