{"y_max": 1.6817229668738747, "mean_values": [0.2272268648645225, 0.5493751073965635, 1.127421441763913, 1.3888123945948472, 1.3888123945948472, 1.3888123945948472, 1.43486740581677, 1.43486740581677, 1.4633444166015608, 1.4633444166015608, 1.4633444166015608, 1.4633444166015608, 1.4633444166015608, 1.4633444166015608, 1.4633444166015608, 1.4633444166015608, 1.4633444166015608, 1.4633444166015608, 1.4633444166015608, 1.4633444166015608], "timestamp": "2025-03-13_11-34-27"}