{"y_max": 1.6817229668738747, "mean_values": [0.16360007743271843, 0.4930897935992272, 1.0900787936707228, 1.370663260289128, 1.370663260289128, 1.370663260289128, 1.4241857716440374, 1.4368668526184711, 1.4368668526184711, 1.4368668526184711, 1.4368668526184711, 1.4368668526184711, 1.4368668526184711, 1.4866917700270568, 1.4866917700270568, 1.4866917700270568, 1.4866917700270568, 1.4866917700270568, 1.4866917700270568, 1.4866917700270568], "timestamp": "2025-03-13_11-18-21"}