{"y_max": 1.6817229668738747, "mean_values": [0.20441109731837012, 0.5512196871974474, 1.131214000607124, 1.4095318286048788, 1.4095318286048788, 1.4095318286048788, 1.4103194989768064, 1.4450320349467005, 1.4472934079786426, 1.4472934079786426, 1.4472934079786426, 1.4472934079786426, 1.4472934079786426, 1.4472934079786426, 1.4472934079786426, 1.4472934079786426, 1.4472934079786426, 1.4472934079786426, 1.4472934079786426, 1.4472934079786426], "timestamp": "2025-03-13_11-31-39"}