{"y_max": 1.6817229668738747, "mean_values": [0.12698698187567953, 0.39078772810901286, 0.8720642642779735, 1.4375637751496357, 1.4375637751496357, 1.4375637751496357, 1.4375637751496357, 1.4375637751496357, 1.4375637751496357, 1.4375637751496357, 1.4375637751496357, 1.4482601803253357, 1.4482601803253357, 1.4482601803253357, 1.4482601803253357, 1.4482601803253357, 1.4482601803253357, 1.4482601803253357, 1.4482601803253357, 1.4482601803253357], "timestamp": "2025-03-13_11-00-20"}