{"y_max": 1.6817229668738747, "mean_values": [0.2323259293792461, 0.6025677378215535, 1.1168387963766775, 1.4354156174209824, 1.4354156174209824, 1.4354156174209824, 1.4354156174209824, 1.4354156174209824, 1.4354156174209824, 1.5109603269831815, 1.5109603269831815, 1.5109603269831815, 1.5109603269831815, 1.5109603269831815, 1.5109603269831815, 1.5109603269831815, 1.5109603269831815, 1.5109603269831815, 1.5109603269831815, 1.5109603269831815], "timestamp": "2025-03-13_11-10-40"}