{"y_max": 1.6817229668738747, "mean_values": [0.2545015641715911, 0.551205970289747, 1.0764475313064734, 1.4774460306843866, 1.4774460306843866, 1.4774460306843866, 1.4774460306843866, 1.481085363820489, 1.481085363820489, 1.481085363820489, 1.481085363820489, 1.481085363820489, 1.481085363820489, 1.481085363820489, 1.481085363820489, 1.481085363820489, 1.481085363820489, 1.481085363820489, 1.481085363820489, 1.481085363820489], "timestamp": "2025-03-13_11-24-03"}