{"y_max": 1.6817229668738747, "mean_values": [0.23852675768267684, 0.5508742791557742, 1.059765188521623, 1.4331319205486617, 1.4331319205486617, 1.4331319205486617, 1.4331319205486617, 1.4331319205486617, 1.4331319205486617, 1.4331319205486617, 1.4331319205486617, 1.4331319205486617, 1.4331319205486617, 1.4331319205486617, 1.4331319205486617, 1.4368931810194656, 1.4368931810194656, 1.4368931810194656, 1.4368931810194656, 1.4368931810194656], "timestamp": "2025-03-13_10-55-33"}