{"y_max": 1.6817229668738747, "mean_values": [0.218359854530175, 0.5602905194825523, 1.074947762443422, 1.3918127588469091, 1.3918127588469091, 1.3918127588469091, 1.3918127588469091, 1.4079325200566513, 1.4079325200566513, 1.48105504908315, 1.48105504908315, 1.48105504908315, 1.48105504908315, 1.48105504908315, 1.48105504908315, 1.48105504908315, 1.48105504908315, 1.48105504908315, 1.48105504908315, 1.48105504908315], "timestamp": "2025-03-13_11-13-35"}