{"y_max": 1.6817229668738747, "mean_values": [0.1781837253279796, 0.5035626729278962, 1.1377086004216002, 1.3638165002551463, 1.3638165002551463, 1.3638165002551463, 1.4055874739671854, 1.4055874739671854, 1.4055874739671854, 1.471288357369504, 1.471288357369504, 1.471288357369504, 1.471288357369504, 1.471288357369504, 1.471288357369504, 1.471288357369504, 1.471288357369504, 1.471288357369504, 1.471288357369504, 1.471288357369504], "timestamp": "2025-03-13_11-27-54"}