{"y_max": 1.6817229668738747, "mean_values": [0.2414258240382796, 0.5682799449587124, 1.1232068922219434, 1.3945363607384598, 1.3945363607384598, 1.3945363607384598, 1.3945363607384598, 1.428749267804579, 1.4414568291829413, 1.4414568291829413, 1.4414568291829413, 1.4414568291829413, 1.4535223397444739, 1.466521508396608, 1.466521508396608, 1.466521508396608, 1.466521508396608, 1.4808841454059436, 1.4808841454059436, 1.4808841454059436], "timestamp": "2025-03-13_11-06-53"}