{"y_max": 1.6514432699284796, "mean_values": [0.9342720127732074, 0.9342720127732074, 0.9342720127732074, 0.9342720127732074, 1.0422868423222047, 1.129902916217617, 1.129902916217617, 1.129902916217617, 1.129902916217617, 1.248739473379564, 1.3912921551680077, 1.3912921551680077, 1.603046699634483, 1.603046699634483, 1.603046699634483, 1.603046699634483, 1.603046699634483, 1.603046699634483, 1.603046699634483, 1.603046699634483, 1.603046699634483, 1.603046699634483, 1.603046699634483, 1.603046699634483, 1.6284512186411024, 1.6284512186411024, 1.6284512186411024, 1.6284512186411024, 1.6284512186411024, 1.6284512186411024, 1.6284512186411024, 1.6284512186411024, 1.6284512186411024, 1.6284512186411024, 1.6284512186411024, 1.6284512186411024, 1.6284512186411024, 1.6284512186411024, 1.6284512186411024, 1.6284512186411024], "timestamp": "2025-03-13_14-21-41"}