{"y_max": 1.6514432699284796, "mean_values": [0.7998052679228131, 1.0055241340365424, 1.1582515131668298, 1.1582515131668298, 1.1582515131668298, 1.1582515131668298, 1.2636860091557933, 1.4502336063556942, 1.4502336063556942, 1.4502336063556942, 1.4502336063556942, 1.4502336063556942, 1.4502336063556942, 1.4838196639026686, 1.4838196639026686, 1.4838196639026686, 1.4838196639026686, 1.4838196639026686, 1.5348746239083768, 1.6228574548283012, 1.6228574548283012, 1.6228574548283012, 1.6228574548283012, 1.6228574548283012, 1.6228574548283012, 1.6228574548283012, 1.6228574548283012, 1.6647190574034973, 1.6647190574034973, 1.6647190574034973, 1.6647190574034973, 1.6647190574034973, 1.6647190574034973, 1.6647190574034973, 1.6647190574034973, 1.6647190574034973, 1.6647190574034973, 1.6647190574034973, 1.6647190574034973, 1.6647190574034973], "timestamp": "2025-03-13_17-15-03"}