{"y_max": 1.6514432699284796, "mean_values": [0.8079700429643801, 0.8079700429643801, 0.8079700429643801, 0.8671668922583526, 1.04206747709721, 1.2205690050954827, 1.2205690050954827, 1.5080219615244537, 1.5080219615244537, 1.698907434460258, 1.698907434460258, 1.698907434460258, 1.698907434460258, 1.698907434460258, 1.698907434460258, 1.698907434460258, 1.698907434460258, 1.698907434460258, 1.698907434460258, 1.698907434460258, 1.698907434460258, 1.698907434460258, 1.698907434460258, 1.698907434460258, 1.698907434460258, 1.698907434460258, 1.698907434460258, 1.698907434460258, 1.698907434460258, 1.698907434460258, 1.698907434460258, 1.698907434460258, 1.698907434460258, 1.698907434460258, 1.698907434460258, 1.698907434460258, 1.698907434460258, 1.698907434460258, 1.698907434460258, 1.698907434460258], "timestamp": "2025-03-13_14-54-48"}