{"y_max": 1.6514432699284796, "mean_values": [0.7770641962745433, 0.7770641962745433, 0.9577274714452357, 1.110971951684567, 1.1525874601709143, 1.1525874601709143, 1.2578311152048824, 1.2578311152048824, 1.4344914526875063, 1.4344914526875063, 1.4344914526875063, 1.4344914526875063, 1.4344914526875063, 1.4832697903273888, 1.584736981545232, 1.584736981545232, 1.584736981545232, 1.584736981545232, 1.584736981545232, 1.584736981545232, 1.584736981545232, 1.584736981545232, 1.584736981545232, 1.584736981545232, 1.584736981545232, 1.584736981545232, 1.584736981545232, 1.584736981545232, 1.6250988440968277, 1.6250988440968277, 1.6250988440968277, 1.6250988440968277, 1.6250988440968277, 1.6250988440968277, 1.6250988440968277, 1.6250988440968277, 1.6250988440968277, 1.6250988440968277, 1.6250988440968277, 1.6250988440968277], "timestamp": "2025-03-13_16-27-28"}