{"y_max": 1.6514432699284796, "mean_values": [0.9648777526890067, 1.1173241615677652, 1.1173241615677652, 1.1173241615677652, 1.175973810515306, 1.1771408519577145, 1.1771408519577145, 1.1771408519577145, 1.2269674665893862, 1.40419245069074, 1.40419245069074, 1.40419245069074, 1.40419245069074, 1.40419245069074, 1.40419245069074, 1.40419245069074, 1.40419245069074, 1.6407295205124348, 1.6407295205124348, 1.6407295205124348, 1.6407295205124348, 1.6407295205124348, 1.6407295205124348, 1.6407295205124348, 1.6407295205124348, 1.6407295205124348, 1.6407295205124348, 1.6407295205124348, 1.6407295205124348, 1.6407295205124348, 1.6407295205124348, 1.6407295205124348, 1.6407295205124348, 1.6407295205124348, 1.6407295205124348, 1.6407295205124348, 1.6407295205124348, 1.6407295205124348, 1.653786785053769, 1.653786785053769], "timestamp": "2025-03-13_16-12-30"}