{"y_max": 1.6514432699284796, "mean_values": [0.8839886552854579, 0.8839886552854579, 1.1149178273868028, 1.14498386378816, 1.14498386378816, 1.14498386378816, 1.14498386378816, 1.1940006440113249, 1.4252431224807345, 1.4252431224807345, 1.4252431224807345, 1.4252431224807345, 1.4252431224807345, 1.541187131332242, 1.5803634441305394, 1.5803634441305394, 1.5803634441305394, 1.5803634441305394, 1.5803634441305394, 1.5803634441305394, 1.5803634441305394, 1.5803634441305394, 1.5803634441305394, 1.5803634441305394, 1.5803634441305394, 1.5803634441305394, 1.5803634441305394, 1.5803634441305394, 1.5803634441305394, 1.5803634441305394, 1.5803634441305394, 1.5803634441305394, 1.5803634441305394, 1.5803634441305394, 1.6920069475412507, 1.6920069475412507, 1.6920069475412507, 1.6920069475412507, 1.6920069475412507, 1.6920069475412507], "timestamp": "2025-03-13_14-39-31"}