{"y_max": 1.6514432699284796, "mean_values": [0.8430590438170499, 0.8430590438170499, 1.00657946851179, 1.0818819840084761, 1.0818819840084761, 1.1533115099416833, 1.1893467444509214, 1.1893467444509214, 1.242043605229776, 1.242043605229776, 1.2627623241109227, 1.4107959190539539, 1.4107959190539539, 1.5946491270717928, 1.5946491270717928, 1.658663934077263, 1.658663934077263, 1.658663934077263, 1.658663934077263, 1.658663934077263, 1.658663934077263, 1.658663934077263, 1.658663934077263, 1.658663934077263, 1.658663934077263, 1.658663934077263, 1.658663934077263, 1.658663934077263, 1.658663934077263, 1.658663934077263, 1.658663934077263, 1.658663934077263, 1.658663934077263, 1.658663934077263, 1.658663934077263, 1.658663934077263, 1.658663934077263, 1.658663934077263, 1.658663934077263, 1.658663934077263], "timestamp": "2025-03-13_16-32-28"}