{"y_max": 1.6514432699284796, "mean_values": [0.7934325274467626, 0.9643275645964361, 0.9643275645964361, 0.9643275645964361, 1.0885216840027274, 1.1437849485342586, 1.1437849485342586, 1.1437849485342586, 1.3081818807113479, 1.3081818807113479, 1.3081818807113479, 1.5717046352116344, 1.5717046352116344, 1.5717046352116344, 1.5717046352116344, 1.6682679523764945, 1.6682679523764945, 1.6682679523764945, 1.6682679523764945, 1.6682679523764945, 1.6682679523764945, 1.6682679523764945, 1.6682679523764945, 1.6682679523764945, 1.6682679523764945, 1.6682679523764945, 1.6682679523764945, 1.6682679523764945, 1.6682679523764945, 1.6682679523764945, 1.6682679523764945, 1.6682679523764945, 1.6682679523764945, 1.6682679523764945, 1.6682679523764945, 1.6682679523764945, 1.6682679523764945, 1.6682679523764945, 1.6682679523764945, 1.6682679523764945], "timestamp": "2025-03-13_13-18-39"}