{"y_max": 1.6514432699284796, "mean_values": [0.9038506608803424, 1.109427918090702, 1.109427918090702, 1.109427918090702, 1.1585963834789146, 1.1585963834789146, 1.1982373934893573, 1.1982373934893573, 1.3999744271810228, 1.3999744271810228, 1.3999744271810228, 1.3999744271810228, 1.5741967460991728, 1.5741967460991728, 1.5741967460991728, 1.5741967460991728, 1.5741967460991728, 1.5741967460991728, 1.5741967460991728, 1.5741967460991728, 1.5741967460991728, 1.5741967460991728, 1.5741967460991728, 1.5741967460991728, 1.5741967460991728, 1.5741967460991728, 1.6537403141125897, 1.6537403141125897, 1.6537403141125897, 1.6537403141125897, 1.6537403141125897, 1.6537403141125897, 1.6537403141125897, 1.6537403141125897, 1.6537403141125897, 1.6537403141125897, 1.6537403141125897, 1.6537403141125897, 1.6537403141125897, 1.6537403141125897], "timestamp": "2025-03-13_13-21-10"}