{"y_max": 1.6514432699284796, "mean_values": [0.8066340180732215, 0.8066340180732215, 1.0155167282300557, 1.0633721331308241, 1.1402663991466107, 1.166569970062315, 1.3390813563541664, 1.3390813563541664, 1.4157868244685754, 1.4157868244685754, 1.4157868244685754, 1.4157868244685754, 1.4157868244685754, 1.4157868244685754, 1.4157868244685754, 1.5523166824480865, 1.6272506693752966, 1.6272506693752966, 1.6272506693752966, 1.6272506693752966, 1.6272506693752966, 1.6272506693752966, 1.6272506693752966, 1.6272506693752966, 1.6272506693752966, 1.6272506693752966, 1.6272506693752966, 1.6272506693752966, 1.6272506693752966, 1.6272506693752966, 1.6272506693752966, 1.6272506693752966, 1.6272506693752966, 1.6272506693752966, 1.6272506693752966, 1.6272506693752966, 1.6693267341538904, 1.6693267341538904, 1.6693267341538904, 1.6693267341538904], "timestamp": "2025-03-13_15-02-30"}