{"y_max": 1.6514432699284796, "mean_values": [0.8956987943174992, 0.8956987943174992, 1.1645820365089747, 1.1645820365089747, 1.1701919843233441, 1.1701919843233441, 1.1701919843233441, 1.207607687009767, 1.207607687009767, 1.4339833296074234, 1.4339833296074234, 1.4339833296074234, 1.4339833296074234, 1.4339833296074234, 1.4339833296074234, 1.4339833296074234, 1.4339833296074234, 1.4339833296074234, 1.5558532836076342, 1.5558532836076342, 1.5558532836076342, 1.5558532836076342, 1.6039551962537495, 1.6039551962537495, 1.6039551962537495, 1.6039551962537495, 1.6039551962537495, 1.676629726222908, 1.676629726222908, 1.676629726222908, 1.676629726222908, 1.6989849748216803, 1.6989849748216803, 1.6989849748216803, 1.6989849748216803, 1.6989849748216803, 1.6989849748216803, 1.6989849748216803, 1.6989849748216803, 1.6989849748216803], "timestamp": "2025-03-13_15-52-31"}