{"y_max": 1.6514432699284796, "mean_values": [0.7254318397784476, 0.9759761592284619, 0.9759761592284619, 0.9759761592284619, 1.092848418949233, 1.092848418949233, 1.092848418949233, 1.117432003382773, 1.1272890042381651, 1.2556462276639355, 1.558544638870839, 1.558544638870839, 1.558544638870839, 1.6048007332018213, 1.6048007332018213, 1.6048007332018213, 1.6048007332018213, 1.6048007332018213, 1.6048007332018213, 1.6048007332018213, 1.6274365009113483, 1.6274365009113483, 1.6274365009113483, 1.6274365009113483, 1.6274365009113483, 1.6274365009113483, 1.6274365009113483, 1.6274365009113483, 1.6274365009113483, 1.6274365009113483, 1.6274365009113483, 1.6274365009113483, 1.6767023761091664, 1.6767023761091664, 1.6767023761091664, 1.6767023761091664, 1.6767023761091664, 1.6767023761091664, 1.6767023761091664, 1.6767023761091664], "timestamp": "2025-03-13_13-23-43"}