{"y_max": 1.6514432699284796, "mean_values": [0.785208518956546, 0.9564448768713918, 1.2045971362654426, 1.2045971362654426, 1.2045971362654426, 1.2045971362654426, 1.2045971362654426, 1.2045971362654426, 1.2045971362654426, 1.3222008752774528, 1.3222008752774528, 1.4655614532911019, 1.4655614532911019, 1.4655614532911019, 1.5826933375969416, 1.5826933375969416, 1.6097717597021879, 1.6097717597021879, 1.6097717597021879, 1.6097717597021879, 1.6097717597021879, 1.6097717597021879, 1.6685808573506258, 1.6685808573506258, 1.6685808573506258, 1.6685808573506258, 1.6685808573506258, 1.6685808573506258, 1.6685808573506258, 1.6685808573506258, 1.6685808573506258, 1.6685808573506258, 1.6685808573506258, 1.6685808573506258, 1.6685808573506258, 1.6685808573506258, 1.6685808573506258, 1.6685808573506258, 1.6685808573506258, 1.6685808573506258], "timestamp": "2025-03-13_14-52-18"}