{"y_max": 1.6514432699284796, "mean_values": [0.933111987646955, 1.0961260034694196, 1.1348393677472686, 1.1348393677472686, 1.1348393677472686, 1.1348393677472686, 1.1348393677472686, 1.1348393677472686, 1.3698771576302278, 1.6370902478551534, 1.6370902478551534, 1.6370902478551534, 1.6370902478551534, 1.6370902478551534, 1.6370902478551534, 1.6370902478551534, 1.6370902478551534, 1.6370902478551534, 1.6370902478551534, 1.6370902478551534, 1.6370902478551534, 1.6370902478551534, 1.6370902478551534, 1.6370902478551534, 1.6370902478551534, 1.6370902478551534, 1.6370902478551534, 1.6370902478551534, 1.6370902478551534, 1.6632313535404237, 1.6632313535404237, 1.6632313535404237, 1.6632313535404237, 1.6632313535404237, 1.6632313535404237, 1.6632313535404237, 1.6632313535404237, 1.6632313535404237, 1.6632313535404237, 1.6632313535404237], "timestamp": "2025-03-13_17-22-31"}