{"y_max": 1.6514432699284796, "mean_values": [0.7850864248992064, 0.7850864248992064, 0.7850864248992064, 0.8077831342774633, 0.9824166611072958, 0.9824166611072958, 1.156331645426501, 1.1863944948474199, 1.1969303645415434, 1.2228791892635635, 1.5212260424686586, 1.6658898744614055, 1.6658898744614055, 1.6658898744614055, 1.6658898744614055, 1.6658898744614055, 1.6658898744614055, 1.6658898744614055, 1.6658898744614055, 1.6658898744614055, 1.6658898744614055, 1.6658898744614055, 1.6658898744614055, 1.6658898744614055, 1.6658898744614055, 1.6658898744614055, 1.6658898744614055, 1.6658898744614055, 1.6658898744614055, 1.6658898744614055, 1.6658898744614055, 1.6658898744614055, 1.6658898744614055, 1.6658898744614055, 1.6658898744614055, 1.6658898744614055, 1.6658898744614055, 1.6658898744614055, 1.6658898744614055, 1.6658898744614055], "timestamp": "2025-03-13_15-40-04"}