{"y_max": 1.6514432699284796, "mean_values": [0.9069488777032502, 1.1354221995335925, 1.1559396575193341, 1.1559396575193341, 1.241493296278442, 1.4295329634933174, 1.4295329634933174, 1.4295329634933174, 1.4295329634933174, 1.4295329634933174, 1.4295329634933174, 1.4295329634933174, 1.4295329634933174, 1.4295329634933174, 1.4295329634933174, 1.4295329634933174, 1.4295329634933174, 1.4295329634933174, 1.64729686659037, 1.64729686659037, 1.64729686659037, 1.64729686659037, 1.64729686659037, 1.707433034036964, 1.707433034036964, 1.707433034036964, 1.707433034036964, 1.707433034036964, 1.707433034036964, 1.707433034036964, 1.707433034036964, 1.707433034036964, 1.707433034036964, 1.707433034036964, 1.707433034036964, 1.707433034036964, 1.707433034036964, 1.707433034036964, 1.707433034036964, 1.707433034036964], "timestamp": "2025-03-13_16-35-00"}