{"y_max": 1.6514432699284796, "mean_values": [0.7684303439805743, 0.7684303439805743, 0.928961822494391, 1.1307900394056616, 1.1559865878955953, 1.1559865878955953, 1.1720274528643355, 1.1720274528643355, 1.1720274528643355, 1.2254720497448643, 1.4825571845035022, 1.5874314669501783, 1.5874314669501783, 1.5874314669501783, 1.5874314669501783, 1.5874314669501783, 1.5874314669501783, 1.5874314669501783, 1.5874314669501783, 1.5874314669501783, 1.5874314669501783, 1.5874314669501783, 1.5874314669501783, 1.5874314669501783, 1.5874314669501783, 1.5874314669501783, 1.5874314669501783, 1.5874314669501783, 1.5874314669501783, 1.5874314669501783, 1.5874314669501783, 1.5874314669501783, 1.5874314669501783, 1.6145213278866146, 1.645596213232761, 1.645596213232761, 1.645596213232761, 1.645596213232761, 1.645596213232761, 1.645596213232761], "timestamp": "2025-03-13_15-55-03"}