{"y_max": 1.6514432699284796, "mean_values": [0.8324994791080588, 1.0176301198611741, 1.065451939858234, 1.1726667598649811, 1.1726667598649811, 1.1726667598649811, 1.3202779156887825, 1.4359191150391886, 1.4359191150391886, 1.4359191150391886, 1.4359191150391886, 1.4359191150391886, 1.4359191150391886, 1.4359191150391886, 1.4359191150391886, 1.6169067261038135, 1.6169067261038135, 1.6169067261038135, 1.6169067261038135, 1.6169067261038135, 1.6169067261038135, 1.6169067261038135, 1.6169067261038135, 1.6169067261038135, 1.6169067261038135, 1.6169067261038135, 1.6169067261038135, 1.6169067261038135, 1.6169067261038135, 1.6169067261038135, 1.6169067261038135, 1.6169067261038135, 1.6169067261038135, 1.6169067261038135, 1.6169067261038135, 1.649965951489471, 1.649965951489471, 1.649965951489471, 1.649965951489471, 1.649965951489471], "timestamp": "2025-03-13_17-30-07"}