{"y_max": 1.6514432699284796, "mean_values": [0.9499556906277584, 0.9499556906277584, 1.1443884997293752, 1.1443884997293752, 1.1613571753260203, 1.1613571753260203, 1.1613571753260203, 1.1613571753260203, 1.1613571753260203, 1.226642966173101, 1.4310389769310579, 1.4310389769310579, 1.4310389769310579, 1.4310389769310579, 1.632809928421604, 1.632809928421604, 1.632809928421604, 1.632809928421604, 1.632809928421604, 1.632809928421604, 1.632809928421604, 1.632809928421604, 1.632809928421604, 1.632809928421604, 1.632809928421604, 1.632809928421604, 1.632809928421604, 1.632809928421604, 1.632809928421604, 1.7131337297447629, 1.7131337297447629, 1.7131337297447629, 1.7131337297447629, 1.7131337297447629, 1.7131337297447629, 1.7131337297447629, 1.7131337297447629, 1.7131337297447629, 1.7131337297447629, 1.7131337297447629], "timestamp": "2025-03-13_13-43-52"}