{"y_max": 1.6514432699284796, "mean_values": [0.923488722224306, 1.1249852936604305, 1.1249852936604305, 1.142878072922368, 1.2337373732420183, 1.3580546679809267, 1.3911380995473874, 1.3911380995473874, 1.3911380995473874, 1.3911380995473874, 1.3911380995473874, 1.3911380995473874, 1.3911380995473874, 1.3911380995473874, 1.3911380995473874, 1.6591925345400074, 1.6591925345400074, 1.6591925345400074, 1.6591925345400074, 1.6591925345400074, 1.6591925345400074, 1.6591925345400074, 1.6591925345400074, 1.6591925345400074, 1.6591925345400074, 1.6591925345400074, 1.6591925345400074, 1.6591925345400074, 1.6591925345400074, 1.6591925345400074, 1.6762785806738125, 1.6762785806738125, 1.6762785806738125, 1.6762785806738125, 1.6762785806738125, 1.6762785806738125, 1.6762785806738125, 1.6762785806738125, 1.6762785806738125, 1.6762785806738125], "timestamp": "2025-03-13_17-05-00"}