{"y_max": 1.6514432699284796, "mean_values": [0.8246921764405776, 0.8246921764405776, 1.0097567363435667, 1.0097567363435667, 1.0097567363435667, 1.1260127399318964, 1.1260127399318964, 1.1285920979647013, 1.1846580344720723, 1.2921069583305516, 1.2921069583305516, 1.5529641637631035, 1.6386583072861525, 1.6386583072861525, 1.6386583072861525, 1.6386583072861525, 1.6386583072861525, 1.6386583072861525, 1.6386583072861525, 1.6386583072861525, 1.6386583072861525, 1.6386583072861525, 1.6386583072861525, 1.6386583072861525, 1.6386583072861525, 1.6386583072861525, 1.6386583072861525, 1.6386583072861525, 1.6386583072861525, 1.6386583072861525, 1.6386583072861525, 1.6386583072861525, 1.6386583072861525, 1.6386583072861525, 1.6386583072861525, 1.6386583072861525, 1.6386583072861525, 1.6386583072861525, 1.6386583072861525, 1.6386583072861525], "timestamp": "2025-03-13_17-27-37"}