{"y_max": 1.6514432699284796, "mean_values": [0.890070237632843, 0.890070237632843, 0.890070237632843, 1.0563992342982238, 1.1416615709194975, 1.1476219123223534, 1.2077789927967935, 1.4001444006969779, 1.4001444006969779, 1.4001444006969779, 1.4001444006969779, 1.4001444006969779, 1.4001444006969779, 1.4001444006969779, 1.4001444006969779, 1.5743010156083368, 1.60711050297992, 1.60711050297992, 1.60711050297992, 1.60711050297992, 1.60711050297992, 1.60711050297992, 1.60711050297992, 1.60711050297992, 1.60711050297992, 1.60711050297992, 1.60711050297992, 1.709593949681199, 1.709593949681199, 1.709593949681199, 1.709593949681199, 1.709593949681199, 1.709593949681199, 1.709593949681199, 1.709593949681199, 1.709593949681199, 1.709593949681199, 1.709593949681199, 1.709593949681199, 1.709593949681199], "timestamp": "2025-03-13_15-27-33"}