{"y_max": 1.6514432699284796, "mean_values": [0.9025178092742173, 1.0876666802941317, 1.1647027405789812, 1.1647027405789812, 1.1785593286545415, 1.1785593286545415, 1.2163092039543324, 1.2163092039543324, 1.4504996597868327, 1.4504996597868327, 1.4504996597868327, 1.4504996597868327, 1.4504996597868327, 1.4504996597868327, 1.4504996597868327, 1.6527092527560043, 1.6527092527560043, 1.6527092527560043, 1.6527092527560043, 1.6527092527560043, 1.6527092527560043, 1.6527092527560043, 1.6527092527560043, 1.6527092527560043, 1.6527092527560043, 1.6527092527560043, 1.6527092527560043, 1.6527092527560043, 1.6527092527560043, 1.6527092527560043, 1.6527092527560043, 1.6527092527560043, 1.6527092527560043, 1.6527092527560043, 1.6527092527560043, 1.6527092527560043, 1.6527092527560043, 1.6527092527560043, 1.6724240430402715, 1.6724240430402715], "timestamp": "2025-03-13_16-19-58"}