{"y_max": 1.6514432699284796, "mean_values": [0.817151064225097, 0.928183611257119, 0.928183611257119, 1.1231158355491224, 1.1734627435118414, 1.1807542017576447, 1.2921207221440916, 1.4484170510610141, 1.4484170510610141, 1.4484170510610141, 1.4484170510610141, 1.4484170510610141, 1.4484170510610141, 1.4484170510610141, 1.4484170510610141, 1.4484170510610141, 1.4484170510610141, 1.6223075408063647, 1.6277757589985695, 1.6277757589985695, 1.6277757589985695, 1.6953363252640272, 1.6953363252640272, 1.6953363252640272, 1.6953363252640272, 1.6953363252640272, 1.6953363252640272, 1.6953363252640272, 1.6953363252640272, 1.6953363252640272, 1.6953363252640272, 1.6953363252640272, 1.6953363252640272, 1.6953363252640272, 1.6953363252640272, 1.6953363252640272, 1.6953363252640272, 1.6953363252640272, 1.6953363252640272, 1.6953363252640272], "timestamp": "2025-03-13_13-28-45"}