{"y_max": 1.6514432699284796, "mean_values": [0.8846322642479049, 1.1033945844329178, 1.1033945844329178, 1.1410482048732, 1.1410482048732, 1.1410482048732, 1.2628554216399817, 1.2628554216399817, 1.2628554216399817, 1.392856151384748, 1.392856151384748, 1.392856151384748, 1.392856151384748, 1.392856151384748, 1.392856151384748, 1.392856151384748, 1.6158215911605023, 1.6158215911605023, 1.6158215911605023, 1.6158215911605023, 1.6158215911605023, 1.6158215911605023, 1.6158215911605023, 1.6158215911605023, 1.6158215911605023, 1.6549877723912934, 1.6549877723912934, 1.6549877723912934, 1.6549877723912934, 1.6549877723912934, 1.6549877723912934, 1.6549877723912934, 1.6549877723912934, 1.6549877723912934, 1.6549877723912934, 1.6902752602042161, 1.6902752602042161, 1.6902752602042161, 1.6902752602042161, 1.6902752602042161], "timestamp": "2025-03-13_15-22-35"}