{"y_max": 1.6514432699284796, "mean_values": [0.9153531933891251, 0.9153531933891251, 1.1024212071717565, 1.1919638587684398, 1.1919638587684398, 1.1919638587684398, 1.1919638587684398, 1.1919638587684398, 1.1919638587684398, 1.2505469766403665, 1.2541020881579654, 1.5758477069759782, 1.5758477069759782, 1.5758477069759782, 1.5758477069759782, 1.5758477069759782, 1.5758477069759782, 1.5758477069759782, 1.5758477069759782, 1.5758477069759782, 1.5758477069759782, 1.5758477069759782, 1.5758477069759782, 1.5758477069759782, 1.5758477069759782, 1.5758477069759782, 1.6557361515897593, 1.6557361515897593, 1.6557361515897593, 1.6557361515897593, 1.6557361515897593, 1.6557361515897593, 1.6557361515897593, 1.6557361515897593, 1.6557361515897593, 1.6557361515897593, 1.6557361515897593, 1.6557361515897593, 1.6557361515897593, 1.6557361515897593], "timestamp": "2025-03-13_17-07-27"}