{"y_max": 1.6514432699284796, "mean_values": [0.9174340515455982, 1.1404069853073604, 1.1416994095806092, 1.1540628311737067, 1.1785675706724292, 1.1785675706724292, 1.4035830865552075, 1.4035830865552075, 1.4035830865552075, 1.4035830865552075, 1.4035830865552075, 1.4035830865552075, 1.4035830865552075, 1.4035830865552075, 1.4035830865552075, 1.4035830865552075, 1.4035830865552075, 1.4035830865552075, 1.4035830865552075, 1.4035830865552075, 1.4035830865552075, 1.6511113857584578, 1.6511113857584578, 1.6511113857584578, 1.6511113857584578, 1.6511113857584578, 1.6511113857584578, 1.6511113857584578, 1.6511113857584578, 1.6511113857584578, 1.6511113857584578, 1.6511113857584578, 1.6511113857584578, 1.6511113857584578, 1.6511113857584578, 1.6511113857584578, 1.6511113857584578, 1.6511113857584578, 1.6511113857584578, 1.6511113857584578], "timestamp": "2025-03-13_15-32-32"}