{"y_max": 1.6514432699284796, "mean_values": [0.8366339462600845, 1.0154052849839166, 1.0952697642858547, 1.0952697642858547, 1.1205748678005603, 1.1569251846301043, 1.2160107228775072, 1.2160107228775072, 1.4318796043775401, 1.4318796043775401, 1.4318796043775401, 1.4318796043775401, 1.4318796043775401, 1.4318796043775401, 1.4318796043775401, 1.4318796043775401, 1.4318796043775401, 1.4318796043775401, 1.4318796043775401, 1.5796585080415786, 1.6181199204430925, 1.6181199204430925, 1.6181199204430925, 1.6181199204430925, 1.6181199204430925, 1.6181199204430925, 1.6181199204430925, 1.6181199204430925, 1.6181199204430925, 1.6181199204430925, 1.6501826160058237, 1.6501826160058237, 1.6501826160058237, 1.6501826160058237, 1.6501826160058237, 1.6501826160058237, 1.6501826160058237, 1.6501826160058237, 1.6501826160058237, 1.6501826160058237], "timestamp": "2025-03-13_16-24-59"}