{"y_max": 1.6514432699284796, "mean_values": [0.9019862739005254, 1.1044837033307577, 1.1298204705773236, 1.144704547765712, 1.2723428363294862, 1.4029578240912959, 1.4029578240912959, 1.4029578240912959, 1.4029578240912959, 1.4029578240912959, 1.4029578240912959, 1.4029578240912959, 1.4029578240912959, 1.4029578240912959, 1.4029578240912959, 1.4029578240912959, 1.4029578240912959, 1.613016956992136, 1.613016956992136, 1.613016956992136, 1.613016956992136, 1.613016956992136, 1.613016956992136, 1.613016956992136, 1.613016956992136, 1.613016956992136, 1.613016956992136, 1.613016956992136, 1.613016956992136, 1.613016956992136, 1.613016956992136, 1.613016956992136, 1.613016956992136, 1.6162072108164363, 1.6162072108164363, 1.6162072108164363, 1.6162072108164363, 1.6162072108164363, 1.6162072108164363, 1.6162072108164363], "timestamp": "2025-03-13_16-52-32"}