{"y_max": 1.6514432699284796, "mean_values": [0.9716972764357852, 1.076303547828349, 1.076303547828349, 1.1091393154363394, 1.1091393154363394, 1.1600122808456867, 1.2534065249550852, 1.3677396948276608, 1.3687856005952856, 1.3687856005952856, 1.3687856005952856, 1.3687856005952856, 1.3687856005952856, 1.3687856005952856, 1.3687856005952856, 1.5896518567024798, 1.5896518567024798, 1.5896518567024798, 1.5896518567024798, 1.5896518567024798, 1.5896518567024798, 1.5896518567024798, 1.5896518567024798, 1.5896518567024798, 1.6638315590862347, 1.6638315590862347, 1.6638315590862347, 1.6638315590862347, 1.6638315590862347, 1.6638315590862347, 1.6638315590862347, 1.6638315590862347, 1.6638315590862347, 1.6638315590862347, 1.6638315590862347, 1.6638315590862347, 1.6638315590862347, 1.6638315590862347, 1.6638315590862347, 1.6638315590862347], "timestamp": "2025-03-13_15-20-07"}