{"y_max": 1.6514432699284796, "mean_values": [0.7318368074988453, 0.7318368074988453, 0.7923727467539008, 1.0503541653818538, 1.1236118529130157, 1.1373184585489684, 1.1998114407547409, 1.2927984566519435, 1.2927984566519435, 1.47405975979166, 1.47405975979166, 1.47405975979166, 1.47405975979166, 1.5597945409614828, 1.634997471910705, 1.634997471910705, 1.634997471910705, 1.634997471910705, 1.634997471910705, 1.6550923872550967, 1.6550923872550967, 1.6550923872550967, 1.6550923872550967, 1.6550923872550967, 1.6550923872550967, 1.6550923872550967, 1.6550923872550967, 1.6550923872550967, 1.6550923872550967, 1.6550923872550967, 1.6550923872550967, 1.6550923872550967, 1.6550923872550967, 1.6550923872550967, 1.6550923872550967, 1.6550923872550967, 1.6550923872550967, 1.6550923872550967, 1.6550923872550967, 1.6550923872550967], "timestamp": "2025-03-13_14-26-55"}