{"y_max": 1.6514432699284796, "mean_values": [0.746203129688342, 0.746203129688342, 1.0095647977057551, 1.0095647977057551, 1.1090288695804744, 1.1090288695804744, 1.1090288695804744, 1.2529784858481239, 1.4326771394534916, 1.579884327544317, 1.579884327544317, 1.579884327544317, 1.579884327544317, 1.579884327544317, 1.579884327544317, 1.579884327544317, 1.579884327544317, 1.579884327544317, 1.579884327544317, 1.579884327544317, 1.579884327544317, 1.579884327544317, 1.579884327544317, 1.579884327544317, 1.579884327544317, 1.579884327544317, 1.579884327544317, 1.6238289777282293, 1.6238289777282293, 1.6238289777282293, 1.6238289777282293, 1.6238289777282293, 1.6238289777282293, 1.6238289777282293, 1.6760807831555502, 1.6760807831555502, 1.6760807831555502, 1.6760807831555502, 1.6760807831555502, 1.6760807831555502], "timestamp": "2025-03-13_17-02-30"}