{"y_max": 1.6514432699284796, "mean_values": [0.7440863854765131, 0.7440863854765131, 0.9666617171551377, 1.1274182989741994, 1.1274182989741994, 1.184167079439913, 1.1893085020001473, 1.1893085020001473, 1.2262602977741024, 1.2262602977741024, 1.4193956584221432, 1.4193956584221432, 1.5345007243564097, 1.665305852185844, 1.665305852185844, 1.665305852185844, 1.665305852185844, 1.665305852185844, 1.665305852185844, 1.665305852185844, 1.665305852185844, 1.665305852185844, 1.665305852185844, 1.665305852185844, 1.665305852185844, 1.665305852185844, 1.665305852185844, 1.665305852185844, 1.665305852185844, 1.665305852185844, 1.665305852185844, 1.665305852185844, 1.665305852185844, 1.665305852185844, 1.665305852185844, 1.665305852185844, 1.665305852185844, 1.6935316346715255, 1.6935316346715255, 1.6935316346715255], "timestamp": "2025-03-13_15-25-06"}