{"y_max": 1.6514432699284796, "mean_values": [0.7956229042984705, 1.004333904281733, 1.1144851766679447, 1.1144851766679447, 1.1860211343066698, 1.1980034126898476, 1.1980034126898476, 1.1980034126898476, 1.1980034126898476, 1.2879470628150818, 1.4157937224870458, 1.4157937224870458, 1.4157937224870458, 1.4157937224870458, 1.4157937224870458, 1.4157937224870458, 1.523523754982442, 1.6064910217833344, 1.6064910217833344, 1.6064910217833344, 1.6064910217833344, 1.6064910217833344, 1.6064910217833344, 1.6064910217833344, 1.6064910217833344, 1.6064910217833344, 1.6064910217833344, 1.6064910217833344, 1.6064910217833344, 1.6064910217833344, 1.6064910217833344, 1.6064910217833344, 1.6064910217833344, 1.6064910217833344, 1.6064910217833344, 1.6064910217833344, 1.680151112986639, 1.680151112986639, 1.680151112986639, 1.680151112986639], "timestamp": "2025-03-13_14-49-46"}