{"y_max": 1.6514432699284796, "mean_values": [0.7995821304165099, 0.9257640440060328, 1.148688203977992, 1.148688203977992, 1.148688203977992, 1.148688203977992, 1.2947909755558757, 1.4601952102503395, 1.4601952102503395, 1.4601952102503395, 1.4601952102503395, 1.4601952102503395, 1.4601952102503395, 1.4601952102503395, 1.5923688993631169, 1.5923688993631169, 1.5923688993631169, 1.6204850473884562, 1.6204850473884562, 1.6204850473884562, 1.6204850473884562, 1.6204850473884562, 1.6204850473884562, 1.6204850473884562, 1.6204850473884562, 1.6204850473884562, 1.6204850473884562, 1.6204850473884562, 1.6204850473884562, 1.6204850473884562, 1.6204850473884562, 1.6204850473884562, 1.6204850473884562, 1.6204850473884562, 1.6204850473884562, 1.6204850473884562, 1.6204850473884562, 1.6933594285717368, 1.6933594285717368, 1.6933594285717368], "timestamp": "2025-03-13_15-47-31"}