{"y_max": 1.6514432699284796, "mean_values": [0.9255927425522784, 0.9255927425522784, 0.9255927425522784, 0.9255927425522784, 0.9255927425522784, 1.0911908201405, 1.129411723042794, 1.1635925256869988, 1.258944360414716, 1.4349431042154246, 1.4349431042154246, 1.4349431042154246, 1.4349431042154246, 1.4349431042154246, 1.4349431042154246, 1.5967162272382462, 1.5967162272382462, 1.5967162272382462, 1.5967162272382462, 1.5967162272382462, 1.5967162272382462, 1.5967162272382462, 1.5967162272382462, 1.5967162272382462, 1.5967162272382462, 1.5967162272382462, 1.6391053924501588, 1.6391053924501588, 1.6391053924501588, 1.6391053924501588, 1.6391053924501588, 1.6391053924501588, 1.6391053924501588, 1.6391053924501588, 1.6391053924501588, 1.6391053924501588, 1.6391053924501588, 1.6391053924501588, 1.6391053924501588, 1.6391053924501588], "timestamp": "2025-03-13_15-50-02"}