{"y_max": 1.6514432699284796, "mean_values": [0.8816219862005878, 1.1599211316103368, 1.1599211316103368, 1.160419466894964, 1.2304466130712992, 1.4144218977981382, 1.4144218977981382, 1.4144218977981382, 1.4144218977981382, 1.4144218977981382, 1.4144218977981382, 1.4144218977981382, 1.4144218977981382, 1.4144218977981382, 1.4144218977981382, 1.4144218977981382, 1.4144218977981382, 1.4144218977981382, 1.4144218977981382, 1.4144218977981382, 1.5420518430686638, 1.5420518430686638, 1.6370433286475081, 1.6370433286475081, 1.6370433286475081, 1.6370433286475081, 1.6370433286475081, 1.6370433286475081, 1.6370433286475081, 1.6370433286475081, 1.6370433286475081, 1.6370433286475081, 1.653130613530975, 1.653130613530975, 1.653130613530975, 1.653130613530975, 1.653130613530975, 1.653130613530975, 1.653130613530975, 1.653130613530975], "timestamp": "2025-03-13_15-15-08"}