{"y_max": 1.6514432699284796, "mean_values": [0.8119858599808635, 0.9908326944611656, 1.1007484803502106, 1.1883148673797113, 1.2179240839516496, 1.2560823138584905, 1.4755039492703932, 1.4755039492703932, 1.4755039492703932, 1.4755039492703932, 1.4755039492703932, 1.4755039492703932, 1.4755039492703932, 1.4755039492703932, 1.4755039492703932, 1.4755039492703932, 1.4755039492703932, 1.4755039492703932, 1.4755039492703932, 1.4755039492703932, 1.4755039492703932, 1.4755039492703932, 1.4755039492703932, 1.4755039492703932, 1.4755039492703932, 1.4755039492703932, 1.4755039492703932, 1.4755039492703932, 1.5891559222565428, 1.5891559222565428, 1.5891559222565428, 1.5891559222565428, 1.5891559222565428, 1.5891559222565428, 1.5891559222565428, 1.5891559222565428, 1.5891559222565428, 1.5891559222565428, 1.5891559222565428, 1.5891559222565428], "timestamp": "2025-03-13_13-46-20"}