{"y_max": 1.6514432699284796, "mean_values": [0.7612611443378111, 1.0115161825005463, 1.0924429872267072, 1.0924429872267072, 1.1618211024040874, 1.1618211024040874, 1.1618211024040874, 1.1649669426221303, 1.1649669426221303, 1.2407513221749853, 1.5811344651897945, 1.5811344651897945, 1.5811344651897945, 1.5811344651897945, 1.6549622729793296, 1.6549622729793296, 1.6549622729793296, 1.6549622729793296, 1.6549622729793296, 1.6549622729793296, 1.6549622729793296, 1.6549622729793296, 1.6549622729793296, 1.6549622729793296, 1.6549622729793296, 1.6549622729793296, 1.6549622729793296, 1.6549622729793296, 1.6549622729793296, 1.6549622729793296, 1.6549622729793296, 1.6549622729793296, 1.6549622729793296, 1.6549622729793296, 1.6549622729793296, 1.6549622729793296, 1.6549622729793296, 1.6549622729793296, 1.6549622729793296, 1.6549622729793296], "timestamp": "2025-03-13_14-47-13"}