{"y_max": 1.6514432699284796, "mean_values": [0.8047735394696587, 0.9943591040690715, 1.1072590859630733, 1.1733766915584687, 1.1733766915584687, 1.1733766915584687, 1.3131488378699214, 1.4199181268541812, 1.4199181268541812, 1.4199181268541812, 1.4199181268541812, 1.4199181268541812, 1.4199181268541812, 1.4199181268541812, 1.4199181268541812, 1.4199181268541812, 1.4643488004478495, 1.6589056607820507, 1.6589056607820507, 1.6589056607820507, 1.6589056607820507, 1.6589056607820507, 1.6589056607820507, 1.6589056607820507, 1.6589056607820507, 1.6589056607820507, 1.6589056607820507, 1.6589056607820507, 1.6589056607820507, 1.6589056607820507, 1.6589056607820507, 1.6589056607820507, 1.6589056607820507, 1.6589056607820507, 1.6589056607820507, 1.6589056607820507, 1.6589056607820507, 1.6589056607820507, 1.6589056607820507, 1.6589056607820507], "timestamp": "2025-03-13_17-17-32"}