{"y_max": 1.6514432699284796, "mean_values": [0.8030021377686295, 0.9601573133798631, 1.1359334286692675, 1.1359334286692675, 1.1359334286692675, 1.1359334286692675, 1.1359334286692675, 1.2572322038943593, 1.2572322038943593, 1.459225078563503, 1.459225078563503, 1.459225078563503, 1.459225078563503, 1.459225078563503, 1.459225078563503, 1.459225078563503, 1.459225078563503, 1.459225078563503, 1.459225078563503, 1.5623995629774754, 1.6450444879711503, 1.6450444879711503, 1.6450444879711503, 1.6450444879711503, 1.6450444879711503, 1.6744960803976263, 1.6744960803976263, 1.6744960803976263, 1.6744960803976263, 1.6744960803976263, 1.6744960803976263, 1.6744960803976263, 1.6744960803976263, 1.6744960803976263, 1.6744960803976263, 1.6744960803976263, 1.6744960803976263, 1.6744960803976263, 1.6744960803976263, 1.6744960803976263], "timestamp": "2025-03-13_13-36-20"}