{"y_max": 1.6514432699284796, "mean_values": [0.9455649772702494, 1.1256433472046803, 1.1256433472046803, 1.1256433472046803, 1.2343292942125248, 1.2343292942125248, 1.4087611886805096, 1.4087611886805096, 1.4087611886805096, 1.4087611886805096, 1.4087611886805096, 1.4087611886805096, 1.4087611886805096, 1.4087611886805096, 1.4087611886805096, 1.4087611886805096, 1.4087611886805096, 1.4087611886805096, 1.4087611886805096, 1.6324303907932167, 1.6324303907932167, 1.6324303907932167, 1.6324303907932167, 1.6324303907932167, 1.6324303907932167, 1.6324303907932167, 1.6324303907932167, 1.6324303907932167, 1.6324303907932167, 1.6324303907932167, 1.6324303907932167, 1.6324303907932167, 1.6324303907932167, 1.6324303907932167, 1.6324303907932167, 1.6324303907932167, 1.6324303907932167, 1.6324303907932167, 1.6324303907932167, 1.6324303907932167], "timestamp": "2025-03-13_14-44-37"}