{"y_max": 1.6514432699284796, "mean_values": [0.920138772863045, 0.920138772863045, 0.920138772863045, 1.093259478199562, 1.1649120352989204, 1.1649120352989204, 1.1649120352989204, 1.1649120352989204, 1.2467085986000443, 1.459283248262663, 1.459283248262663, 1.459283248262663, 1.459283248262663, 1.656535013816105, 1.656535013816105, 1.656535013816105, 1.656535013816105, 1.656535013816105, 1.656535013816105, 1.656535013816105, 1.656535013816105, 1.656535013816105, 1.656535013816105, 1.656535013816105, 1.656535013816105, 1.656535013816105, 1.656535013816105, 1.656535013816105, 1.656535013816105, 1.656535013816105, 1.656535013816105, 1.656535013816105, 1.656535013816105, 1.656535013816105, 1.656535013816105, 1.656535013816105, 1.656535013816105, 1.656535013816105, 1.656535013816105, 1.656535013816105], "timestamp": "2025-03-13_14-32-00"}