{"y_max": 1.6817229668738747, "mean_values": [0.19696278936092285, 0.520851873657891, 1.199021276970999, 1.4283103868958704, 1.4283103868958704, 1.4283103868958704, 1.4283103868958704, 1.4714041649992833, 1.4714041649992833, 1.4714041649992833, 1.4714041649992833, 1.4714041649992833, 1.4714041649992833, 1.4714041649992833, 1.4714041649992833, 1.4714041649992833, 1.4714041649992833, 1.4714041649992833, 1.4714041649992833, 1.4714041649992833], "timestamp": "2025-03-13_16-00-28"}