{"y_max": 1.6817229668738747, "mean_values": [0.2109902525972409, 0.5556764076724471, 1.1628061242353354, 1.38335122465328, 1.38335122465328, 1.3892902490170231, 1.4527316326158326, 1.4527316326158326, 1.4527316326158326, 1.4527316326158326, 1.4527316326158326, 1.4527316326158326, 1.4527316326158326, 1.4527316326158326, 1.4527316326158326, 1.4527316326158326, 1.4527316326158326, 1.4527316326158326, 1.4527316326158326, 1.4527316326158326], "timestamp": "2025-03-13_16-11-39"}