{"y_max": 1.6817229668738747, "mean_values": [0.2552588990978022, 0.5834876921066049, 1.2060396684627905, 1.3771776325117602, 1.3771776325117602, 1.4830457336578453, 1.4830457336578453, 1.4830457336578453, 1.4830457336578453, 1.4830457336578453, 1.4830457336578453, 1.4830457336578453, 1.4830457336578453, 1.4830457336578453, 1.4830457336578453, 1.4830457336578453, 1.4830457336578453, 1.4830457336578453, 1.4830457336578453, 1.4830457336578453], "timestamp": "2025-03-13_17-43-49"}