{"y_max": 1.6817229668738747, "mean_values": [0.15745348590961733, 0.49737449412565476, 0.9818706767056895, 1.4145872970617561, 1.4145872970617561, 1.4145872970617561, 1.4145872970617561, 1.4318953188091654, 1.4318953188091654, 1.4318953188091654, 1.456186927906151, 1.456186927906151, 1.456186927906151, 1.456186927906151, 1.456186927906151, 1.456186927906151, 1.456186927906151, 1.456186927906151, 1.456186927906151, 1.456186927906151], "timestamp": "2025-03-13_15-40-44"}