{"y_max": 1.6817229668738747, "mean_values": [0.2551351054720281, 0.6839590116090275, 1.155072255629254, 1.3523952580077605, 1.3523952580077605, 1.3523952580077605, 1.414436765432324, 1.414436765432324, 1.4186061663932152, 1.4186061663932152, 1.4187447588395803, 1.4187447588395803, 1.4187447588395803, 1.4841742722460682, 1.4841742722460682, 1.4841742722460682, 1.4841742722460682, 1.4841742722460682, 1.4841742722460682, 1.4841742722460682], "timestamp": "2025-03-13_17-14-54"}