{"y_max": 1.6817229668738747, "mean_values": [0.2477514266072729, 0.6201229471474835, 1.2371414164168204, 1.2826113836803843, 1.2826113836803843, 1.2826113836803843, 1.4094223428806683, 1.4530343422039518, 1.4530343422039518, 1.4530343422039518, 1.4530343422039518, 1.4530343422039518, 1.4530343422039518, 1.4530343422039518, 1.4530343422039518, 1.4530343422039518, 1.4530343422039518, 1.4632631646430536, 1.4632631646430536, 1.4632631646430536], "timestamp": "2025-03-13_18-01-59"}