{"y_max": 1.6817229668738747, "mean_values": [0.10906619053581731, 0.43398840656488125, 0.9983212452570022, 1.3434133508399089, 1.3434133508399089, 1.3434133508399089, 1.465810530757442, 1.465810530757442, 1.465810530757442, 1.465810530757442, 1.465810530757442, 1.465810530757442, 1.465810530757442, 1.465810530757442, 1.465810530757442, 1.4699642587771435, 1.4699642587771435, 1.4699642587771435, 1.4699642587771435, 1.4699642587771435], "timestamp": "2025-03-13_15-03-33"}