{"y_max": 1.6817229668738747, "mean_values": [0.23513871720842366, 0.6531624078158929, 1.198928309138133, 1.3686529392762832, 1.3686529392762832, 1.4593441542096723, 1.4593441542096723, 1.4593441542096723, 1.4593441542096723, 1.4593441542096723, 1.4593441542096723, 1.4593441542096723, 1.4593441542096723, 1.4593441542096723, 1.4593441542096723, 1.4593441542096723, 1.4593441542096723, 1.4593441542096723, 1.4593441542096723, 1.4593441542096723], "timestamp": "2025-03-13_16-22-56"}