{"y_max": 1.6817229668738747, "mean_values": [0.2035738252235917, 0.6079488404913057, 1.2465777771811815, 1.3484146782429143, 1.3484146782429143, 1.3484146782429143, 1.4243645229904582, 1.4255403223067107, 1.4255403223067107, 1.4326883630674228, 1.4401005742736055, 1.4401005742736055, 1.4401005742736055, 1.4401005742736055, 1.458556021161091, 1.458556021161091, 1.458556021161091, 1.458556021161091, 1.458556021161091, 1.458556021161091], "timestamp": "2025-03-13_16-09-11"}