{"y_max": 1.6817229668738747, "mean_values": [0.2252278545651056, 0.6308515514258829, 1.2486242911468088, 1.373478127157863, 1.373478127157863, 1.4133055079949512, 1.4198101637609617, 1.4449025558376127, 1.4747161718964412, 1.4747161718964412, 1.4747161718964412, 1.4747161718964412, 1.4747161718964412, 1.4747161718964412, 1.4747161718964412, 1.4747161718964412, 1.4747161718964412, 1.4747161718964412, 1.4747161718964412, 1.4747161718964412], "timestamp": "2025-03-13_17-53-30"}