{"y_max": 1.6817229668738747, "mean_values": [0.23333678768790034, 0.6286370338406125, 1.1463945144106578, 1.4007334621901266, 1.4007334621901266, 1.4295154581193983, 1.4386138067502452, 1.4386138067502452, 1.4386138067502452, 1.4386138067502452, 1.4386138067502452, 1.4762307054313788, 1.4762307054313788, 1.4762307054313788, 1.4762307054313788, 1.4762307054313788, 1.4762307054313788, 1.4762307054313788, 1.4762307054313788, 1.4762307054313788], "timestamp": "2025-03-13_17-54-41"}