{"y_max": 1.6817229668738747, "mean_values": [0.15665626510093397, 0.41628438693583314, 0.9643091251096705, 1.3885659310729863, 1.3885659310729863, 1.3885659310729863, 1.3885659310729863, 1.390075694305184, 1.4025933914834992, 1.4061639741840122, 1.4095137776784006, 1.4233469942701327, 1.4233469942701327, 1.4233469942701327, 1.4233469942701327, 1.4233469942701327, 1.457278589920065, 1.457278589920065, 1.457278589920065, 1.457278589920065], "timestamp": "2025-03-13_17-30-38"}