{"y_max": 1.6817229668738747, "mean_values": [0.24080011057426853, 0.5912216088849623, 1.2268466893380354, 1.3899832421193192, 1.3899832421193192, 1.4177893051777615, 1.4177893051777615, 1.4805209161371766, 1.4805209161371766, 1.4805209161371766, 1.4805209161371766, 1.4805209161371766, 1.4805209161371766, 1.4805209161371766, 1.4805209161371766, 1.4805209161371766, 1.4805209161371766, 1.4805209161371766, 1.4805209161371766, 1.4805209161371766], "timestamp": "2025-03-13_16-01-41"}