{"y_max": 1.6817229668738747, "mean_values": [0.1183129886905844, 0.3245242845252557, 0.8640334843417414, 1.39393301152185, 1.39393301152185, 1.39393301152185, 1.4079285016199914, 1.4664979431995497, 1.4664979431995497, 1.4664979431995497, 1.4664979431995497, 1.4664979431995497, 1.4664979431995497, 1.4664979431995497, 1.46678819263298, 1.46678819263298, 1.46678819263298, 1.46678819263298, 1.46678819263298, 1.46678819263298], "timestamp": "2025-03-13_17-47-30"}