{"y_max": 1.6817229668738747, "mean_values": [0.15809359770810177, 0.46195919693353055, 0.9693358330926871, 1.4800756866561848, 1.4800756866561848, 1.4800756866561848, 1.4800756866561848, 1.4800756866561848, 1.4800756866561848, 1.4800756866561848, 1.4800756866561848, 1.4800756866561848, 1.4800756866561848, 1.4800756866561848, 1.4800756866561848, 1.4800756866561848, 1.4800756866561848, 1.4800756866561848, 1.4800756866561848, 1.4800756866561848], "timestamp": "2025-03-13_17-46-18"}