{"y_max": 1.6817229668738747, "mean_values": [0.15566314973265605, 0.41073776796598416, 0.9454289226706671, 1.4117043370591351, 1.4117043370591351, 1.4117043370591351, 1.4250635815301151, 1.4612696026455656, 1.4612696026455656, 1.4612696026455656, 1.4612696026455656, 1.4612696026455656, 1.4612696026455656, 1.4612696026455656, 1.4612696026455656, 1.4612696026455656, 1.4612696026455656, 1.4612696026455656, 1.4612696026455656, 1.4612696026455656], "timestamp": "2025-03-13_17-23-25"}