{"y_max": 1.6817229668738747, "mean_values": [0.23454476863651505, 0.5878768553539153, 1.2657656573826164, 1.4041549194241447, 1.4041549194241447, 1.4041549194241447, 1.4464509256550002, 1.4464509256550002, 1.4464509256550002, 1.4855203168945912, 1.4855203168945912, 1.4855203168945912, 1.4855203168945912, 1.4855203168945912, 1.489132968598222, 1.489132968598222, 1.489132968598222, 1.489132968598222, 1.489132968598222, 1.489132968598222], "timestamp": "2025-03-13_15-54-22"}