{"y_max": 1.6817229668738747, "mean_values": [0.2537096881441946, 0.532020913056947, 1.206070252427572, 1.3518793118537213, 1.3518793118537213, 1.3518793118537213, 1.4252345415403556, 1.4252345415403556, 1.4252345415403556, 1.4252501014599062, 1.455326083914165, 1.455326083914165, 1.455326083914165, 1.455326083914165, 1.455326083914165, 1.455326083914165, 1.455326083914165, 1.455326083914165, 1.455326083914165, 1.5030594134259267], "timestamp": "2025-03-13_16-10-24"}