{"y_max": 1.6817229668738747, "mean_values": [0.1618132954112943, 0.454361322416508, 1.1745366350542659, 1.3628217789961061, 1.3628217789961061, 1.3628217789961061, 1.4273284774115704, 1.4273284774115704, 1.4273284774115704, 1.453218086178617, 1.4838675889186823, 1.4838675889186823, 1.4838675889186823, 1.4838675889186823, 1.4838675889186823, 1.4838675889186823, 1.4838675889186823, 1.4838675889186823, 1.4838675889186823, 1.4838675889186823], "timestamp": "2025-03-13_15-32-05"}