{"y_max": 1.6817229668738747, "mean_values": [0.18273358926889205, 0.547020688952184, 1.1689069951233813, 1.457263003653968, 1.457263003653968, 1.457263003653968, 1.457263003653968, 1.457263003653968, 1.457263003653968, 1.457263003653968, 1.457263003653968, 1.457263003653968, 1.457263003653968, 1.457263003653968, 1.457263003653968, 1.457263003653968, 1.457263003653968, 1.457263003653968, 1.457263003653968, 1.457263003653968], "timestamp": "2025-03-13_15-44-29"}