{"y_max": 1.6817229668738747, "mean_values": [0.1073589851361334, 0.4065910621588171, 0.9566293299189673, 1.4198350177056223, 1.4198350177056223, 1.4198350177056223, 1.4198350177056223, 1.440708891493374, 1.440708891493374, 1.440708891493374, 1.441743782554277, 1.441743782554277, 1.441743782554277, 1.441743782554277, 1.441743782554277, 1.441743782554277, 1.441743782554277, 1.441743782554277, 1.441743782554277, 1.446136042110062], "timestamp": "2025-03-13_17-57-05"}