{"y_max": 1.6817229668738747, "mean_values": [0.11773947164252317, 0.37668221918526046, 0.869557963044236, 1.3146717499664031, 1.3146717499664031, 1.3146717499664031, 1.4081901573619058, 1.4081901573619058, 1.4081901573619058, 1.441772578354505, 1.441772578354505, 1.441772578354505, 1.441772578354505, 1.4524684906385739, 1.4524684906385739, 1.4524684906385739, 1.4524684906385739, 1.4524684906385739, 1.4524684906385739, 1.4524684906385739], "timestamp": "2025-03-13_17-24-37"}