{"y_max": 1.6817229668738747, "mean_values": [0.2630393254998947, 0.6800343446655115, 1.2662730458330607, 1.338878672107175, 1.338878672107175, 1.4574601216435756, 1.4574601216435756, 1.4574601216435756, 1.4601139666729228, 1.4740697741835227, 1.4740697741835227, 1.4740697741835227, 1.4740697741835227, 1.4740697741835227, 1.4740697741835227, 1.4740697741835227, 1.4740697741835227, 1.4740697741835227, 1.4740697741835227, 1.4740697741835227], "timestamp": "2025-03-13_17-17-19"}