{"y_max": 1.6817229668738747, "mean_values": [0.23492381210428845, 0.55723023335288, 1.1734070513303456, 1.3595824911677075, 1.3595824911677075, 1.3595824911677075, 1.4430981358530688, 1.4518010596605786, 1.4518010596605786, 1.4518010596605786, 1.4518010596605786, 1.4681875022531439, 1.4681875022531439, 1.4681875022531439, 1.4681875022531439, 1.4681875022531439, 1.4681875022531439, 1.4681875022531439, 1.4681875022531439, 1.4681875022531439], "timestamp": "2025-03-13_17-33-02"}