{"y_max": 1.6817229668738747, "mean_values": [0.16129011875442678, 0.44326693708007386, 0.9618646194656915, 1.3890334767903378, 1.3890334767903378, 1.3890334767903378, 1.4170225735437925, 1.4170225735437925, 1.4267233107484425, 1.4436665082717128, 1.4436665082717128, 1.4436665082717128, 1.4436665082717128, 1.4436665082717128, 1.4436665082717128, 1.4436665082717128, 1.4436665082717128, 1.4436665082717128, 1.4436665082717128, 1.4436665082717128], "timestamp": "2025-03-13_16-12-53"}