{"y_max": 1.6817229668738747, "mean_values": [0.2895418594107377, 0.6601638431469065, 1.233302729538437, 1.3258269333796737, 1.3258269333796737, 1.4856134064523037, 1.4856134064523037, 1.4856134064523037, 1.4856134064523037, 1.4856134064523037, 1.4856134064523037, 1.4856134064523037, 1.4856134064523037, 1.4856134064523037, 1.4856134064523037, 1.4856134064523037, 1.4856134064523037, 1.4856134064523037, 1.4856134064523037, 1.4856134064523037], "timestamp": "2025-03-13_15-56-47"}