{"y_max": 1.6817229668738747, "mean_values": [0.11451774607276674, 0.32357900618668073, 0.9039777835669363, 1.408068723981683, 1.408068723981683, 1.408068723981683, 1.4245882583192526, 1.438358326859526, 1.438358326859526, 1.438358326859526, 1.4539769810357017, 1.4539769810357017, 1.4539769810357017, 1.4539769810357017, 1.4539769810357017, 1.4539769810357017, 1.4539769810357017, 1.4539769810357017, 1.4539769810357017, 1.4539769810357017], "timestamp": "2025-03-13_15-34-31"}