{"y_max": 1.6817229668738747, "mean_values": [0.23435727079482646, 0.5964097927533465, 1.2450705432665998, 1.3365524553878942, 1.3365524553878942, 1.3365524553878942, 1.3891760970153308, 1.3998286750894622, 1.4495163987258748, 1.4495163987258748, 1.4495163987258748, 1.4495163987258748, 1.4495163987258748, 1.4495163987258748, 1.4495163987258748, 1.4495163987258748, 1.5347539935397534, 1.5347539935397534, 1.5347539935397534, 1.5347539935397534], "timestamp": "2025-03-13_15-29-39"}