{"y_max": 1.6817229668738747, "mean_values": [0.20655532670453544, 0.5993550875967616, 1.1821612734695124, 1.360042040356586, 1.360042040356586, 1.4467247914389738, 1.4467247914389738, 1.4467247914389738, 1.4510562073753628, 1.4510562073753628, 1.4510562073753628, 1.4565819838473884, 1.4565819838473884, 1.4565819838473884, 1.4565819838473884, 1.4565819838473884, 1.4565819838473884, 1.4565819838473884, 1.4565819838473884, 1.4565819838473884], "timestamp": "2025-03-13_14-58-46"}