{"y_max": 1.6817229668738747, "mean_values": [0.26814875552900397, 0.5975932557121121, 1.1238164166207285, 1.3060355064482168, 1.3060355064482168, 1.4946376299842474, 1.4946376299842474, 1.4946376299842474, 1.4946376299842474, 1.4946376299842474, 1.4946376299842474, 1.4946376299842474, 1.4946376299842474, 1.4946376299842474, 1.4946376299842474, 1.4946376299842474, 1.4946376299842474, 1.4946376299842474, 1.4946376299842474, 1.4946376299842474], "timestamp": "2025-03-13_15-53-10"}