{"y_max": 1.6817229668738747, "mean_values": [0.22414509140168995, 0.5772988584767312, 1.1260572055023643, 1.344181999297886, 1.344181999297886, 1.344181999297886, 1.4154160695888391, 1.422391902659021, 1.4679575878175153, 1.4679575878175153, 1.4679575878175153, 1.4679575878175153, 1.4679575878175153, 1.4679575878175153, 1.4679575878175153, 1.4679575878175153, 1.4679575878175153, 1.4679575878175153, 1.4679575878175153, 1.4679575878175153], "timestamp": "2025-03-13_15-39-29"}