{"y_max": 1.6817229668738747, "mean_values": [0.15591997166882515, 0.413123407591879, 0.9425119883641722, 1.4154516702393012, 1.4154516702393012, 1.4154516702393012, 1.4154516702393012, 1.42861675510111, 1.42861675510111, 1.4649461119182488, 1.4649461119182488, 1.4649461119182488, 1.4649461119182488, 1.4649461119182488, 1.4649461119182488, 1.4649461119182488, 1.4649461119182488, 1.4649461119182488, 1.4649461119182488, 1.4649461119182488], "timestamp": "2025-03-13_17-22-13"}