{"y_max": 1.6817229668738747, "mean_values": [0.11797795296385764, 0.34618312763822157, 0.9009470034978234, 1.4328223066595962, 1.4328223066595962, 1.4328223066595962, 1.4699670605136175, 1.4699670605136175, 1.4699670605136175, 1.4699670605136175, 1.4699670605136175, 1.4699670605136175, 1.4699670605136175, 1.4699670605136175, 1.4699670605136175, 1.4699670605136175, 1.4699670605136175, 1.4699670605136175, 1.4699670605136175, 1.4699670605136175], "timestamp": "2025-03-13_17-49-55"}