{"y_max": 1.6817229668738747, "mean_values": [0.2240203356362681, 0.5828894556377845, 1.1969321956270804, 1.326257191310309, 1.326257191310309, 1.326257191310309, 1.441319643727103, 1.441319643727103, 1.441319643727103, 1.441319643727103, 1.441319643727103, 1.441319643727103, 1.441319643727103, 1.4425487509344628, 1.4425487509344628, 1.4425487509344628, 1.4425487509344628, 1.4425487509344628, 1.4425487509344628, 1.4501663648399683], "timestamp": "2025-03-13_16-19-04"}