{"y_max": 1.6817229668738747, "mean_values": [0.1554958538684734, 0.4064845471511838, 0.9898795594967487, 1.4159258745550611, 1.4159258745550611, 1.4159258745550611, 1.4583540412954812, 1.4583540412954812, 1.4583540412954812, 1.4583540412954812, 1.4583540412954812, 1.4583540412954812, 1.4585803767191887, 1.4585803767191887, 1.4585803767191887, 1.5202342013137105, 1.5202342013137105, 1.5202342013137105, 1.5202342013137105, 1.5202342013137105], "timestamp": "2025-03-13_17-34-14"}