{
    "y_max": 1.6817229668738742,
    "mean_values": [
        0.22842908444863744,
        0.4161706610358566,
        0.8404128709766121,
        1.3021395494538972,
        1.3021395494538972,
        1.3021395494538972,
        1.3021395494538972,
        1.3690238562975459,
        1.3690238562975459,
        1.3690238562975459,
        1.3690238562975459,
        1.3690238562975459,
        1.3690238562975459,
        1.3690238562975459,
        1.5820047712346612,
        1.5820047712346612,
        1.5820047712346612,
        1.5820047712346612,
        1.5820047712346612,
        1.5820047712346612,
        1.5820047712346612,
        1.5820047712346612,
        1.5820047712346612,
        1.5820047712346612,
        1.6192895419476196,
        1.6192895419476196,
        1.6192895419476196,
        1.6192895419476196,
        1.6192895419476196,
        1.6192895419476196,
        1.6192895419476196,
        1.6192895419476196,
        1.6192895419476196,
        1.6192895419476196,
        1.6901104870071801,
        1.6901104870071801,
        1.6901104870071801,
        1.6901104870071801,
        1.6901104870071801,
        1.6901104870071801,
        1.6901104870071801,
        1.6946251811810977,
        1.704644416040535,
        1.704644416040535,
        1.704644416040535,
        1.704644416040535,
        1.704644416040535,
        1.704644416040535,
        1.704644416040535,
        1.704644416040535
    ],
    "timestamp": "2025-03-13_11-23-09"
}