{
    "y_max": 1.6817229668738742,
    "mean_values": [
        0.1460400149137459,
        0.1460400149137459,
        0.2880177450618775,
        0.7056584306126684,
        1.228908149392407,
        1.415560749225929,
        1.415560749225929,
        1.415560749225929,
        1.415560749225929,
        1.415560749225929,
        1.415560749225929,
        1.415560749225929,
        1.415560749225929,
        1.415560749225929,
        1.415560749225929,
        1.415560749225929,
        1.415560749225929,
        1.415560749225929,
        1.415560749225929,
        1.415560749225929,
        1.6652106096800443,
        1.6652106096800443,
        1.6652106096800443,
        1.6652106096800443,
        1.6652106096800443,
        1.6652106096800443,
        1.6652106096800443,
        1.6652106096800443,
        1.6652106096800443,
        1.6652106096800443,
        1.6652106096800443,
        1.6652106096800443,
        1.6666508844333934,
        1.6666508844333934,
        1.6666508844333934,
        1.6666508844333934,
        1.6666508844333934,
        1.6666508844333934,
        1.6666508844333934,
        1.6666508844333934,
        1.6666508844333934,
        1.6666508844333934,
        1.6666508844333934,
        1.6666508844333934,
        1.6666508844333934,
        1.6666508844333934,
        1.6666508844333934,
        1.6666508844333934,
        1.6666508844333934,
        1.6666508844333934
    ],
    "timestamp": "2025-03-13_10-43-21"
}