{
    "y_max": 1.6817229668738742,
    "mean_values": [
        0.2168658140636336,
        0.2168658140636336,
        0.2168658140636336,
        0.3283121576720724,
        0.7291013542455547,
        1.1804200561759575,
        1.356436950122476,
        1.356436950122476,
        1.356436950122476,
        1.356436950122476,
        1.356436950122476,
        1.356436950122476,
        1.356436950122476,
        1.356436950122476,
        1.356436950122476,
        1.356436950122476,
        1.356436950122476,
        1.356436950122476,
        1.4418294910802794,
        1.4418294910802794,
        1.6249696547410175,
        1.6249696547410175,
        1.6249696547410175,
        1.6249696547410175,
        1.6249696547410175,
        1.6249696547410175,
        1.6249696547410175,
        1.6249696547410175,
        1.6249696547410175,
        1.6249696547410175,
        1.6249696547410175,
        1.6249696547410175,
        1.7040860473480877,
        1.7040860473480877,
        1.7314874828120332,
        1.7314874828120332,
        1.7314874828120332,
        1.7314874828120332,
        1.7314874828120332,
        1.7314874828120332,
        1.7314874828120332,
        1.7314874828120332,
        1.7314874828120332,
        1.7314874828120332,
        1.7314874828120332,
        1.7314874828120332,
        1.7314874828120332,
        1.7314874828120332,
        1.7314874828120332,
        1.7314874828120332
    ],
    "timestamp": "2025-03-13_09-19-27"
}