{
    "y_max": 1.6817229668738742,
    "mean_values": [
        0.22863066626214334,
        0.22863066626214334,
        0.4312671872269551,
        0.891729485927401,
        0.891729485927401,
        0.891729485927401,
        1.3233055647288618,
        1.3591101519236615,
        1.3591101519236615,
        1.3591101519236615,
        1.3591101519236615,
        1.3591101519236615,
        1.3591101519236615,
        1.3591101519236615,
        1.3591101519236615,
        1.3591101519236615,
        1.3591101519236615,
        1.3591101519236615,
        1.3591101519236615,
        1.3591101519236615,
        1.4133498503011481,
        1.6400844561022188,
        1.6400844561022188,
        1.6400844561022188,
        1.6400844561022188,
        1.6400844561022188,
        1.6400844561022188,
        1.6400844561022188,
        1.6400844561022188,
        1.6400844561022188,
        1.6400844561022188,
        1.6400844561022188,
        1.689963167264164,
        1.689963167264164,
        1.689963167264164,
        1.689963167264164,
        1.689963167264164,
        1.689963167264164,
        1.689963167264164,
        1.712979241351345,
        1.712979241351345,
        1.712979241351345,
        1.712979241351345,
        1.712979241351345,
        1.712979241351345,
        1.712979241351345,
        1.712979241351345,
        1.712979241351345,
        1.712979241351345,
        1.712979241351345
    ],
    "timestamp": "2025-03-13_12-41-23"
}