{
    "y_max": 1.6817229668738742,
    "mean_values": [
        0.14630227946535368,
        0.14630227946535368,
        0.29644986955643404,
        0.6702370594981566,
        0.6702370594981566,
        0.6702370594981566,
        0.6702370594981566,
        1.253770694741842,
        1.5090814391493677,
        1.5090814391493677,
        1.5090814391493677,
        1.5090814391493677,
        1.5090814391493677,
        1.5090814391493677,
        1.5090814391493677,
        1.5090814391493677,
        1.5090814391493677,
        1.5090814391493677,
        1.5090814391493677,
        1.5090814391493677,
        1.5090814391493677,
        1.7120327695918076,
        1.7120327695918076,
        1.7120327695918076,
        1.7120327695918076,
        1.7120327695918076,
        1.716030411189767,
        1.716030411189767,
        1.716030411189767,
        1.728102663871096,
        1.728102663871096,
        1.728102663871096,
        1.728102663871096,
        1.728102663871096,
        1.728102663871096,
        1.728102663871096,
        1.728102663871096,
        1.728102663871096,
        1.728102663871096,
        1.728102663871096,
        1.728102663871096,
        1.728102663871096,
        1.728102663871096,
        1.728102663871096,
        1.728102663871096,
        1.728102663871096,
        1.728102663871096,
        1.728102663871096,
        1.728102663871096,
        1.728102663871096
    ],
    "timestamp": "2025-03-13_11-02-45"
}