{
    "y_max": 1.6817229668738742,
    "mean_values": [
        0.10638123749221981,
        0.2924837731746593,
        0.2924837731746593,
        0.2924837731746593,
        0.6530360036036309,
        1.1668753595559334,
        1.346273851734939,
        1.4037035680739947,
        1.4037035680739947,
        1.4037035680739947,
        1.4037035680739947,
        1.4037035680739947,
        1.4037035680739947,
        1.4037035680739947,
        1.4037035680739947,
        1.4037035680739947,
        1.4037035680739947,
        1.4037035680739947,
        1.4037035680739947,
        1.4037035680739947,
        1.4037035680739947,
        1.633092850653946,
        1.633092850653946,
        1.633092850653946,
        1.633092850653946,
        1.633092850653946,
        1.633092850653946,
        1.633092850653946,
        1.633092850653946,
        1.6697997767734518,
        1.6697997767734518,
        1.6697997767734518,
        1.6697997767734518,
        1.6697997767734518,
        1.6697997767734518,
        1.6697997767734518,
        1.6697997767734518,
        1.69583198996057,
        1.69583198996057,
        1.69583198996057,
        1.69583198996057,
        1.69583198996057,
        1.69583198996057,
        1.69583198996057,
        1.69583198996057,
        1.69583198996057,
        1.69583198996057,
        1.69583198996057,
        1.69583198996057,
        1.69583198996057
    ],
    "timestamp": "2025-03-13_10-54-11"
}