{
    "y_max": 1.6817229668738742,
    "mean_values": [
        0.1896190337441715,
        0.4464935491284922,
        0.7585677821319226,
        1.2451840859009624,
        1.2451840859009624,
        1.2451840859009624,
        1.4007342542493328,
        1.4007342542493328,
        1.4007342542493328,
        1.4007342542493328,
        1.4007342542493328,
        1.4007342542493328,
        1.4007342542493328,
        1.4007342542493328,
        1.4007342542493328,
        1.4007342542493328,
        1.4007342542493328,
        1.4007342542493328,
        1.4007342542493328,
        1.4007342542493328,
        1.5653083374142274,
        1.5653083374142274,
        1.5653083374142274,
        1.5653083374142274,
        1.5653083374142274,
        1.5653083374142274,
        1.6703935728594037,
        1.6703935728594037,
        1.6703935728594037,
        1.7144322953631783,
        1.7144322953631783,
        1.7144322953631783,
        1.7144322953631783,
        1.7144322953631783,
        1.7144322953631783,
        1.7144322953631783,
        1.7144322953631783,
        1.7144322953631783,
        1.7144322953631783,
        1.7144322953631783,
        1.7144322953631783,
        1.7144322953631783,
        1.7144322953631783,
        1.7144322953631783,
        1.7144322953631783,
        1.7144322953631783,
        1.7144322953631783,
        1.7144322953631783,
        1.7144322953631783,
        1.7144322953631783
    ],
    "timestamp": "2025-03-13_12-06-06"
}