{
    "y_max": 1.6817229668738742,
    "mean_values": [
        0.2539074889353601,
        0.4284271073932736,
        0.7854619884906675,
        1.2573214125763392,
        1.398621968331625,
        1.398621968331625,
        1.398621968331625,
        1.398621968331625,
        1.398621968331625,
        1.398621968331625,
        1.398621968331625,
        1.398621968331625,
        1.398621968331625,
        1.398621968331625,
        1.398621968331625,
        1.398621968331625,
        1.398621968331625,
        1.398621968331625,
        1.398621968331625,
        1.398621968331625,
        1.470191441837148,
        1.555211643862793,
        1.555211643862793,
        1.555211643862793,
        1.555211643862793,
        1.555211643862793,
        1.555211643862793,
        1.555211643862793,
        1.555211643862793,
        1.6003079858227462,
        1.6574931269799977,
        1.6574931269799977,
        1.6574931269799977,
        1.6574931269799977,
        1.6574931269799977,
        1.6574931269799977,
        1.6574931269799977,
        1.6574931269799977,
        1.6574931269799977,
        1.6948603772994546,
        1.6948603772994546,
        1.6948603772994546,
        1.6948603772994546,
        1.6948603772994546,
        1.6948603772994546,
        1.6948603772994546,
        1.6948603772994546,
        1.6948603772994546,
        1.6948603772994546,
        1.6948603772994546
    ],
    "timestamp": "2025-03-13_11-39-16"
}