{
    "y_max": 1.6817229668738742,
    "mean_values": [
        0.16132478333435968,
        0.3816617272595676,
        0.7479783376180942,
        0.9727015080494392,
        1.4346143247359573,
        1.4346143247359573,
        1.4346143247359573,
        1.4346143247359573,
        1.4346143247359573,
        1.4346143247359573,
        1.4346143247359573,
        1.4346143247359573,
        1.4346143247359573,
        1.4346143247359573,
        1.4346143247359573,
        1.4346143247359573,
        1.4346143247359573,
        1.4346143247359573,
        1.4346143247359573,
        1.4346143247359573,
        1.4346143247359573,
        1.5248804198831263,
        1.5404266106314217,
        1.5404266106314217,
        1.5404266106314217,
        1.5404266106314217,
        1.5404266106314217,
        1.5404266106314217,
        1.676995701568782,
        1.676995701568782,
        1.676995701568782,
        1.676995701568782,
        1.676995701568782,
        1.676995701568782,
        1.676995701568782,
        1.676995701568782,
        1.676995701568782,
        1.676995701568782,
        1.676995701568782,
        1.7098224015940056,
        1.7098224015940056,
        1.7098224015940056,
        1.7098224015940056,
        1.7098224015940056,
        1.7098224015940056,
        1.7098224015940056,
        1.7098224015940056,
        1.7098224015940056,
        1.7098224015940056,
        1.7098224015940056
    ],
    "timestamp": "2025-03-13_09-00-32"
}