{
    "y_max": 1.6817229668738742,
    "mean_values": [
        0.1892660123414202,
        0.1892660123414202,
        0.3201641278959891,
        0.6760852729698126,
        0.6760852729698126,
        1.2199987422746998,
        1.3847828495849277,
        1.3847828495849277,
        1.3847828495849277,
        1.3847828495849277,
        1.3847828495849277,
        1.3847828495849277,
        1.3847828495849277,
        1.3847828495849277,
        1.3847828495849277,
        1.3847828495849277,
        1.3847828495849277,
        1.6287796298742678,
        1.6287796298742678,
        1.6287796298742678,
        1.6287796298742678,
        1.6287796298742678,
        1.6287796298742678,
        1.6287796298742678,
        1.6287796298742678,
        1.6708683362180035,
        1.6708683362180035,
        1.6708683362180035,
        1.6708683362180035,
        1.6708683362180035,
        1.6708683362180035,
        1.6708683362180035,
        1.6928363297809712,
        1.6928363297809712,
        1.6928363297809712,
        1.6928363297809712,
        1.6928363297809712,
        1.6928363297809712,
        1.6928363297809712,
        1.6928363297809712,
        1.6928363297809712,
        1.6928363297809712,
        1.6928363297809712,
        1.6928363297809712,
        1.6928363297809712,
        1.6928363297809712,
        1.6928363297809712,
        1.6928363297809712,
        1.6928363297809712,
        1.6928363297809712
    ],
    "timestamp": "2025-03-13_11-20-32"
}