{
    "y_max": 1.6817229668738742,
    "mean_values": [
        0.17983564731276203,
        0.38787783846515095,
        0.38787783846515095,
        0.885596875163569,
        0.885596875163569,
        0.885596875163569,
        1.382568250672636,
        1.382568250672636,
        1.382568250672636,
        1.382568250672636,
        1.382568250672636,
        1.382568250672636,
        1.382568250672636,
        1.382568250672636,
        1.382568250672636,
        1.382568250672636,
        1.382568250672636,
        1.382568250672636,
        1.382568250672636,
        1.382568250672636,
        1.382568250672636,
        1.6398020317349276,
        1.6398020317349276,
        1.6398020317349276,
        1.6398020317349276,
        1.6398020317349276,
        1.6398020317349276,
        1.6398020317349276,
        1.6398020317349276,
        1.6398020317349276,
        1.6398020317349276,
        1.6398020317349276,
        1.6398020317349276,
        1.6398020317349276,
        1.6398020317349276,
        1.6398020317349276,
        1.6776871657896453,
        1.6776871657896453,
        1.6776871657896453,
        1.6776871657896453,
        1.6776871657896453,
        1.6776871657896453,
        1.6776871657896453,
        1.7201793858319976,
        1.7201793858319976,
        1.7201793858319976,
        1.7201793858319976,
        1.7201793858319976,
        1.7201793858319976,
        1.7201793858319976
    ],
    "timestamp": "2025-03-13_13-02-19"
}