{
    "y_max": 1.6817229668738742,
    "mean_values": [
        0.1361615960745348,
        0.1361615960745348,
        0.20347387768741435,
        0.5347074638683109,
        1.0445444388609293,
        1.4421534435462384,
        1.4421534435462384,
        1.4421534435462384,
        1.4421534435462384,
        1.4421534435462384,
        1.4421534435462384,
        1.4421534435462384,
        1.4421534435462384,
        1.4421534435462384,
        1.4421534435462384,
        1.4421534435462384,
        1.4421534435462384,
        1.4421534435462384,
        1.4421534435462384,
        1.4421534435462384,
        1.4421534435462384,
        1.6147144384042964,
        1.6147144384042964,
        1.6147144384042964,
        1.6147144384042964,
        1.6147144384042964,
        1.6147144384042964,
        1.6803634324553114,
        1.6803634324553114,
        1.6803634324553114,
        1.6803634324553114,
        1.6803634324553114,
        1.6803634324553114,
        1.7138902845415294,
        1.7138902845415294,
        1.7138902845415294,
        1.7138902845415294,
        1.7138902845415294,
        1.7138902845415294,
        1.7138902845415294,
        1.7138902845415294,
        1.7138902845415294,
        1.7138902845415294,
        1.7138902845415294,
        1.7138902845415294,
        1.7138902845415294,
        1.7138902845415294,
        1.7138902845415294,
        1.7138902845415294,
        1.7138902845415294
    ],
    "timestamp": "2025-03-13_11-07-45"
}