{
    "y_max": 1.6817229668738742,
    "mean_values": [
        0.09566395458893762,
        0.09566395458893762,
        0.09566395458893762,
        0.12158292261949535,
        0.3822947669959337,
        0.8599085325642342,
        1.2922476935881877,
        1.3812099476874489,
        1.3812099476874489,
        1.3812099476874489,
        1.3812099476874489,
        1.3812099476874489,
        1.3812099476874489,
        1.3812099476874489,
        1.3812099476874489,
        1.3812099476874489,
        1.3812099476874489,
        1.3812099476874489,
        1.3812099476874489,
        1.3812099476874489,
        1.601188402908221,
        1.601188402908221,
        1.601188402908221,
        1.601188402908221,
        1.601188402908221,
        1.601188402908221,
        1.6763274861879665,
        1.6763274861879665,
        1.6763274861879665,
        1.6763274861879665,
        1.6763274861879665,
        1.6763274861879665,
        1.6763274861879665,
        1.6763274861879665,
        1.6763274861879665,
        1.6763274861879665,
        1.6763274861879665,
        1.6763274861879665,
        1.6763274861879665,
        1.6763274861879665,
        1.6763274861879665,
        1.6763274861879665,
        1.6763274861879665,
        1.6763274861879665,
        1.6763274861879665,
        1.6763274861879665,
        1.6763274861879665,
        1.6763274861879665,
        1.6763274861879665,
        1.6763274861879665
    ],
    "timestamp": "2025-03-13_09-44-59"
}