{
    "y_max": 1.6817229668738742,
    "mean_values": [
        0.11525686787697205,
        0.11525686787697205,
        0.2509352315823763,
        0.6053211813036184,
        0.6053211813036184,
        0.6053211813036184,
        0.6053211813036184,
        1.040316615673234,
        1.4293981459531035,
        1.4293981459531035,
        1.4293981459531035,
        1.4293981459531035,
        1.4293981459531035,
        1.4293981459531035,
        1.4293981459531035,
        1.5755180174036538,
        1.5755180174036538,
        1.5755180174036538,
        1.5755180174036538,
        1.5755180174036538,
        1.5755180174036538,
        1.5755180174036538,
        1.5755180174036538,
        1.5755180174036538,
        1.5755180174036538,
        1.5755180174036538,
        1.714135302664099,
        1.714135302664099,
        1.714135302664099,
        1.714135302664099,
        1.714135302664099,
        1.714135302664099,
        1.714135302664099,
        1.714135302664099,
        1.714135302664099,
        1.714135302664099,
        1.714135302664099,
        1.725578384680632,
        1.725578384680632,
        1.725578384680632,
        1.725578384680632,
        1.725578384680632,
        1.725578384680632,
        1.725578384680632,
        1.725578384680632,
        1.725578384680632,
        1.725578384680632,
        1.725578384680632,
        1.725578384680632,
        1.725578384680632
    ],
    "timestamp": "2025-03-13_09-53-03"
}