{
    "y_max": 1.6817229668738742,
    "mean_values": [
        0.21621340368707026,
        0.45405178199272683,
        0.832817201411344,
        1.0348474589840149,
        1.335491165130964,
        1.335491165130964,
        1.423297362210835,
        1.423297362210835,
        1.423297362210835,
        1.423297362210835,
        1.423297362210835,
        1.423297362210835,
        1.423297362210835,
        1.423297362210835,
        1.423297362210835,
        1.423297362210835,
        1.423297362210835,
        1.423297362210835,
        1.423297362210835,
        1.423297362210835,
        1.5824125620930471,
        1.5824125620930471,
        1.5824125620930471,
        1.5824125620930471,
        1.5824125620930471,
        1.5824125620930471,
        1.5824125620930471,
        1.6735588314503438,
        1.6735588314503438,
        1.6735588314503438,
        1.6743627078580188,
        1.6743627078580188,
        1.6743627078580188,
        1.6794875600577734,
        1.6794875600577734,
        1.6794875600577734,
        1.6794875600577734,
        1.7329991857314653,
        1.7329991857314653,
        1.7329991857314653,
        1.7329991857314653,
        1.7329991857314653,
        1.7329991857314653,
        1.7329991857314653,
        1.7329991857314653,
        1.7329991857314653,
        1.7329991857314653,
        1.7329991857314653,
        1.7329991857314653,
        1.7329991857314653
    ],
    "timestamp": "2025-03-13_10-23-04"
}