{
    "y_max": 1.6817229668738742,
    "mean_values": [
        0.11007545693788737,
        0.11007545693788737,
        0.11007545693788737,
        0.11007545693788737,
        0.3360296400411114,
        0.7852468682248307,
        1.2774129520659476,
        1.3729816970635986,
        1.3729816970635986,
        1.3729816970635986,
        1.3729816970635986,
        1.3729816970635986,
        1.3729816970635986,
        1.3729816970635986,
        1.3729816970635986,
        1.3729816970635986,
        1.3729816970635986,
        1.3729816970635986,
        1.5959872529523647,
        1.5959872529523647,
        1.5959872529523647,
        1.5959872529523647,
        1.5959872529523647,
        1.5959872529523647,
        1.5959872529523647,
        1.5959872529523647,
        1.5959872529523647,
        1.5959872529523647,
        1.5959872529523647,
        1.5959872529523647,
        1.6637070183687208,
        1.6637070183687208,
        1.667456329534825,
        1.667456329534825,
        1.667456329534825,
        1.667456329534825,
        1.667456329534825,
        1.667456329534825,
        1.667456329534825,
        1.667456329534825,
        1.667456329534825,
        1.667456329534825,
        1.667456329534825,
        1.667456329534825,
        1.667456329534825,
        1.667456329534825,
        1.6845455062437584,
        1.6845455062437584,
        1.6845455062437584,
        1.6845455062437584
    ],
    "timestamp": "2025-03-13_09-33-00"
}