{
    "y_max": 1.6817229668738742,
    "mean_values": [
        0.14455748357961176,
        0.14455748357961176,
        0.31788437909148065,
        0.6771698527959312,
        0.6771698527959312,
        1.2478415412760444,
        1.4011135638379557,
        1.4011135638379557,
        1.4011135638379557,
        1.4011135638379557,
        1.4011135638379557,
        1.4011135638379557,
        1.4011135638379557,
        1.4011135638379557,
        1.4011135638379557,
        1.4011135638379557,
        1.6545898945951079,
        1.6545898945951079,
        1.6545898945951079,
        1.6545898945951079,
        1.6545898945951079,
        1.6545898945951079,
        1.6545898945951079,
        1.6545898945951079,
        1.6545898945951079,
        1.6545898945951079,
        1.6545898945951079,
        1.6545898945951079,
        1.6545898945951079,
        1.6545898945951079,
        1.6545898945951079,
        1.6545898945951079,
        1.6545898945951079,
        1.6545898945951079,
        1.6545898945951079,
        1.6545898945951079,
        1.6545898945951079,
        1.6585215061870788,
        1.6585215061870788,
        1.6585215061870788,
        1.6585215061870788,
        1.6585215061870788,
        1.6707298811069116,
        1.6707298811069116,
        1.6707298811069116,
        1.6707298811069116,
        1.6707298811069116,
        1.6707298811069116,
        1.6707298811069116,
        1.6707298811069116
    ],
    "timestamp": "2025-03-13_09-11-36"
}