{
    "y_max": 1.6817229668738742,
    "mean_values": [
        0.14796918934797065,
        0.24314799476219853,
        0.4148071133436868,
        0.4148071133436868,
        0.739258927155919,
        1.351470355564793,
        1.351470355564793,
        1.4301613036730096,
        1.4301613036730096,
        1.4301613036730096,
        1.4301613036730096,
        1.4301613036730096,
        1.4301613036730096,
        1.4301613036730096,
        1.4301613036730096,
        1.4301613036730096,
        1.4301613036730096,
        1.4301613036730096,
        1.6370690169655047,
        1.6370690169655047,
        1.6370690169655047,
        1.6370690169655047,
        1.668619665492451,
        1.668619665492451,
        1.668619665492451,
        1.668619665492451,
        1.668619665492451,
        1.668619665492451,
        1.668619665492451,
        1.668619665492451,
        1.668619665492451,
        1.668619665492451,
        1.668619665492451,
        1.668619665492451,
        1.668619665492451,
        1.668619665492451,
        1.668619665492451,
        1.6973943288941498,
        1.6973943288941498,
        1.6973943288941498,
        1.6973943288941498,
        1.6973943288941498,
        1.6973943288941498,
        1.6973943288941498,
        1.6973943288941498,
        1.6973943288941498,
        1.6973943288941498,
        1.6973943288941498,
        1.6973943288941498,
        1.6973943288941498
    ],
    "timestamp": "2025-03-13_11-41-54"
}