{
    "y_max": 1.6817229668738742,
    "mean_values": [
        0.19874409865029122,
        0.3752192707801963,
        0.7096884852434711,
        1.2486079499330913,
        1.2486079499330913,
        1.443126262011682,
        1.443126262011682,
        1.443126262011682,
        1.443126262011682,
        1.443126262011682,
        1.443126262011682,
        1.443126262011682,
        1.443126262011682,
        1.443126262011682,
        1.443126262011682,
        1.443126262011682,
        1.443126262011682,
        1.443126262011682,
        1.443126262011682,
        1.443126262011682,
        1.4925639492976226,
        1.5355196574683294,
        1.5355196574683294,
        1.5355196574683294,
        1.5355196574683294,
        1.6653654874978217,
        1.6653654874978217,
        1.6653654874978217,
        1.6653654874978217,
        1.6653654874978217,
        1.6784522542647944,
        1.6784522542647944,
        1.6784522542647944,
        1.6784522542647944,
        1.6784522542647944,
        1.6784522542647944,
        1.6784522542647944,
        1.6784522542647944,
        1.6784522542647944,
        1.7250887975776974,
        1.7250887975776974,
        1.7250887975776974,
        1.7250887975776974,
        1.7250887975776974,
        1.7250887975776974,
        1.7250887975776974,
        1.7250887975776974,
        1.7250887975776974,
        1.7250887975776974,
        1.7250887975776974
    ],
    "timestamp": "2025-03-13_12-51-17"
}