{
    "y_max": 1.6817229668738742,
    "mean_values": [
        0.1872012863800495,
        0.3686188635350586,
        0.7568141231366553,
        1.3323678031079178,
        1.3491977517731262,
        1.3491977517731262,
        1.3491977517731262,
        1.3491977517731262,
        1.3491977517731262,
        1.3491977517731262,
        1.3491977517731262,
        1.3491977517731262,
        1.3491977517731262,
        1.3491977517731262,
        1.3491977517731262,
        1.3491977517731262,
        1.3491977517731262,
        1.3491977517731262,
        1.3491977517731262,
        1.3491977517731262,
        1.6979232023460036,
        1.6979232023460036,
        1.6979232023460036,
        1.6979232023460036,
        1.6979232023460036,
        1.6979232023460036,
        1.6979232023460036,
        1.6979232023460036,
        1.6979232023460036,
        1.6979232023460036,
        1.6979232023460036,
        1.6979232023460036,
        1.6979232023460036,
        1.6979232023460036,
        1.6979232023460036,
        1.6979232023460036,
        1.6979232023460036,
        1.6979232023460036,
        1.6979232023460036,
        1.6979232023460036,
        1.6979232023460036,
        1.6979232023460036,
        1.6979232023460036,
        1.6979232023460036,
        1.6979232023460036,
        1.6979232023460036,
        1.6979232023460036,
        1.6979232023460036,
        1.6979232023460036,
        1.6979232023460036
    ],
    "timestamp": "2025-03-13_09-14-04"
}