{
    "y_max": 1.6817229668738742,
    "mean_values": [
        0.23880745064043557,
        0.4026604365783074,
        0.6818985556949586,
        0.6818985556949586,
        1.159886141790872,
        1.159886141790872,
        1.4217193273140363,
        1.4217193273140363,
        1.4217193273140363,
        1.4217193273140363,
        1.4217193273140363,
        1.4217193273140363,
        1.4217193273140363,
        1.4217193273140363,
        1.4217193273140363,
        1.4217193273140363,
        1.4217193273140363,
        1.4217193273140363,
        1.699433380221414,
        1.699433380221414,
        1.699433380221414,
        1.699433380221414,
        1.699433380221414,
        1.699433380221414,
        1.699433380221414,
        1.699433380221414,
        1.699433380221414,
        1.699433380221414,
        1.699433380221414,
        1.699433380221414,
        1.699433380221414,
        1.699433380221414,
        1.699433380221414,
        1.699433380221414,
        1.699433380221414,
        1.699433380221414,
        1.699433380221414,
        1.699433380221414,
        1.699433380221414,
        1.699433380221414,
        1.699433380221414,
        1.699433380221414,
        1.699433380221414,
        1.699433380221414,
        1.699433380221414,
        1.699433380221414,
        1.699433380221414,
        1.699433380221414,
        1.699433380221414,
        1.699433380221414
    ],
    "timestamp": "2025-03-13_09-37-52"
}