{
    "y_max": 1.6817229668738742,
    "mean_values": [
        0.1486490947888549,
        0.1486490947888549,
        0.36074066292314755,
        0.7427767164789475,
        1.2537369944641885,
        1.3689653408323423,
        1.3689653408323423,
        1.3689653408323423,
        1.3689653408323423,
        1.3689653408323423,
        1.3689653408323423,
        1.3689653408323423,
        1.3689653408323423,
        1.3689653408323423,
        1.3689653408323423,
        1.3689653408323423,
        1.3689653408323423,
        1.3689653408323423,
        1.3689653408323423,
        1.3689653408323423,
        1.6475099998999785,
        1.6475099998999785,
        1.6475099998999785,
        1.6475099998999785,
        1.6475099998999785,
        1.6475099998999785,
        1.6571597794813064,
        1.6571597794813064,
        1.6571597794813064,
        1.683875351049932,
        1.683875351049932,
        1.683875351049932,
        1.683875351049932,
        1.683875351049932,
        1.683875351049932,
        1.683875351049932,
        1.683875351049932,
        1.683875351049932,
        1.683875351049932,
        1.683875351049932,
        1.683875351049932,
        1.683875351049932,
        1.683875351049932,
        1.683875351049932,
        1.683875351049932,
        1.683875351049932,
        1.683875351049932,
        1.683875351049932,
        1.683875351049932,
        1.683875351049932
    ],
    "timestamp": "2025-03-13_11-28-33"
}