{
    "y_max": 1.6817229668738742,
    "mean_values": [
        0.14932945320829663,
        0.14932945320829663,
        0.3063516829416668,
        0.6506823448307365,
        1.1516181720535372,
        1.1516181720535372,
        1.4019042764987124,
        1.4019042764987124,
        1.4019042764987124,
        1.4019042764987124,
        1.4019042764987124,
        1.4019042764987124,
        1.4019042764987124,
        1.4019042764987124,
        1.4019042764987124,
        1.4019042764987124,
        1.4019042764987124,
        1.4019042764987124,
        1.4019042764987124,
        1.4019042764987124,
        1.6058401199688441,
        1.6058401199688441,
        1.6058401199688441,
        1.6058401199688441,
        1.6058401199688441,
        1.6058401199688441,
        1.6058401199688441,
        1.6058401199688441,
        1.6058401199688441,
        1.6712183172881787,
        1.6712183172881787,
        1.6712183172881787,
        1.6712183172881787,
        1.6712183172881787,
        1.6712183172881787,
        1.6712183172881787,
        1.6712183172881787,
        1.6712183172881787,
        1.6712183172881787,
        1.6712183172881787,
        1.6712183172881787,
        1.6712183172881787,
        1.6712183172881787,
        1.6712183172881787,
        1.6712183172881787,
        1.6712183172881787,
        1.6712183172881787,
        1.6712183172881787,
        1.6712183172881787,
        1.6712183172881787
    ],
    "timestamp": "2025-03-13_09-27-15"
}