{
    "y_max": 1.6817229668738742,
    "mean_values": [
        0.16965119461742842,
        0.16965119461742842,
        0.16965119461742842,
        0.16965119461742842,
        0.37777698009025057,
        0.37777698009025057,
        0.8246472244104548,
        0.8246472244104548,
        1.3811566710304937,
        1.4412814265173326,
        1.4412814265173326,
        1.4412814265173326,
        1.4412814265173326,
        1.49193775603766,
        1.5589941610675713,
        1.5589941610675713,
        1.5589941610675713,
        1.5589941610675713,
        1.5589941610675713,
        1.5589941610675713,
        1.5589941610675713,
        1.5589941610675713,
        1.5589941610675713,
        1.5589941610675713,
        1.5589941610675713,
        1.5589941610675713,
        1.6833246724702036,
        1.6833246724702036,
        1.6833246724702036,
        1.6833246724702036,
        1.6833246724702036,
        1.6833246724702036,
        1.6833246724702036,
        1.6833246724702036,
        1.6833246724702036,
        1.6833246724702036,
        1.6833246724702036,
        1.6833246724702036,
        1.6833246724702036,
        1.6833246724702036,
        1.6833246724702036,
        1.6833246724702036,
        1.6833246724702036,
        1.6833246724702036,
        1.6833246724702036,
        1.6833246724702036,
        1.6833246724702036,
        1.6833246724702036,
        1.6833246724702036,
        1.6833246724702036
    ],
    "timestamp": "2025-03-13_12-17-05"
}