{
    "y_max": 1.6817229668738742,
    "mean_values": [
        0.14692297891058573,
        0.14692297891058573,
        0.14692297891058573,
        0.3200779463605215,
        0.3200779463605215,
        0.3200779463605215,
        0.49919407328388954,
        0.631216672767102,
        0.8495742524295196,
        1.198109941924088,
        1.198109941924088,
        1.3081545609336793,
        1.3851100148862483,
        1.3851100148862483,
        1.6506592354996306,
        1.6506592354996306,
        1.6506592354996306,
        1.6506592354996306,
        1.6506592354996306,
        1.6506592354996306,
        1.6506592354996306,
        1.6506592354996306,
        1.6506592354996306,
        1.6506592354996306,
        1.6506592354996306,
        1.6506592354996306,
        1.6506592354996306,
        1.6506592354996306,
        1.6506592354996306,
        1.6506592354996306,
        1.6506592354996306,
        1.6506592354996306,
        1.6506592354996306,
        1.6506592354996306,
        1.6506592354996306,
        1.6506592354996306,
        1.6506592354996306,
        1.6506592354996306,
        1.6506592354996306,
        1.6506592354996306,
        1.6506592354996306,
        1.6506592354996306,
        1.6506592354996306,
        1.6506592354996306,
        1.6506592354996306,
        1.6506592354996306,
        1.6506592354996306,
        1.6506592354996306,
        1.6506592354996306,
        1.6506592354996306
    ],
    "timestamp": "2025-03-13_10-29-48"
}