{
    "y_max": 1.6817229668738742,
    "mean_values": [
        0.17916966176050014,
        0.3846609545905864,
        0.7406768680055178,
        1.246403838511004,
        1.3906594013176012,
        1.3906594013176012,
        1.3906594013176012,
        1.3906594013176012,
        1.3906594013176012,
        1.3906594013176012,
        1.3906594013176012,
        1.3906594013176012,
        1.3906594013176012,
        1.3906594013176012,
        1.3906594013176012,
        1.3906594013176012,
        1.3906594013176012,
        1.7415387684865673,
        1.7415387684865673,
        1.7415387684865673,
        1.7415387684865673,
        1.7415387684865673,
        1.7415387684865673,
        1.7415387684865673,
        1.7415387684865673,
        1.7415387684865673,
        1.7415387684865673,
        1.7415387684865673,
        1.7415387684865673,
        1.7415387684865673,
        1.7415387684865673,
        1.7415387684865673,
        1.7415387684865673,
        1.7415387684865673,
        1.7415387684865673,
        1.7415387684865673,
        1.7415387684865673,
        1.7415387684865673,
        1.7415387684865673,
        1.7415387684865673,
        1.7415387684865673,
        1.7415387684865673,
        1.7415387684865673,
        1.7415387684865673,
        1.7490539761157406,
        1.7490539761157406,
        1.7490539761157406,
        1.7490539761157406,
        1.7490539761157406,
        1.7490539761157406
    ],
    "timestamp": "2025-03-13_12-46-25"
}