{
    "y_max": 1.6817229668738742,
    "mean_values": [
        0.1824090493469973,
        0.3043570746782542,
        0.3043570746782542,
        0.6317787770200646,
        0.6317787770200646,
        1.1002491284206526,
        1.422239805190052,
        1.422239805190052,
        1.422239805190052,
        1.422239805190052,
        1.422239805190052,
        1.422239805190052,
        1.422239805190052,
        1.422239805190052,
        1.422239805190052,
        1.422239805190052,
        1.6535094339784497,
        1.6535094339784497,
        1.6535094339784497,
        1.6535094339784497,
        1.6535094339784497,
        1.6535094339784497,
        1.6535094339784497,
        1.6535094339784497,
        1.6535094339784497,
        1.6535094339784497,
        1.6535094339784497,
        1.6535094339784497,
        1.6535094339784497,
        1.6535094339784497,
        1.6660070467048558,
        1.71114621758815,
        1.71114621758815,
        1.71114621758815,
        1.71114621758815,
        1.71114621758815,
        1.71114621758815,
        1.71114621758815,
        1.71114621758815,
        1.71114621758815,
        1.71114621758815,
        1.71114621758815,
        1.71114621758815,
        1.71114621758815,
        1.71114621758815,
        1.71114621758815,
        1.71114621758815,
        1.71114621758815,
        1.71114621758815,
        1.71114621758815
    ],
    "timestamp": "2025-03-13_11-49-53"
}