{
    "y_max": 1.6817229668738742,
    "mean_values": [
        0.19060491751720665,
        0.3739928175943652,
        0.6550660991104135,
        1.2694869354889142,
        1.3955530408293786,
        1.3955530408293786,
        1.3955530408293786,
        1.3955530408293786,
        1.3955530408293786,
        1.3955530408293786,
        1.3955530408293786,
        1.3955530408293786,
        1.3955530408293786,
        1.3955530408293786,
        1.3955530408293786,
        1.3955530408293786,
        1.3955530408293786,
        1.3955530408293786,
        1.617103943467087,
        1.7157558345446564,
        1.7157558345446564,
        1.7157558345446564,
        1.7157558345446564,
        1.7157558345446564,
        1.7157558345446564,
        1.7157558345446564,
        1.7157558345446564,
        1.7157558345446564,
        1.7157558345446564,
        1.7157558345446564,
        1.7157558345446564,
        1.7157558345446564,
        1.7157558345446564,
        1.7157558345446564,
        1.7157558345446564,
        1.7157558345446564,
        1.7157558345446564,
        1.7157558345446564,
        1.7157558345446564,
        1.7157558345446564,
        1.7157558345446564,
        1.7157558345446564,
        1.7157558345446564,
        1.7157558345446564,
        1.7157558345446564,
        1.7157558345446564,
        1.7157558345446564,
        1.7157558345446564,
        1.7157558345446564,
        1.7157558345446564
    ],
    "timestamp": "2025-03-13_11-52-41"
}