{
    "y_max": 1.6817229668738742,
    "mean_values": [
        0.21986343690080654,
        0.43003223364268844,
        0.43003223364268844,
        0.43003223364268844,
        0.8689656128265504,
        1.3443319556919697,
        1.3443319556919697,
        1.3443319556919697,
        1.3443319556919697,
        1.3443319556919697,
        1.3443319556919697,
        1.3443319556919697,
        1.3443319556919697,
        1.3443319556919697,
        1.3443319556919697,
        1.3443319556919697,
        1.3443319556919697,
        1.3443319556919697,
        1.3443319556919697,
        1.3443319556919697,
        1.4307854786726684,
        1.6738247103742618,
        1.6738247103742618,
        1.6738247103742618,
        1.6738247103742618,
        1.6738247103742618,
        1.730945377380483,
        1.730945377380483,
        1.730945377380483,
        1.730945377380483,
        1.730945377380483,
        1.730945377380483,
        1.730945377380483,
        1.730945377380483,
        1.730945377380483,
        1.730945377380483,
        1.730945377380483,
        1.730945377380483,
        1.730945377380483,
        1.730945377380483,
        1.730945377380483,
        1.730945377380483,
        1.730945377380483,
        1.730945377380483,
        1.730945377380483,
        1.730945377380483,
        1.730945377380483,
        1.730945377380483,
        1.730945377380483,
        1.730945377380483
    ],
    "timestamp": "2025-03-13_12-00-40"
}