{
    "y_max": 1.6817229668738742,
    "mean_values": [
        0.20976658984160726,
        0.20976658984160726,
        0.20976658984160726,
        0.20976658984160726,
        0.4259917792330608,
        0.8772435955671465,
        1.3014555097831997,
        1.3844491785413118,
        1.3844491785413118,
        1.3844491785413118,
        1.3844491785413118,
        1.3844491785413118,
        1.3844491785413118,
        1.3844491785413118,
        1.3844491785413118,
        1.3844491785413118,
        1.3844491785413118,
        1.3844491785413118,
        1.3844491785413118,
        1.3844491785413118,
        1.3844491785413118,
        1.6655346017532642,
        1.6655346017532642,
        1.6655346017532642,
        1.6655346017532642,
        1.6655346017532642,
        1.6655346017532642,
        1.6655346017532642,
        1.6655346017532642,
        1.6655346017532642,
        1.6655346017532642,
        1.6655346017532642,
        1.6655346017532642,
        1.6655346017532642,
        1.6921629729977403,
        1.6921629729977403,
        1.6921629729977403,
        1.6921629729977403,
        1.7117164169375516,
        1.7117164169375516,
        1.7117164169375516,
        1.7117164169375516,
        1.7117164169375516,
        1.7117164169375516,
        1.7117164169375516,
        1.7117164169375516,
        1.7117164169375516,
        1.7117164169375516,
        1.7117164169375516,
        1.7117164169375516
    ],
    "timestamp": "2025-03-13_11-10-13"
}