{
    "y_max": 1.6817229668738742,
    "mean_values": [
        0.11673681381840328,
        0.2433794079482455,
        0.5095620833366309,
        1.0084293508778315,
        1.4912877375097486,
        1.4912877375097486,
        1.4912877375097486,
        1.4912877375097486,
        1.4912877375097486,
        1.4912877375097486,
        1.4912877375097486,
        1.4912877375097486,
        1.4912877375097486,
        1.4912877375097486,
        1.4912877375097486,
        1.4912877375097486,
        1.4912877375097486,
        1.4912877375097486,
        1.6499310993562653,
        1.6499310993562653,
        1.6499310993562653,
        1.6499310993562653,
        1.6499310993562653,
        1.6499310993562653,
        1.6499310993562653,
        1.6499310993562653,
        1.6499310993562653,
        1.6499310993562653,
        1.6499310993562653,
        1.6499310993562653,
        1.6499310993562653,
        1.6499310993562653,
        1.6499310993562653,
        1.6499310993562653,
        1.721591881509823,
        1.721591881509823,
        1.721591881509823,
        1.721591881509823,
        1.721591881509823,
        1.721591881509823,
        1.721591881509823,
        1.721591881509823,
        1.721591881509823,
        1.721591881509823,
        1.721591881509823,
        1.721591881509823,
        1.721591881509823,
        1.721591881509823,
        1.721591881509823,
        1.721591881509823
    ],
    "timestamp": "2025-03-13_12-11-35"
}