{
    "y_max": 1.6817229668738742,
    "mean_values": [
        0.22723134217094001,
        0.22723134217094001,
        0.4419697929031749,
        0.9094624289853269,
        0.9094624289853269,
        1.3601151541928396,
        1.4104479929073144,
        1.4104479929073144,
        1.4104479929073144,
        1.4104479929073144,
        1.4104479929073144,
        1.4104479929073144,
        1.4104479929073144,
        1.4104479929073144,
        1.4104479929073144,
        1.4104479929073144,
        1.4104479929073144,
        1.4104479929073144,
        1.4717259152621356,
        1.5859582724578256,
        1.5859582724578256,
        1.5859582724578256,
        1.5859582724578256,
        1.5859582724578256,
        1.5859582724578256,
        1.5859582724578256,
        1.5859582724578256,
        1.7341457245790897,
        1.7341457245790897,
        1.7341457245790897,
        1.7341457245790897,
        1.7341457245790897,
        1.7341457245790897,
        1.7341457245790897,
        1.7341457245790897,
        1.7341457245790897,
        1.7341457245790897,
        1.7341457245790897,
        1.7341457245790897,
        1.7341457245790897,
        1.7341457245790897,
        1.7341457245790897,
        1.7341457245790897,
        1.7341457245790897,
        1.7341457245790897,
        1.7341457245790897,
        1.7341457245790897,
        1.7341457245790897,
        1.7341457245790897,
        1.7341457245790897
    ],
    "timestamp": "2025-03-13_09-42-49"
}