{
    "y_max": 1.6817229668738742,
    "mean_values": [
        0.2600019067092488,
        0.2600019067092488,
        0.4864782997773603,
        0.8531031645884698,
        1.3200959330173279,
        1.3200959330173279,
        1.3200959330173279,
        1.3200959330173279,
        1.3397842650025253,
        1.3397842650025253,
        1.3397842650025253,
        1.3397842650025253,
        1.3397842650025253,
        1.3397842650025253,
        1.3397842650025253,
        1.3397842650025253,
        1.3397842650025253,
        1.3397842650025253,
        1.3397842650025253,
        1.3397842650025253,
        1.6163472431481323,
        1.6163472431481323,
        1.6163472431481323,
        1.6163472431481323,
        1.6163472431481323,
        1.6163472431481323,
        1.6163472431481323,
        1.6163472431481323,
        1.6163472431481323,
        1.6163472431481323,
        1.6163472431481323,
        1.6163472431481323,
        1.6163472431481323,
        1.7226710552413846,
        1.7226710552413846,
        1.7226710552413846,
        1.7226710552413846,
        1.7226710552413846,
        1.7226710552413846,
        1.7226710552413846,
        1.7226710552413846,
        1.7226710552413846,
        1.7226710552413846,
        1.7226710552413846,
        1.7226710552413846,
        1.7226710552413846,
        1.7226710552413846,
        1.7226710552413846,
        1.7226710552413846,
        1.7226710552413846
    ],
    "timestamp": "2025-03-13_11-47-03"
}