{
    "y_max": 1.6817229668738742,
    "mean_values": [
        0.13208037473540113,
        0.13208037473540113,
        0.13208037473540113,
        0.13208037473540113,
        0.15209006218769283,
        0.32581455489992506,
        0.32581455489992506,
        0.750344001275079,
        0.750344001275079,
        1.3506294428538255,
        1.3506294428538255,
        1.3506294428538255,
        1.5190232470200673,
        1.5190232470200673,
        1.6614440242107624,
        1.6614440242107624,
        1.6614440242107624,
        1.6614440242107624,
        1.6614440242107624,
        1.6614440242107624,
        1.6614440242107624,
        1.6614440242107624,
        1.6614440242107624,
        1.6614440242107624,
        1.6614440242107624,
        1.6614440242107624,
        1.6614440242107624,
        1.6614440242107624,
        1.6614440242107624,
        1.6614440242107624,
        1.6614440242107624,
        1.6614440242107624,
        1.6614440242107624,
        1.6614440242107624,
        1.6614440242107624,
        1.6614440242107624,
        1.6614440242107624,
        1.6614440242107624,
        1.6614440242107624,
        1.6614440242107624,
        1.6614440242107624,
        1.6614440242107624,
        1.6614440242107624,
        1.6614440242107624,
        1.6614440242107624,
        1.6614440242107624,
        1.6614440242107624,
        1.6614440242107624,
        1.6614440242107624,
        1.6614440242107624
    ],
    "timestamp": "2025-03-13_10-12-04"
}