{
    "y_max": 1.6817229668738742,
    "mean_values": [
        0.23921726917531277,
        0.345296025134911,
        0.345296025134911,
        0.7437134567280315,
        1.1127652855659205,
        1.4420034199067568,
        1.4420034199067568,
        1.4420034199067568,
        1.4420034199067568,
        1.4420034199067568,
        1.4420034199067568,
        1.4420034199067568,
        1.4420034199067568,
        1.4420034199067568,
        1.4420034199067568,
        1.4420034199067568,
        1.4420034199067568,
        1.4420034199067568,
        1.7002223423420664,
        1.7002223423420664,
        1.7002223423420664,
        1.7002223423420664,
        1.7002223423420664,
        1.7002223423420664,
        1.7002223423420664,
        1.7002223423420664,
        1.7002223423420664,
        1.7002223423420664,
        1.7002223423420664,
        1.7002223423420664,
        1.7002223423420664,
        1.7002223423420664,
        1.7002223423420664,
        1.7002223423420664,
        1.7002223423420664,
        1.7002223423420664,
        1.7002223423420664,
        1.7002223423420664,
        1.7002223423420664,
        1.7002223423420664,
        1.7002223423420664,
        1.7002223423420664,
        1.7002223423420664,
        1.7002223423420664,
        1.7002223423420664,
        1.7002223423420664,
        1.7002223423420664,
        1.7002223423420664,
        1.7002223423420664,
        1.7002223423420664
    ],
    "timestamp": "2025-03-13_12-57-00"
}