{
    "y_max": 1.6817229668738742,
    "mean_values": [
        0.13894335665099464,
        0.3253847219483524,
        0.3253847219483524,
        0.3253847219483524,
        0.6716034709003714,
        0.6716034709003714,
        1.2277351103259413,
        1.3718697223634768,
        1.3718697223634768,
        1.3718697223634768,
        1.3718697223634768,
        1.3718697223634768,
        1.3718697223634768,
        1.3718697223634768,
        1.3718697223634768,
        1.3755466864342372,
        1.6553251250233052,
        1.6553251250233052,
        1.6553251250233052,
        1.6553251250233052,
        1.6553251250233052,
        1.6553251250233052,
        1.6553251250233052,
        1.7100188223482293,
        1.7100188223482293,
        1.7100188223482293,
        1.7100188223482293,
        1.7100188223482293,
        1.7100188223482293,
        1.7100188223482293,
        1.7100188223482293,
        1.7100188223482293,
        1.7100188223482293,
        1.7100188223482293,
        1.7100188223482293,
        1.7100188223482293,
        1.7100188223482293,
        1.7100188223482293,
        1.7100188223482293,
        1.7100188223482293,
        1.7100188223482293,
        1.7100188223482293,
        1.7100188223482293,
        1.7100188223482293,
        1.7100188223482293,
        1.7100188223482293,
        1.7100188223482293,
        1.7100188223482293,
        1.7100188223482293,
        1.7100188223482293
    ],
    "timestamp": "2025-03-13_09-50-28"
}