{
    "y_max": 1.6817229668738742,
    "mean_values": [
        0.077202053273039,
        0.10528834139141159,
        0.3316273521176747,
        0.7959513170188118,
        1.219150311426972,
        1.4019761934030022,
        1.4019761934030022,
        1.4019761934030022,
        1.4019761934030022,
        1.4019761934030022,
        1.4019761934030022,
        1.4019761934030022,
        1.4019761934030022,
        1.4019761934030022,
        1.4019761934030022,
        1.4019761934030022,
        1.4019761934030022,
        1.4019761934030022,
        1.4019761934030022,
        1.4019761934030022,
        1.6838387745557506,
        1.6838387745557506,
        1.6838387745557506,
        1.6838387745557506,
        1.6838387745557506,
        1.6838387745557506,
        1.6838387745557506,
        1.6838387745557506,
        1.6838387745557506,
        1.6838387745557506,
        1.6838387745557506,
        1.6838387745557506,
        1.6838387745557506,
        1.6838387745557506,
        1.6838387745557506,
        1.6838387745557506,
        1.6838387745557506,
        1.6838387745557506,
        1.6838387745557506,
        1.6838387745557506,
        1.6838387745557506,
        1.6838387745557506,
        1.6838387745557506,
        1.6838387745557506,
        1.6838387745557506,
        1.6838387745557506,
        1.6838387745557506,
        1.6838387745557506,
        1.6838387745557506,
        1.6838387745557506
    ],
    "timestamp": "2025-03-13_09-47-56"
}