{
    "y_max": 1.6817229668738742,
    "mean_values": [
        0.12921819808186888,
        0.12921819808186888,
        0.2712386517562718,
        0.6289821557894457,
        0.6289821557894457,
        1.2051795181184082,
        1.3892620567695428,
        1.3892620567695428,
        1.3892620567695428,
        1.3892620567695428,
        1.3892620567695428,
        1.3892620567695428,
        1.3892620567695428,
        1.3892620567695428,
        1.3892620567695428,
        1.3892620567695428,
        1.3892620567695428,
        1.6753685554478617,
        1.6753685554478617,
        1.6753685554478617,
        1.6753685554478617,
        1.6753685554478617,
        1.6753685554478617,
        1.6753685554478617,
        1.6753685554478617,
        1.6753685554478617,
        1.6753685554478617,
        1.6753685554478617,
        1.6753685554478617,
        1.6753685554478617,
        1.6753685554478617,
        1.6753685554478617,
        1.6753685554478617,
        1.6753685554478617,
        1.6753685554478617,
        1.6753685554478617,
        1.6753685554478617,
        1.6753685554478617,
        1.6753685554478617,
        1.6753685554478617,
        1.6753685554478617,
        1.6753685554478617,
        1.6753685554478617,
        1.6753685554478617,
        1.6753685554478617,
        1.6753685554478617,
        1.6753685554478617,
        1.6753685554478617,
        1.6753685554478617,
        1.6753685554478617
    ],
    "timestamp": "2025-03-13_13-15-57"
}