{
    "y_max": 1.6817229668738742,
    "mean_values": [
        0.15986500379889254,
        0.25187744071650014,
        0.5526211551470654,
        0.5526211551470654,
        0.5526211551470654,
        1.0937799915511508,
        1.4305827083155733,
        1.4305827083155733,
        1.4305827083155733,
        1.4305827083155733,
        1.4305827083155733,
        1.4305827083155733,
        1.4305827083155733,
        1.4305827083155733,
        1.4305827083155733,
        1.4305827083155733,
        1.4305827083155733,
        1.4305827083155733,
        1.473221381239659,
        1.7384312765443861,
        1.7384312765443861,
        1.7384312765443861,
        1.7384312765443861,
        1.7384312765443861,
        1.7384312765443861,
        1.7384312765443861,
        1.7384312765443861,
        1.7384312765443861,
        1.7384312765443861,
        1.7384312765443861,
        1.7384312765443861,
        1.7384312765443861,
        1.7384312765443861,
        1.7384312765443861,
        1.7384312765443861,
        1.7384312765443861,
        1.7384312765443861,
        1.7384312765443861,
        1.7384312765443861,
        1.7384312765443861,
        1.7384312765443861,
        1.7384312765443861,
        1.7384312765443861,
        1.7384312765443861,
        1.7384312765443861,
        1.7384312765443861,
        1.7384312765443861,
        1.7384312765443861,
        1.7384312765443861,
        1.7384312765443861
    ],
    "timestamp": "2025-03-13_12-48-52"
}