{
    "y_max": 1.6817229668738742,
    "mean_values": [
        0.25294214799086384,
        0.4544394519339576,
        0.8110248431941643,
        0.8110248431941643,
        1.3117289208532945,
        1.3117289208532945,
        1.3117289208532945,
        1.3117289208532945,
        1.3117289208532945,
        1.3117289208532945,
        1.3117289208532945,
        1.3117289208532945,
        1.3117289208532945,
        1.3117289208532945,
        1.3117289208532945,
        1.3117289208532945,
        1.5756989833207036,
        1.5756989833207036,
        1.5756989833207036,
        1.5756989833207036,
        1.5756989833207036,
        1.5756989833207036,
        1.5756989833207036,
        1.5756989833207036,
        1.5756989833207036,
        1.6881493850245086,
        1.6881493850245086,
        1.6881493850245086,
        1.6881493850245086,
        1.6881493850245086,
        1.6881493850245086,
        1.6881493850245086,
        1.6881493850245086,
        1.6881493850245086,
        1.6881493850245086,
        1.6881493850245086,
        1.6881493850245086,
        1.6881493850245086,
        1.6881493850245086,
        1.6881493850245086,
        1.6881493850245086,
        1.6881493850245086,
        1.6881493850245086,
        1.6881493850245086,
        1.6881493850245086,
        1.6881493850245086,
        1.6881493850245086,
        1.6881493850245086,
        1.6881493850245086,
        1.6881493850245086
    ],
    "timestamp": "2025-03-13_12-43-40"
}