{
    "y_max": 1.6817229668738742,
    "mean_values": [
        0.16955866978873488,
        0.16955866978873488,
        0.16955866978873488,
        0.39958870116572104,
        0.8843195275279124,
        1.0917960368215391,
        1.3519817681740816,
        1.3519817681740816,
        1.3519817681740816,
        1.3519817681740816,
        1.3519817681740816,
        1.3519817681740816,
        1.3519817681740816,
        1.3519817681740816,
        1.3519817681740816,
        1.3519817681740816,
        1.3519817681740816,
        1.3519817681740816,
        1.3519817681740816,
        1.3519817681740816,
        1.446795305204029,
        1.6748058018014262,
        1.6748058018014262,
        1.6748058018014262,
        1.6748058018014262,
        1.6748058018014262,
        1.6748058018014262,
        1.6748058018014262,
        1.6748058018014262,
        1.6748058018014262,
        1.6748058018014262,
        1.7215125162363245,
        1.7215125162363245,
        1.7215125162363245,
        1.7215125162363245,
        1.7215125162363245,
        1.7215125162363245,
        1.7215125162363245,
        1.7308206156435442,
        1.7308206156435442,
        1.7308206156435442,
        1.7308206156435442,
        1.7308206156435442,
        1.7308206156435442,
        1.7308206156435442,
        1.7308206156435442,
        1.7308206156435442,
        1.7308206156435442,
        1.7308206156435442,
        1.7308206156435442
    ],
    "timestamp": "2025-03-13_10-25-32"
}