{
    "y_max": 1.6817229668738742,
    "mean_values": [
        0.22059305956203434,
        0.22059305956203434,
        0.22059305956203434,
        0.22059305956203434,
        0.22059305956203434,
        0.3308272158644641,
        0.459089678959049,
        0.4977998717303724,
        0.8327289479904967,
        1.0144200149055138,
        1.336474961701229,
        1.336474961701229,
        1.6083014847565467,
        1.6083014847565467,
        1.6083014847565467,
        1.6083014847565467,
        1.6083014847565467,
        1.6083014847565467,
        1.6083014847565467,
        1.6083014847565467,
        1.6083014847565467,
        1.6389438401981173,
        1.6389438401981173,
        1.6389438401981173,
        1.6389438401981173,
        1.6389438401981173,
        1.6389438401981173,
        1.6964483622268554,
        1.6964483622268554,
        1.6964483622268554,
        1.6964483622268554,
        1.6964483622268554,
        1.6964483622268554,
        1.6964483622268554,
        1.6964483622268554,
        1.6964483622268554,
        1.6964483622268554,
        1.6964483622268554,
        1.6964483622268554,
        1.6964483622268554,
        1.6964483622268554,
        1.6964483622268554,
        1.6964483622268554,
        1.6964483622268554,
        1.6964483622268554,
        1.6964483622268554,
        1.6964483622268554,
        1.6964483622268554,
        1.7169218944601397,
        1.7169218944601397
    ],
    "timestamp": "2025-03-13_11-13-04"
}