{
    "y_max": 1.6817229668738742,
    "mean_values": [
        0.11777719146302681,
        0.26163476808934394,
        0.5479234273552773,
        1.034996314415137,
        1.034996314415137,
        1.4030518214740304,
        1.4030518214740304,
        1.4030518214740304,
        1.4030518214740304,
        1.4030518214740304,
        1.4030518214740304,
        1.4030518214740304,
        1.4030518214740304,
        1.4030518214740304,
        1.687418388359036,
        1.687418388359036,
        1.687418388359036,
        1.687418388359036,
        1.687418388359036,
        1.687418388359036,
        1.687418388359036,
        1.687418388359036,
        1.687418388359036,
        1.687418388359036,
        1.687418388359036,
        1.687418388359036,
        1.687418388359036,
        1.687418388359036,
        1.687418388359036,
        1.687418388359036,
        1.687418388359036,
        1.687418388359036,
        1.687418388359036,
        1.687418388359036,
        1.687418388359036,
        1.687418388359036,
        1.687418388359036,
        1.687418388359036,
        1.687418388359036,
        1.687418388359036,
        1.687418388359036,
        1.687418388359036,
        1.687418388359036,
        1.687418388359036,
        1.687418388359036,
        1.687418388359036,
        1.6924248083869822,
        1.6924248083869822,
        1.6924248083869822,
        1.6924248083869822
    ],
    "timestamp": "2025-03-13_09-30-07"
}