{
    "y_max": 1.6817229668738742,
    "mean_values": [
        0.1595264472172169,
        0.1595264472172169,
        0.2510234165064876,
        0.5425711164003948,
        0.7940840874979609,
        0.7940840874979609,
        0.7940840874979609,
        1.3605020282681581,
        1.3928022283755608,
        1.3928022283755608,
        1.3928022283755608,
        1.3928022283755608,
        1.3928022283755608,
        1.3928022283755608,
        1.3928022283755608,
        1.3928022283755608,
        1.3928022283755608,
        1.6388529477353113,
        1.6388529477353113,
        1.6388529477353113,
        1.6388529477353113,
        1.6388529477353113,
        1.6388529477353113,
        1.6388529477353113,
        1.6388529477353113,
        1.6388529477353113,
        1.6460409047281575,
        1.6460409047281575,
        1.6460409047281575,
        1.650502557602666,
        1.650502557602666,
        1.650502557602666,
        1.650502557602666,
        1.650502557602666,
        1.650502557602666,
        1.650502557602666,
        1.650502557602666,
        1.650502557602666,
        1.650502557602666,
        1.650502557602666,
        1.650502557602666,
        1.650502557602666,
        1.650502557602666,
        1.650502557602666,
        1.6870251968869672,
        1.6870251968869672,
        1.6870251968869672,
        1.6928298994672648,
        1.6928298994672648,
        1.6928298994672648
    ],
    "timestamp": "2025-03-13_13-10-36"
}