{
    "y_max": 1.6817229668738742,
    "mean_values": [
        0.15150290034877403,
        0.32258479067985724,
        0.7243571874499751,
        0.938410198394022,
        1.398252504204959,
        1.398252504204959,
        1.398252504204959,
        1.398252504204959,
        1.398252504204959,
        1.398252504204959,
        1.398252504204959,
        1.398252504204959,
        1.398252504204959,
        1.398252504204959,
        1.398252504204959,
        1.398252504204959,
        1.398252504204959,
        1.398252504204959,
        1.398252504204959,
        1.398252504204959,
        1.6413159136984814,
        1.6413159136984814,
        1.6413159136984814,
        1.6413159136984814,
        1.6413159136984814,
        1.6413159136984814,
        1.6413159136984814,
        1.6413159136984814,
        1.6413159136984814,
        1.6413159136984814,
        1.6413159136984814,
        1.6413159136984814,
        1.6606525027771255,
        1.6606525027771255,
        1.7282330920878668,
        1.7282330920878668,
        1.7282330920878668,
        1.7282330920878668,
        1.7282330920878668,
        1.7282330920878668,
        1.7282330920878668,
        1.7282330920878668,
        1.7282330920878668,
        1.7282330920878668,
        1.7282330920878668,
        1.7282330920878668,
        1.7282330920878668,
        1.7282330920878668,
        1.7282330920878668,
        1.7282330920878668
    ],
    "timestamp": "2025-03-13_09-03-09"
}