{
    "y_max": 1.6817229668738742,
    "mean_values": [
        0.1684003677889287,
        0.3509537474623865,
        0.3509537474623865,
        0.6971978430367636,
        1.2331999564731722,
        1.4135288099044736,
        1.4135288099044736,
        1.4135288099044736,
        1.4135288099044736,
        1.4135288099044736,
        1.4135288099044736,
        1.4135288099044736,
        1.4135288099044736,
        1.4135288099044736,
        1.4135288099044736,
        1.4135288099044736,
        1.4135288099044736,
        1.4135288099044736,
        1.5773477791932202,
        1.5773477791932202,
        1.5773477791932202,
        1.5773477791932202,
        1.5773477791932202,
        1.5773477791932202,
        1.5773477791932202,
        1.5773477791932202,
        1.5773477791932202,
        1.7210584803580067,
        1.7210584803580067,
        1.7210584803580067,
        1.7210584803580067,
        1.7210584803580067,
        1.7210584803580067,
        1.7210584803580067,
        1.7210584803580067,
        1.7210584803580067,
        1.7210584803580067,
        1.7210584803580067,
        1.7210584803580067,
        1.7210584803580067,
        1.7210584803580067,
        1.7210584803580067,
        1.7210584803580067,
        1.7210584803580067,
        1.7210584803580067,
        1.7210584803580067,
        1.7210584803580067,
        1.7210584803580067,
        1.7210584803580067,
        1.7210584803580067
    ],
    "timestamp": "2025-03-13_12-19-56"
}