{
    "y_max": 1.6817229668738742,
    "mean_values": [
        0.18787671960559404,
        0.32351840256797043,
        0.6179239780065715,
        1.1722244348990443,
        1.4498877907987064,
        1.4498877907987064,
        1.4498877907987064,
        1.4498877907987064,
        1.4498877907987064,
        1.4498877907987064,
        1.4498877907987064,
        1.4498877907987064,
        1.4498877907987064,
        1.4498877907987064,
        1.4498877907987064,
        1.4498877907987064,
        1.4498877907987064,
        1.4498877907987064,
        1.4498877907987064,
        1.6069486858375135,
        1.6069486858375135,
        1.6069486858375135,
        1.6069486858375135,
        1.6069486858375135,
        1.6069486858375135,
        1.6069486858375135,
        1.6069486858375135,
        1.6069486858375135,
        1.6069486858375135,
        1.6069486858375135,
        1.6069486858375135,
        1.6069486858375135,
        1.6069486858375135,
        1.6069486858375135,
        1.6069486858375135,
        1.6069486858375135,
        1.6829454691276087,
        1.6829454691276087,
        1.6829454691276087,
        1.6829454691276087,
        1.6829454691276087,
        1.6829454691276087,
        1.6829454691276087,
        1.6829454691276087,
        1.6829454691276087,
        1.6829454691276087,
        1.6829454691276087,
        1.6829454691276087,
        1.6829454691276087,
        1.6829454691276087
    ],
    "timestamp": "2025-03-13_12-22-47"
}