{
    "y_max": 1.6817229668738742,
    "mean_values": [
        0.18833290753636922,
        0.3708367945704789,
        0.6315095330505976,
        0.6315095330505976,
        1.1178824487577306,
        1.4186163171669006,
        1.4186163171669006,
        1.4186163171669006,
        1.4186163171669006,
        1.4186163171669006,
        1.4186163171669006,
        1.4186163171669006,
        1.4186163171669006,
        1.4186163171669006,
        1.4186163171669006,
        1.4186163171669006,
        1.4186163171669006,
        1.4186163171669006,
        1.4186163171669006,
        1.4186163171669006,
        1.4186163171669006,
        1.6462430345340382,
        1.6462430345340382,
        1.6462430345340382,
        1.6462430345340382,
        1.6462430345340382,
        1.6462430345340382,
        1.6462430345340382,
        1.6462430345340382,
        1.6462430345340382,
        1.6462430345340382,
        1.6462430345340382,
        1.6462430345340382,
        1.686310357805552,
        1.686310357805552,
        1.686310357805552,
        1.686310357805552,
        1.686310357805552,
        1.686310357805552,
        1.686310357805552,
        1.686310357805552,
        1.686310357805552,
        1.686310357805552,
        1.686310357805552,
        1.686310357805552,
        1.686310357805552,
        1.686310357805552,
        1.686310357805552,
        1.686310357805552,
        1.686310357805552
    ],
    "timestamp": "2025-03-13_10-48-32"
}