{
    "y_max": 1.6817229668738742,
    "mean_values": [
        0.09314437459511732,
        0.2519204916042678,
        0.2519204916042678,
        0.2519204916042678,
        0.2519204916042678,
        0.2519204916042678,
        0.6774033930944311,
        1.2007851677083752,
        1.4425337507212737,
        1.4425337507212737,
        1.4425337507212737,
        1.4425337507212737,
        1.4425337507212737,
        1.4425337507212737,
        1.4425337507212737,
        1.4425337507212737,
        1.6884149515251434,
        1.6884149515251434,
        1.6884149515251434,
        1.6884149515251434,
        1.6884149515251434,
        1.6884149515251434,
        1.6884149515251434,
        1.6884149515251434,
        1.6884149515251434,
        1.6884149515251434,
        1.6884149515251434,
        1.6884149515251434,
        1.6884149515251434,
        1.6884149515251434,
        1.6884149515251434,
        1.6884149515251434,
        1.6884149515251434,
        1.6884149515251434,
        1.6884149515251434,
        1.6884149515251434,
        1.6884149515251434,
        1.6884149515251434,
        1.6884149515251434,
        1.6884149515251434,
        1.6884149515251434,
        1.6884149515251434,
        1.698642486718196,
        1.698642486718196,
        1.698642486718196,
        1.698642486718196,
        1.698642486718196,
        1.698642486718196,
        1.698642486718196,
        1.698642486718196
    ],
    "timestamp": "2025-03-13_09-05-50"
}