{
    "y_max": 1.6817229668738742,
    "mean_values": [
        0.2042927484496167,
        0.3845021504187654,
        0.7847608508189505,
        1.2872588893339336,
        1.4067215896852294,
        1.4067215896852294,
        1.4067215896852294,
        1.4067215896852294,
        1.4067215896852294,
        1.4067215896852294,
        1.4067215896852294,
        1.4067215896852294,
        1.4067215896852294,
        1.4067215896852294,
        1.4067215896852294,
        1.4067215896852294,
        1.4067215896852294,
        1.4067215896852294,
        1.4067215896852294,
        1.4067215896852294,
        1.4067215896852294,
        1.6479736064793267,
        1.6479736064793267,
        1.6479736064793267,
        1.6479736064793267,
        1.6479736064793267,
        1.6479736064793267,
        1.6479736064793267,
        1.709793335850199,
        1.709793335850199,
        1.709793335850199,
        1.709793335850199,
        1.709793335850199,
        1.709793335850199,
        1.709793335850199,
        1.709793335850199,
        1.709793335850199,
        1.709793335850199,
        1.709793335850199,
        1.709793335850199,
        1.709793335850199,
        1.709793335850199,
        1.709793335850199,
        1.709793335850199,
        1.709793335850199,
        1.709793335850199,
        1.709793335850199,
        1.709793335850199,
        1.709793335850199,
        1.709793335850199
    ],
    "timestamp": "2025-03-13_10-38-23"
}