{
    "y_max": 1.6817229668738742,
    "mean_values": [
        0.17515871256880494,
        0.42025004483487,
        0.42025004483487,
        0.42025004483487,
        0.42025004483487,
        0.42025004483487,
        0.42025004483487,
        0.546704897353324,
        0.9425982104984711,
        1.3795894541551066,
        1.3795894541551066,
        1.3795894541551066,
        1.3795894541551066,
        1.4922900212211614,
        1.4922900212211614,
        1.4922900212211614,
        1.5663387929024464,
        1.5663387929024464,
        1.5663387929024464,
        1.5663387929024464,
        1.5663387929024464,
        1.5663387929024464,
        1.5663387929024464,
        1.5663387929024464,
        1.6763311039402533,
        1.6763311039402533,
        1.6763311039402533,
        1.6763311039402533,
        1.6763311039402533,
        1.6763311039402533,
        1.6763311039402533,
        1.6763311039402533,
        1.6763311039402533,
        1.6763311039402533,
        1.6763311039402533,
        1.6763311039402533,
        1.6763311039402533,
        1.6763311039402533,
        1.6763311039402533,
        1.6763311039402533,
        1.6763311039402533,
        1.6763311039402533,
        1.6763311039402533,
        1.690572450515939,
        1.690572450515939,
        1.690572450515939,
        1.690572450515939,
        1.7091894567835695,
        1.7091894567835695,
        1.7091894567835695
    ],
    "timestamp": "2025-03-13_11-55-29"
}