{
    "y_max": 1.6817229668738742,
    "mean_values": [
        0.17710194471240276,
        0.17710194471240276,
        0.17710194471240276,
        0.17710194471240276,
        0.43094374126834517,
        1.0341930159070374,
        1.4019214597014946,
        1.4019214597014946,
        1.4019214597014946,
        1.4019214597014946,
        1.4019214597014946,
        1.4019214597014946,
        1.4019214597014946,
        1.4019214597014946,
        1.4019214597014946,
        1.4019214597014946,
        1.4019214597014946,
        1.7187197774104066,
        1.7187197774104066,
        1.7187197774104066,
        1.7187197774104066,
        1.7187197774104066,
        1.7187197774104066,
        1.7187197774104066,
        1.7187197774104066,
        1.7187197774104066,
        1.7187197774104066,
        1.7187197774104066,
        1.7187197774104066,
        1.7187197774104066,
        1.7187197774104066,
        1.7187197774104066,
        1.7187197774104066,
        1.7187197774104066,
        1.7187197774104066,
        1.7187197774104066,
        1.7187197774104066,
        1.7187197774104066,
        1.7187197774104066,
        1.7187197774104066,
        1.7187197774104066,
        1.7187197774104066,
        1.7187197774104066,
        1.7187197774104066,
        1.7187197774104066,
        1.7187197774104066,
        1.7187197774104066,
        1.7187197774104066,
        1.7187197774104066,
        1.7187197774104066
    ],
    "timestamp": "2025-03-13_11-34-01"
}