{
    "y_max": 1.6817229668738742,
    "mean_values": [
        0.14856176350217098,
        0.14856176350217098,
        0.14856176350217098,
        0.14856176350217098,
        0.14856176350217098,
        0.3616775490981507,
        0.5878381425480537,
        0.5878381425480537,
        0.8057087854101159,
        0.977009696458065,
        1.4195172058914494,
        1.4195172058914494,
        1.4195172058914494,
        1.4195172058914494,
        1.5000689149163373,
        1.6766488561196933,
        1.6766488561196933,
        1.6766488561196933,
        1.6766488561196933,
        1.6766488561196933,
        1.6766488561196933,
        1.6766488561196933,
        1.6766488561196933,
        1.6766488561196933,
        1.6766488561196933,
        1.6766488561196933,
        1.6766488561196933,
        1.6766488561196933,
        1.6766488561196933,
        1.6766488561196933,
        1.6766488561196933,
        1.6766488561196933,
        1.6766488561196933,
        1.6766488561196933,
        1.6766488561196933,
        1.6766488561196933,
        1.6766488561196933,
        1.6766488561196933,
        1.7400117051898298,
        1.7400117051898298,
        1.7400117051898298,
        1.7400117051898298,
        1.7400117051898298,
        1.7400117051898298,
        1.7400117051898298,
        1.7400117051898298,
        1.7400117051898298,
        1.7400117051898298,
        1.7400117051898298,
        1.7400117051898298
    ],
    "timestamp": "2025-03-13_10-32-47"
}