{"y_max": 1.6514432699284796, "mean_values": [0.8233571135716149, 1.0172453508360535, 1.1396303671282222, 1.1449431378684822, 1.265218727566082, 1.4421081958249304, 1.4421081958249304, 1.4421081958249304, 1.4421081958249304, 1.4421081958249304, 1.4421081958249304, 1.4421081958249304, 1.4421081958249304, 1.6324116374626756, 1.6324116374626756, 1.6324116374626756, 1.6324116374626756, 1.6360639886024617, 1.6360639886024617, 1.655039124489017, 1.655039124489017, 1.655039124489017, 1.655039124489017, 1.655039124489017, 1.655039124489017, 1.655039124489017, 1.655039124489017, 1.655039124489017, 1.655039124489017, 1.655039124489017], "timestamp": "2025-03-14_11-30-36"}