{"y_max": 1.6514432699284796, "mean_values": [0.7748005940759276, 1.0113936237633943, 1.13858461943956, 1.1465518695405243, 1.2641604126522688, 1.4404586231799656, 1.4404586231799656, 1.4404586231799656, 1.4404586231799656, 1.4404586231799656, 1.4404586231799656, 1.4404586231799656, 1.634556861936501, 1.634556861936501, 1.634556861936501, 1.634556861936501, 1.6366193736450854, 1.6366193736450854, 1.652869837299888, 1.652869837299888, 1.652869837299888, 1.652869837299888, 1.652869837299888, 1.652869837299888, 1.652869837299888, 1.652869837299888, 1.652869837299888, 1.652869837299888, 1.652869837299888, 1.6532218397049723], "timestamp": "2025-03-14_10-37-09"}