{"y_max": 1.6514432699284796, "mean_values": [0.8243313154898753, 1.023200178286228, 1.1384916499016102, 1.1449066933240397, 1.2635700322413512, 1.4408535965247695, 1.4408535965247695, 1.4408535965247695, 1.4408535965247695, 1.4408535965247695, 1.4408535965247695, 1.4408535965247695, 1.4408535965247695, 1.6344184670655408, 1.6344184670655408, 1.6344184670655408, 1.6344184670655408, 1.638765415332962, 1.638765415332962, 1.6528014639102553, 1.6538305818596792, 1.6538305818596792, 1.6538305818596792, 1.6538305818596792, 1.6538305818596792, 1.6538305818596792, 1.6538305818596792, 1.6538305818596792, 1.6538305818596792, 1.6538305818596792], "timestamp": "2025-03-14_12-03-26"}