{"y_max": 1.6514432699284796, "mean_values": [0.8381874230745148, 1.0245400885099252, 1.1378499220156337, 1.1469676620451703, 1.2681212047323138, 1.4421092877015522, 1.4421092877015522, 1.4421092877015522, 1.4421092877015522, 1.4421092877015522, 1.4421092877015522, 1.4421092877015522, 1.4421092877015522, 1.4421092877015522, 1.631939188300884, 1.631939188300884, 1.631939188300884, 1.631939188300884, 1.6345978130261756, 1.6345978130261756, 1.6506790388207055, 1.652785147996204, 1.652785147996204, 1.652785147996204, 1.652785147996204, 1.652785147996204, 1.652785147996204, 1.6544208576469963, 1.6544208576469963, 1.6544208576469963], "timestamp": "2025-03-14_09-39-17"}