{"y_max": 1.6514432699284796, "mean_values": [0.8314608306232577, 1.0250610688658073, 1.138792306768408, 1.145850789455743, 1.2652241106641886, 1.4423451432651038, 1.4423451432651038, 1.4423451432651038, 1.4423451432651038, 1.4423451432651038, 1.4423451432651038, 1.4423451432651038, 1.4423451432651038, 1.4423451432651038, 1.6308540502399722, 1.6308540502399722, 1.6308540502399722, 1.6308540502399722, 1.634755992841977, 1.634755992841977, 1.6535527476841043, 1.6542576129336932, 1.6542576129336932, 1.6542576129336932, 1.6542576129336932, 1.6542576129336932, 1.6542576129336932, 1.6542576129336932, 1.6542576129336932, 1.6542576129336932], "timestamp": "2025-03-14_09-12-54"}