{"y_max": 1.6514432699284796, "mean_values": [0.7750039360494793, 1.0121422144492116, 1.1404737738795712, 1.146122954008315, 1.2630041318104468, 1.4419703841056988, 1.4419703841056988, 1.4419703841056988, 1.4419703841056988, 1.4419703841056988, 1.4419703841056988, 1.4419703841056988, 1.6361463305800552, 1.6361463305800552, 1.6361463305800552, 1.6361463305800552, 1.6361463305800552, 1.6361463305800552, 1.6521121175151716, 1.6542439834744747, 1.6542439834744747, 1.6542439834744747, 1.6542439834744747, 1.6542439834744747, 1.6542439834744747, 1.6542439834744747, 1.6542439834744747, 1.6542439834744747, 1.6542439834744747, 1.6542439834744747], "timestamp": "2025-03-14_11-56-19"}