{"y_max": 1.6514432699284796, "mean_values": [0.9698352534625495, 1.1335566712417124, 1.1407625516356354, 1.2249197804049932, 1.4204593886924923, 1.4204593886924923, 1.4204593886924923, 1.4204593886924923, 1.4313970088812933, 1.4313970088812933, 1.4313970088812933, 1.4313970088812933, 1.4313970088812933, 1.6504576734891478, 1.6504576734891478, 1.6504576734891478, 1.6504576734891478, 1.6504576734891478, 1.6504576734891478, 1.6528837519478512, 1.65293074818413, 1.65293074818413, 1.65293074818413, 1.653633353231303, 1.653633353231303, 1.653633353231303, 1.653633353231303, 1.653633353231303, 1.653633353231303, 1.653633353231303], "timestamp": "2025-03-14_09-06-10"}