{"y_max": 1.6514432699284796, "mean_values": [0.7452029108754952, 1.004865334855208, 1.1402759840305252, 1.1444228693023162, 1.2643634175557672, 1.4429392601993736, 1.4429392601993736, 1.4429392601993736, 1.4429392601993736, 1.4429392601993736, 1.4429392601993736, 1.4429392601993736, 1.6352959786087535, 1.6352959786087535, 1.6352959786087535, 1.6352959786087535, 1.6352959786087535, 1.6352959786087535, 1.652512279730524, 1.6545385028102912, 1.6545385028102912, 1.6545385028102912, 1.6545385028102912, 1.6545385028102912, 1.6545385028102912, 1.6545385028102912, 1.6545385028102912, 1.6545385028102912, 1.6545385028102912, 1.6545385028102912], "timestamp": "2025-03-14_10-11-45"}