{"y_max": 1.6514432699284796, "mean_values": [0.8042901819515074, 1.0175621223643494, 1.1382859441915079, 1.1465593286686824, 1.26342488409788, 1.4418826091431327, 1.4418826091431327, 1.4418826091431327, 1.4418826091431327, 1.4418826091431327, 1.4418826091431327, 1.4418826091431327, 1.4418826091431327, 1.624037903649272, 1.624037903649272, 1.624037903649272, 1.624037903649272, 1.6416013235322857, 1.6416013235322857, 1.6518923403350603, 1.6518923403350603, 1.6538343927850154, 1.6538343927850154, 1.6538343927850154, 1.6538343927850154, 1.6538343927850154, 1.6538343927850154, 1.6538343927850154, 1.6538343927850154, 1.6538343927850154], "timestamp": "2025-03-14_09-15-09"}