{"y_max": 1.6514432699284796, "mean_values": [0.7819757845572304, 1.0105979204297322, 1.1384585976407946, 1.1452086759775124, 1.2638742139703742, 1.4418248555241744, 1.4418248555241744, 1.4418248555241744, 1.4418248555241744, 1.4418248555241744, 1.4418248555241744, 1.4418248555241744, 1.6351779124014791, 1.6351779124014791, 1.6351779124014791, 1.6351779124014791, 1.6366760930088238, 1.6366760930088238, 1.6536425598723146, 1.6540917041992629, 1.6540917041992629, 1.6540917041992629, 1.6540917041992629, 1.6540917041992629, 1.6540917041992629, 1.6540917041992629, 1.6540917041992629, 1.6540917041992629, 1.6540917041992629, 1.6540917041992629], "timestamp": "2025-03-14_10-02-34"}