{"y_max": 1.6514432699284796, "mean_values": [0.9636648099347647, 1.1346433055768517, 1.1369081759558808, 1.2212120045844104, 1.416784435629046, 1.416784435629046, 1.416784435629046, 1.4308118959250258, 1.4308118959250258, 1.4308118959250258, 1.4308118959250258, 1.4308118959250258, 1.4308118959250258, 1.6525050832764525, 1.6525050832764525, 1.6525050832764525, 1.6525050832764525, 1.6525050832764525, 1.6525050832764525, 1.6527582882731973, 1.6527582882731973, 1.6527582882731973, 1.6527582882731973, 1.6527582882731973, 1.6527582882731973, 1.6527582882731973, 1.6527582882731973, 1.6527582882731973, 1.6534434081297957, 1.6534434081297957], "timestamp": "2025-03-14_10-39-26"}