{"y_max": 1.6514432699284796, "mean_values": [0.7694398851034661, 1.0128135733033456, 1.1401694423846407, 1.1433356629993998, 1.2651318559454958, 1.4414564113347326, 1.4414564113347326, 1.4414564113347326, 1.4414564113347326, 1.4414564113347326, 1.4414564113347326, 1.4414564113347326, 1.635173202088508, 1.635173202088508, 1.635173202088508, 1.635173202088508, 1.6357531634783908, 1.6357531634783908, 1.6514401158740857, 1.652705621227251, 1.652705621227251, 1.652705621227251, 1.652705621227251, 1.652705621227251, 1.652705621227251, 1.652705621227251, 1.652705621227251, 1.652705621227251, 1.652705621227251, 1.652705621227251], "timestamp": "2025-03-14_09-41-36"}