{"y_max": 1.6514432699284796, "mean_values": [0.8146855768816103, 1.0185578696150197, 1.1395399623137703, 1.1458563178437773, 1.2609389144806549, 1.442578636241799, 1.442578636241799, 1.442578636241799, 1.442578636241799, 1.442578636241799, 1.442578636241799, 1.442578636241799, 1.442578636241799, 1.638246507654423, 1.638246507654423, 1.638246507654423, 1.638246507654423, 1.638246507654423, 1.638246507654423, 1.6515009089542068, 1.6545817666625067, 1.6545817666625067, 1.6545817666625067, 1.6545817666625067, 1.6545817666625067, 1.6545817666625067, 1.6545817666625067, 1.6545817666625067, 1.6545817666625067, 1.6545817666625067], "timestamp": "2025-03-14_09-55-25"}