{"y_max": 1.6514432699284796, "mean_values": [0.7934320871338116, 1.0194434570544675, 1.1391882621778606, 1.144912624210261, 1.2640095511212153, 1.442290176738007, 1.442290176738007, 1.442290176738007, 1.442290176738007, 1.442290176738007, 1.442290176738007, 1.442290176738007, 1.6348241509790968, 1.6348241509790968, 1.6348241509790968, 1.6348241509790968, 1.6348241509790968, 1.6348241509790968, 1.6525947022355478, 1.6540630776131868, 1.6540630776131868, 1.6540630776131868, 1.6540630776131868, 1.6540630776131868, 1.6540630776131868, 1.6540630776131868, 1.6540630776131868, 1.6540630776131868, 1.6540630776131868, 1.6540630776131868], "timestamp": "2025-03-14_09-03-55"}