{"y_max": 1.6514432699284796, "mean_values": [0.9699715552661146, 1.1329423289540423, 1.138027663109014, 1.2250363090826115, 1.425082420044346, 1.425082420044346, 1.425082420044346, 1.425082420044346, 1.4288242118368082, 1.4288242118368082, 1.4288242118368082, 1.4288242118368082, 1.4288242118368082, 1.6518728346886709, 1.6518728346886709, 1.6518728346886709, 1.6518728346886709, 1.6518728346886709, 1.6518728346886709, 1.6529775872824342, 1.6529775872824342, 1.6529775872824342, 1.6529775872824342, 1.6529775872824342, 1.6529775872824342, 1.6529775872824342, 1.6529775872824342, 1.6538337614168093, 1.6538337614168093, 1.6538337614168093], "timestamp": "2025-03-14_10-14-02"}