{"y_max": 1.6514432699284796, "mean_values": [0.9642987034519699, 1.1327620077740506, 1.1376673744762906, 1.222897011235244, 1.4225530510436555, 1.4225530510436555, 1.4225530510436555, 1.4322249080816642, 1.4322249080816642, 1.4322249080816642, 1.4322249080816642, 1.4322249080816642, 1.4322249080816642, 1.6501256018594286, 1.6501256018594286, 1.6501256018594286, 1.6501256018594286, 1.6501256018594286, 1.6501256018594286, 1.6512326046125874, 1.6541439526468833, 1.6541439526468833, 1.6541439526468833, 1.6541439526468833, 1.6541439526468833, 1.6541439526468833, 1.6541439526468833, 1.6541439526468833, 1.6541439526468833, 1.6541439526468833], "timestamp": "2025-03-14_10-09-27"}