{"y_max": 1.6514432699284796, "mean_values": [0.7943509232232734, 1.0163556194276524, 1.1403278824857612, 1.1446989040603908, 1.2627092450277824, 1.4390283776394077, 1.4390283776394077, 1.4390283776394077, 1.4390283776394077, 1.4390283776394077, 1.4390283776394077, 1.4390283776394077, 1.6336580574108157, 1.6336580574108157, 1.6336580574108157, 1.6336580574108157, 1.6363031313225744, 1.6363031313225744, 1.6515982533514464, 1.6516330558934333, 1.6516330558934333, 1.6516330558934333, 1.6516330558934333, 1.6525383661795576, 1.6525383661795576, 1.6525383661795576, 1.6525383661795576, 1.6525383661795576, 1.6525383661795576, 1.6525383661795576], "timestamp": "2025-03-14_09-48-24"}