{"y_max": 1.6514432699284796, "mean_values": [0.9727352409443578, 1.1343989425823509, 1.1395938133520827, 1.2242017548747854, 1.4224874481852088, 1.4224874481852088, 1.4224874481852088, 1.4224874481852088, 1.429923452091694, 1.429923452091694, 1.429923452091694, 1.429923452091694, 1.429923452091694, 1.6507164736395397, 1.6507164736395397, 1.6507164736395397, 1.6507164736395397, 1.6507164736395397, 1.6507164736395397, 1.653098567900238, 1.6549186426912081, 1.6549186426912081, 1.6549186426912081, 1.6549186426912081, 1.6549186426912081, 1.6549186426912081, 1.6549186426912081, 1.6549186426912081, 1.6549186426912081, 1.6549186426912081], "timestamp": "2025-03-14_10-30-05"}