{"y_max": 1.6514432699284796, "mean_values": [0.9641810173842346, 1.132535773383326, 1.1380389689605857, 1.2255255456119805, 1.4191365801021014, 1.4191365801021014, 1.4191365801021014, 1.4318090532847656, 1.4318090532847656, 1.4318090532847656, 1.4318090532847656, 1.4318090532847656, 1.4318090532847656, 1.6512658540695508, 1.6512658540695508, 1.6512658540695508, 1.6512658540695508, 1.6512658540695508, 1.6512658540695508, 1.6512658540695508, 1.6539626611813971, 1.6539626611813971, 1.6539626611813971, 1.6555249186910461, 1.6555249186910461, 1.6555249186910461, 1.6555249186910461, 1.6555249186910461, 1.6555249186910461, 1.6555249186910461], "timestamp": "2025-03-14_10-16-18"}