{"y_max": 1.6514432699284796, "mean_values": [0.8001124726339234, 1.016684480536525, 1.1415569864019235, 1.145789867628211, 1.2644430836975502, 1.440916347610856, 1.440916347610856, 1.440916347610856, 1.440916347610856, 1.440916347610856, 1.440916347610856, 1.440916347610856, 1.440916347610856, 1.6236615094380602, 1.6236615094380602, 1.6236615094380602, 1.6236615094380602, 1.6437111411055774, 1.6437111411055774, 1.653296704928009, 1.653296704928009, 1.653296704928009, 1.653296704928009, 1.653296704928009, 1.653296704928009, 1.653296704928009, 1.653296704928009, 1.653296704928009, 1.653296704928009, 1.653296704928009], "timestamp": "2025-03-14_10-41-43"}