{"y_max": 1.6514432699284796, "mean_values": [0.9726908688478787, 1.13531063436392, 1.1389955711221882, 1.2245608466065088, 1.4236577852251404, 1.4236577852251404, 1.4236577852251404, 1.4236577852251404, 1.4295806073835238, 1.4295806073835238, 1.4295806073835238, 1.4295806073835238, 1.4295806073835238, 1.6495465285687798, 1.6495465285687798, 1.6495465285687798, 1.6495465285687798, 1.6495465285687798, 1.6495465285687798, 1.6533051427598993, 1.6533051427598993, 1.6533051427598993, 1.6533051427598993, 1.6534726061783367, 1.6534726061783367, 1.6534726061783367, 1.6534726061783367, 1.6534726061783367, 1.6541925611496435, 1.6541925611496435], "timestamp": "2025-03-14_11-49-24"}