{"y_max": 1.6514432699284796, "mean_values": [0.7780826594201351, 1.0112542298826286, 1.1394213679405978, 1.1442118224650217, 1.2646642262706533, 1.442742681912987, 1.442742681912987, 1.442742681912987, 1.442742681912987, 1.442742681912987, 1.442742681912987, 1.442742681912987, 1.635840060087896, 1.635840060087896, 1.635840060087896, 1.635840060087896, 1.6371587241313859, 1.6371587241313859, 1.653717630261211, 1.653717630261211, 1.653717630261211, 1.653717630261211, 1.653717630261211, 1.653717630261211, 1.653717630261211, 1.653717630261211, 1.653717630261211, 1.653717630261211, 1.653717630261211, 1.653717630261211], "timestamp": "2025-03-14_10-32-26"}