{"y_max": 1.6514432699284796, "mean_values": [0.8016479516906266, 1.0176718048188247, 1.1416427010282257, 1.1462761460370572, 1.2643328641207576, 1.4419118313969808, 1.4419118313969808, 1.4419118313969808, 1.4419118313969808, 1.4419118313969808, 1.4419118313969808, 1.4419118313969808, 1.4419118313969808, 1.6228590517620962, 1.6228590517620962, 1.6228590517620962, 1.6228590517620962, 1.6405701007633886, 1.6405701007633886, 1.651314210170337, 1.651314210170337, 1.6527289230732154, 1.6527289230732154, 1.6527289230732154, 1.6528680301874015, 1.6528680301874015, 1.6528680301874015, 1.6528680301874015, 1.6528680301874015, 1.6528680301874015], "timestamp": "2025-03-14_11-58-45"}