{"y_max": 1.6514432699284796, "mean_values": [0.8015480962667216, 1.0192872668958197, 1.1398108748144729, 1.1452811182711444, 1.264809039613754, 1.4430724914424815, 1.4430724914424815, 1.4430724914424815, 1.4430724914424815, 1.4430724914424815, 1.4430724914424815, 1.4430724914424815, 1.4430724914424815, 1.628361380953629, 1.628361380953629, 1.628361380953629, 1.628361380953629, 1.6393437292463475, 1.6393437292463475, 1.6508832494739374, 1.6508832494739374, 1.6528433625761012, 1.6528433625761012, 1.6529403729175405, 1.6529403729175405, 1.6529403729175405, 1.6529403729175405, 1.6529403729175405, 1.6529403729175405, 1.6529403729175405], "timestamp": "2025-03-14_09-46-07"}