{"y_max": 1.6514432699284796, "mean_values": [0.814303674045096, 1.0178249545093436, 1.139027987744568, 1.143859166222292, 1.258708784456933, 1.443058270460676, 1.443058270460676, 1.443058270460676, 1.443058270460676, 1.443058270460676, 1.443058270460676, 1.443058270460676, 1.443058270460676, 1.6388390671007877, 1.6388390671007877, 1.6388390671007877, 1.6388390671007877, 1.6388390671007877, 1.6388390671007877, 1.6513323353916378, 1.653149970873615, 1.653149970873615, 1.653149970873615, 1.653149970873615, 1.653149970873615, 1.653149970873615, 1.6535045236478703, 1.6535045236478703, 1.6535045236478703, 1.6535045236478703], "timestamp": "2025-03-14_11-32-59"}