{"y_max": 1.6514432699284796, "mean_values": [0.8585859511755346, 1.0245363698593248, 1.1398103812785967, 1.146331178950547, 1.264324454239196, 1.4415184054967702, 1.4415184054967702, 1.4415184054967702, 1.4415184054967702, 1.4415184054967702, 1.4415184054967702, 1.4415184054967702, 1.4415184054967702, 1.4415184054967702, 1.6403808425551032, 1.6403808425551032, 1.6403808425551032, 1.6403808425551032, 1.6403808425551032, 1.6403808425551032, 1.6528394770070105, 1.652997637655242, 1.652997637655242, 1.652997637655242, 1.652997637655242, 1.652997637655242, 1.652997637655242, 1.652997637655242, 1.652997637655242, 1.652997637655242], "timestamp": "2025-03-14_11-42-22"}