{"y_max": 1.6514432699284796, "mean_values": [0.7977458810784948, 1.017778684510344, 1.137205564326232, 1.145888812302748, 1.2630932636061964, 1.4416348903901657, 1.4416348903901657, 1.4416348903901657, 1.4416348903901657, 1.4416348903901657, 1.4416348903901657, 1.4416348903901657, 1.6237329285733186, 1.6237329285733186, 1.6237329285733186, 1.6237329285733186, 1.6434739163764491, 1.6434739163764491, 1.65158330346814, 1.65158330346814, 1.6520413121026298, 1.6520413121026298, 1.6520413121026298, 1.6520413121026298, 1.6520413121026298, 1.6520413121026298, 1.6520413121026298, 1.6520413121026298, 1.6520413121026298, 1.6524029966901155], "timestamp": "2025-03-14_09-10-39"}