{"y_max": 1.6514432699284796, "mean_values": [0.8204602790128417, 1.0185975643647183, 1.1390960369770473, 1.145478917686843, 1.2596453420771145, 1.4407034881662284, 1.4407034881662284, 1.4407034881662284, 1.4407034881662284, 1.4407034881662284, 1.4407034881662284, 1.4407034881662284, 1.4407034881662284, 1.6383754236096195, 1.6383754236096195, 1.6383754236096195, 1.6383754236096195, 1.6383754236096195, 1.6383754236096195, 1.6520192360217258, 1.6534160201920614, 1.6534160201920614, 1.6534160201920614, 1.6534160201920614, 1.6534160201920614, 1.6534160201920614, 1.6534160201920614, 1.6534160201920614, 1.6534160201920614, 1.6534160201920614], "timestamp": "2025-03-14_09-57-47"}