{"y_max": 1.6514432699284796, "mean_values": [0.7771914015801139, 1.0118900718259207, 1.139175829113618, 1.1454073723553273, 1.2650245030703924, 1.4407211539850644, 1.4407211539850644, 1.4407211539850644, 1.4407211539850644, 1.4407211539850644, 1.4407211539850644, 1.4407211539850644, 1.634610836914152, 1.634610836914152, 1.634610836914152, 1.634610836914152, 1.6364835120755425, 1.6364835120755425, 1.6538098500743896, 1.6538098500743896, 1.6538098500743896, 1.6538098500743896, 1.6538098500743896, 1.6538098500743896, 1.6538098500743896, 1.6538098500743896, 1.6538098500743896, 1.6538098500743896, 1.6538098500743896, 1.6538098500743896], "timestamp": "2025-03-14_11-44-42"}