{"y_max": 1.6514432699284796, "mean_values": [0.9578833124720132, 1.134623488854158, 1.1384110689530431, 1.2249579928599026, 1.4198320082022988, 1.4198320082022988, 1.4198320082022988, 1.4333890610916298, 1.4372926840332532, 1.4372926840332532, 1.443023516666769, 1.443023516666769, 1.443023516666769, 1.443023516666769, 1.443023516666769, 1.443023516666769, 1.443023516666769, 1.443023516666769, 1.443023516666769, 1.443023516666769, 1.443023516666769, 1.443023516666769, 1.443023516666769, 1.443023516666769, 1.443023516666769, 1.443023516666769, 1.443023516666769, 1.443023516666769, 1.443023516666769, 1.443023516666769], "timestamp": "2025-03-14_10-18-31"}