{"y_max": 1.6514432699284796, "mean_values": [0.8581908590454487, 1.0237325352018416, 1.1382585562180727, 1.1459755056855168, 1.263897809860649, 1.4410587796406535, 1.4410587796406535, 1.4410587796406535, 1.4410587796406535, 1.4410587796406535, 1.4410587796406535, 1.4410587796406535, 1.4410587796406535, 1.4410587796406535, 1.6385025914258016, 1.6385025914258016, 1.6385025914258016, 1.6385025914258016, 1.6385025914258016, 1.6385025914258016, 1.6516615934778056, 1.652432556471394, 1.652432556471394, 1.652432556471394, 1.652432556471394, 1.652432556471394, 1.652432556471394, 1.652432556471394, 1.6525559384614654, 1.6525559384614654], "timestamp": "2025-03-14_11-16-43"}