{"y_max": 1.6817229668738747, "mean_values": [0.21869466827778675, 0.6221755140533325, 1.203762966346107, 1.3932941125645049, 1.3932941125645049, 1.4487953945947334, 1.4487953945947334, 1.4487953945947334, 1.4487953945947334, 1.4487953945947334, 1.4487953945947334, 1.4487953945947334, 1.4487953945947334, 1.4487953945947334, 1.4487953945947334, 1.4487953945947334, 1.4487953945947334, 1.4487953945947334, 1.4487953945947334, 1.4487953945947334], "timestamp": "2025-03-13_17-39-01"}