{"y_max": 1.6817229668738747, "mean_values": [0.24647487088751607, 0.6321673664447979, 1.1782774050237046, 1.3588890665245896, 1.3588890665245896, 1.412706473823024, 1.412706473823024, 1.4552699612357665, 1.4552699612357665, 1.4552699612357665, 1.4552699612357665, 1.4552699612357665, 1.4552699612357665, 1.4552699612357665, 1.4552699612357665, 1.4552699612357665, 1.4678748832061337, 1.4678748832061337, 1.4678748832061337, 1.4678748832061337], "timestamp": "2025-03-13_17-37-50"}