{"y_max": 1.6817229668738747, "mean_values": [0.15705106318898301, 0.36562357361048836, 0.9072481161798713, 1.4290154528348669, 1.4290154528348669, 1.4290154528348669, 1.4290154528348669, 1.4290154528348669, 1.4290154528348669, 1.4290154528348669, 1.4563903476096163, 1.4563903476096163, 1.4563903476096163, 1.4563903476096163, 1.4563903476096163, 1.4563903476096163, 1.4563903476096163, 1.4563903476096163, 1.4563903476096163, 1.4563903476096163], "timestamp": "2025-03-13_16-16-37"}