{"y_max": 1.6817229668738747, "mean_values": [0.19592659287953507, 0.5308841794368937, 1.244524125254824, 1.4342069621216391, 1.4342069621216391, 1.4436013220596127, 1.4436013220596127, 1.4436013220596127, 1.4436013220596127, 1.4436013220596127, 1.4736713333880735, 1.4736713333880735, 1.4736713333880735, 1.4736713333880735, 1.4736713333880735, 1.4736713333880735, 1.4736713333880735, 1.4736713333880735, 1.4736713333880735, 1.4736713333880735], "timestamp": "2025-03-13_16-29-14"}