{"y_max": 1.6817229668738747, "mean_values": [0.16770665392724388, 0.401175011189644, 0.970514477917287, 1.3989258643627722, 1.3989258643627722, 1.3989258643627722, 1.4558636706285542, 1.4558636706285542, 1.4615312228343595, 1.4615312228343595, 1.4615312228343595, 1.4615312228343595, 1.4615312228343595, 1.4615312228343595, 1.4615312228343595, 1.4615312228343595, 1.4615312228343595, 1.4615312228343595, 1.4615312228343595, 1.4615312228343595], "timestamp": "2025-03-13_17-59-30"}