{"y_max": 1.6817229668738747, "mean_values": [0.2294516326546909, 0.6144531596694247, 1.244731234558867, 1.3843041456767162, 1.3843041456767162, 1.4416223127741943, 1.444217806043445, 1.5019936142522128, 1.5019936142522128, 1.5019936142522128, 1.5019936142522128, 1.5019936142522128, 1.5019936142522128, 1.5019936142522128, 1.5019936142522128, 1.5019936142522128, 1.5019936142522128, 1.5019936142522128, 1.5019936142522128, 1.5019936142522128], "timestamp": "2025-03-13_16-20-17"}