{"y_max": 1.6817229668738747, "mean_values": [0.3139782884751834, 0.7161988410441692, 1.1967447028821536, 1.3260985470364566, 1.3260985470364566, 1.4507848747677197, 1.4507848747677197, 1.4507848747677197, 1.4507848747677197, 1.4507848747677197, 1.4507848747677197, 1.4507848747677197, 1.4507848747677197, 1.4507848747677197, 1.4507848747677197, 1.4507848747677197, 1.4507848747677197, 1.4803935533979664, 1.4803935533979664, 1.4803935533979664], "timestamp": "2025-03-13_17-19-49"}