{"y_max": 1.6817229668738747, "mean_values": [0.21068281739532715, 0.5800120967778469, 1.2070183642934402, 1.3746292076171749, 1.3746292076171749, 1.3746292076171749, 1.4401121579162768, 1.4401121579162768, 1.4401121579162768, 1.4401121579162768, 1.4401121579162768, 1.448060539654366, 1.448060539654366, 1.448060539654366, 1.448060539654366, 1.448060539654366, 1.448060539654366, 1.448060539654366, 1.448060539654366, 1.448060539654366], "timestamp": "2025-03-13_15-35-45"}