{"y_max": 1.6817229668738747, "mean_values": [0.2165970692755588, 0.5724439583095052, 1.1779897417361793, 1.358871172848776, 1.358871172848776, 1.4539686062150026, 1.4539686062150026, 1.4539686062150026, 1.4539686062150026, 1.4539686062150026, 1.4539686062150026, 1.4852870354963017, 1.4889951138631687, 1.4889951138631687, 1.4893899389952616, 1.4893899389952616, 1.4893899389952616, 1.4893899389952616, 1.4893899389952616, 1.4893899389952616], "timestamp": "2025-03-13_17-58-17"}