{"y_max": 1.6817229668738747, "mean_values": [0.19888488406171229, 0.5690775033104938, 1.187041379789846, 1.4001157805300652, 1.4001157805300652, 1.4075844126626713, 1.4075844126626713, 1.4277861690657916, 1.4277861690657916, 1.4277861690657916, 1.4525805256921809, 1.4525805256921809, 1.4525805256921809, 1.4525805256921809, 1.4525805256921809, 1.4761785475996307, 1.4761785475996307, 1.4761785475996307, 1.4761785475996307, 1.4761785475996307], "timestamp": "2025-03-13_15-55-34"}