{"y_max": 1.6817229668738747, "mean_values": [0.16801270920257685, 0.42235210782511895, 0.9754863016357458, 1.4337735948229757, 1.4337735948229757, 1.4337735948229757, 1.4337735948229757, 1.4337735948229757, 1.4337735948229757, 1.4337735948229757, 1.4369377143854858, 1.4515179953939623, 1.4515179953939623, 1.4552647159158538, 1.4552647159158538, 1.4552647159158538, 1.4952792938853945, 1.4952792938853945, 1.4952792938853945, 1.4952792938853945], "timestamp": "2025-03-13_17-18-37"}