{"y_max": 1.6817229668738747, "mean_values": [0.17754757153619735, 0.17754757153619735, 0.5619729120104137, 1.2825900635101655, 1.3847426040568227, 1.3847426040568227, 1.4652179189987402, 1.4652179189987402, 1.4652179189987402, 1.4652179189987402, 1.4652179189987402, 1.499155773035599, 1.499155773035599, 1.499155773035599, 1.499155773035599, 1.499155773035599, 1.499155773035599, 1.499155773035599, 1.499155773035599, 1.499155773035599], "timestamp": "2025-03-13_17-36-38"}