{"y_max": 1.6817229668738747, "mean_values": [0.1877728127105505, 0.5803520581998225, 1.1808251092931297, 1.3648442224400468, 1.3648442224400468, 1.37390954421189, 1.3906544316565854, 1.5043901709835548, 1.5043901709835548, 1.5043901709835548, 1.5043901709835548, 1.5043901709835548, 1.5043901709835548, 1.5043901709835548, 1.5043901709835548, 1.5043901709835548, 1.5043901709835548, 1.5043901709835548, 1.5043901709835548, 1.5043901709835548], "timestamp": "2025-03-13_16-34-48"}