{"y_max": 1.6817229668738747, "mean_values": [0.23635110037478635, 0.5797299705009255, 1.156100521990661, 1.3729217329965044, 1.3729217329965044, 1.4230595430856163, 1.4467237760119525, 1.4467237760119525, 1.4467237760119525, 1.4467237760119525, 1.4467237760119525, 1.4467237760119525, 1.4467237760119525, 1.4610224652437085, 1.4843343588776192, 1.4843343588776192, 1.4843343588776192, 1.4843343588776192, 1.4843343588776192, 1.4843343588776192], "timestamp": "2025-03-13_17-13-42"}