{"y_max": 1.6817229668738747, "mean_values": [0.21276993058556562, 0.4933502807353713, 0.930607593032773, 1.4144926039774943, 1.4144926039774943, 1.4144926039774943, 1.4395095639045428, 1.4395095639045428, 1.4395095639045428, 1.4412404882968848, 1.4412404882968848, 1.4412404882968848, 1.4412404882968848, 1.4412404882968848, 1.4412404882968848, 1.4925051914586602, 1.4925051914586602, 1.4925051914586602, 1.4925051914586602, 1.4925051914586602], "timestamp": "2025-03-13_17-55-53"}