{"y_max": 1.6817229668738747, "mean_values": [0.28752359359621976, 0.6915312510069042, 1.227048488581209, 1.3033820693324936, 1.3033820693324936, 1.3033820693324936, 1.4249172572412372, 1.4249172572412372, 1.4249172572412372, 1.4429560529161911, 1.4429560529161911, 1.4429560529161911, 1.4429560529161911, 1.4429560529161911, 1.4880284606145964, 1.4880284606145964, 1.4880284606145964, 1.4880284606145964, 1.4880284606145964, 1.4880284606145964], "timestamp": "2025-03-13_15-48-13"}