{"y_max": 1.6817229668738747, "mean_values": [0.2088623698495525, 0.5002765137242815, 0.9070540861307985, 1.4501994209310476, 1.4501994209310476, 1.4501994209310476, 1.4501994209310476, 1.4501994209310476, 1.4501994209310476, 1.4501994209310476, 1.4501994209310476, 1.4501994209310476, 1.4501994209310476, 1.4501994209310476, 1.4501994209310476, 1.4501994209310476, 1.4605322174834896, 1.4605322174834896, 1.4605322174834896, 1.4605322174834896], "timestamp": "2025-03-13_17-21-01"}