{"y_max": 1.6817229668738747, "mean_values": [0.22438273291001837, 0.5447397835013421, 1.1568844380580525, 1.3993039524666506, 1.3993039524666506, 1.4387571467528364, 1.4387571467528364, 1.4759804723085648, 1.4759804723085648, 1.4759804723085648, 1.4759804723085648, 1.4759804723085648, 1.4759804723085648, 1.4759804723085648, 1.4759804723085648, 1.4759804723085648, 1.4759804723085648, 1.4759804723085648, 1.4759804723085648, 1.4759804723085648], "timestamp": "2025-03-13_17-40-13"}