{"y_max": 1.6817229668738747, "mean_values": [0.23329985088827343, 0.5738289480037971, 1.2114939067449282, 1.3858992455043522, 1.3858992455043522, 1.4129085821281409, 1.4155414136719384, 1.4155414136719384, 1.4155414136719384, 1.4202593493713014, 1.4312406086672664, 1.4312406086672664, 1.4312406086672664, 1.4389639910470144, 1.4389639910470144, 1.4549027970548811, 1.4549027970548811, 1.4549027970548811, 1.4549027970548811, 1.4549027970548811], "timestamp": "2025-03-13_16-39-22"}