{"y_max": 1.6817229668738747, "mean_values": [0.24950619052034162, 0.5363293665776024, 1.1306560070065184, 1.3889177166166933, 1.3889177166166933, 1.3889177166166933, 1.4519204553339382, 1.4519204553339382, 1.4519204553339382, 1.4858780368051518, 1.4858780368051518, 1.4858780368051518, 1.4858780368051518, 1.4858780368051518, 1.4858780368051518, 1.4858780368051518, 1.4858780368051518, 1.4858780368051518, 1.4858780368051518, 1.4865221399580764], "timestamp": "2025-03-13_16-06-37"}