{"y_max": 1.6817229668738747, "mean_values": [0.11212222632516268, 0.368652120274709, 0.8682323130804815, 1.364971725021272, 1.364971725021272, 1.364971725021272, 1.4519598829894433, 1.4519598829894433, 1.4519598829894433, 1.4519598829894433, 1.4519598829894433, 1.4519598829894433, 1.4519598829894433, 1.4519598829894433, 1.4519598829894433, 1.4622896167509254, 1.4622896167509254, 1.4622896167509254, 1.4622896167509254, 1.4937811599947945], "timestamp": "2025-03-13_17-29-26"}