{"y_max": 1.6817229668738747, "mean_values": [0.23707335799230897, 0.5631158231705347, 1.2076354451991251, 1.3784320613633307, 1.3784320613633307, 1.429745315140579, 1.467885023306087, 1.467885023306087, 1.467885023306087, 1.467885023306087, 1.467885023306087, 1.467885023306087, 1.4707739276821996, 1.4707739276821996, 1.4707739276821996, 1.4707739276821996, 1.4707739276821996, 1.4707739276821996, 1.4715963659381999, 1.4715963659381999], "timestamp": "2025-03-13_14-57-34"}