{"y_max": 1.6817229668738747, "mean_values": [0.15490464487715627, 0.4198969954499825, 0.9490225623902413, 1.4274363056983406, 1.4274363056983406, 1.4274363056983406, 1.4274363056983406, 1.4274363056983406, 1.4274363056983406, 1.4574408462915542, 1.4739676688739491, 1.4739676688739491, 1.4739676688739491, 1.4930547148214401, 1.4930547148214401, 1.4930547148214401, 1.4930547148214401, 1.4930547148214401, 1.4930547148214401, 1.4930547148214401], "timestamp": "2025-03-13_16-26-38"}