{"y_max": 1.6817229668738747, "mean_values": [0.20411913966519596, 0.5757442664051636, 1.2023428044206708, 1.3683080745033556, 1.3683080745033556, 1.4834141302818302, 1.4834141302818302, 1.4834141302818302, 1.4834141302818302, 1.4834141302818302, 1.4834141302818302, 1.4834141302818302, 1.4834141302818302, 1.4834141302818302, 1.4834141302818302, 1.4834141302818302, 1.4834141302818302, 1.4834141302818302, 1.4834141302818302, 1.4834141302818302], "timestamp": "2025-03-13_17-28-13"}