{"y_max": 1.6817229668738747, "mean_values": [0.20993978880910968, 0.4457684331865106, 1.0050159231366798, 1.4523331278705096, 1.4523331278705096, 1.4523331278705096, 1.4523331278705096, 1.4523331278705096, 1.4523331278705096, 1.4523331278705096, 1.4523331278705096, 1.4523331278705096, 1.4523331278705096, 1.4523331278705096, 1.4523331278705096, 1.4523331278705096, 1.4523331278705096, 1.4523331278705096, 1.4523331278705096, 1.4523331278705096], "timestamp": "2025-03-13_15-37-00"}