{"y_max": 1.6817229668738747, "mean_values": [0.15700164220898652, 0.4269874971525481, 0.9671806956616591, 1.4020136053182173, 1.4020136053182173, 1.4020136053182173, 1.4390438305982785, 1.4929087473011247, 1.4929087473011247, 1.4929087473011247, 1.4929087473011247, 1.4929087473011247, 1.4929087473011247, 1.4929087473011247, 1.4929087473011247, 1.4929087473011247, 1.4929087473011247, 1.4929087473011247, 1.4929087473011247, 1.4929087473011247], "timestamp": "2025-03-13_16-25-24"}