{"y_max": 1.6817229668738747, "mean_values": [0.3072259468949447, 0.6801237199034001, 1.2800856506139795, 1.3854810715221306, 1.3854810715221306, 1.4318617053449563, 1.4318617053449563, 1.4318617053449563, 1.4344589728363213, 1.4344589728363213, 1.4383384840531388, 1.4383384840531388, 1.4383384840531388, 1.4383384840531388, 1.4383384840531388, 1.4383384840531388, 1.4383384840531388, 1.4603801133573893, 1.4603801133573893, 1.4603801133573893], "timestamp": "2025-03-13_17-31-50"}