{"y_max": 1.6817229668738747, "mean_values": [0.25516958627601144, 0.646032101034175, 1.2586420348618386, 1.3744744232473185, 1.3744744232473185, 1.4204350214598793, 1.4335013108607508, 1.4731560630964742, 1.4731560630964742, 1.4731560630964742, 1.4731560630964742, 1.4731560630964742, 1.4731560630964742, 1.4731560630964742, 1.4731560630964742, 1.4731560630964742, 1.4731560630964742, 1.4731560630964742, 1.4731560630964742, 1.4731560630964742], "timestamp": "2025-03-13_16-15-20"}