{"y_max": 1.6817229668738747, "mean_values": [0.16616626825293546, 0.5687803607476455, 1.215173127649131, 1.418215149446687, 1.418215149446687, 1.4284301161807018, 1.4284301161807018, 1.4284301161807018, 1.4284301161807018, 1.4284301161807018, 1.4431919498717194, 1.4431919498717194, 1.4431919498717194, 1.4431919498717194, 1.4431919498717194, 1.4431919498717194, 1.4431919498717194, 1.4431919498717194, 1.4431919498717194, 1.491004421342416], "timestamp": "2025-03-13_16-30-28"}