{"y_max": 1.6817229668738747, "mean_values": [0.25202134486180267, 0.6450349529536177, 1.2414199403325483, 1.353565461923788, 1.353565461923788, 1.4753358000964392, 1.4753358000964392, 1.4753358000964392, 1.4753358000964392, 1.4753358000964392, 1.4753358000964392, 1.4776689579360494, 1.4776689579360494, 1.4776689579360494, 1.4776689579360494, 1.4776689579360494, 1.4776689579360494, 1.4776689579360494, 1.4776689579360494, 1.4776689579360494], "timestamp": "2025-03-13_17-48-43"}