{"y_max": 1.6514432699284796, "mean_values": [0.9446940679259413, 1.1160788482375226, 1.2232472414561104, 1.2232472414561104, 1.2602974836590686, 1.3673167598495184, 1.3823887759241498, 1.3823887759241498, 1.444815551745685, 1.444815551745685, 1.444815551745685, 1.444815551745685, 1.444815551745685, 1.467595304277702, 1.467595304277702, 1.467595304277702, 1.467595304277702, 1.467595304277702, 1.467595304277702, 1.467595304277702, 1.467595304277702, 1.467595304277702, 1.467595304277702, 1.4799332849753108, 1.4799332849753108, 1.4799332849753108, 1.5019631764963712, 1.5019631764963712, 1.5019631764963712, 1.5019631764963712, 1.5019631764963712, 1.5019631764963712, 1.5019631764963712, 1.5019631764963712, 1.5019631764963712, 1.5019631764963712, 1.5019631764963712, 1.5019631764963712, 1.5019631764963712, 1.5019631764963712], "timestamp": "2025-03-13_22-44-57"}