{"y_max": 1.6514432699284796, "mean_values": [0.80628496170196, 0.9560933300161998, 1.16923770989001, 1.16923770989001, 1.16923770989001, 1.3013735222881215, 1.4298058301680794, 1.4298058301680794, 1.4298058301680794, 1.4298058301680794, 1.4493391164712095, 1.4493391164712095, 1.4493391164712095, 1.4493391164712095, 1.4493391164712095, 1.4493391164712095, 1.4493391164712095, 1.4493391164712095, 1.5514896870115433, 1.6596676703788296, 1.6596676703788296, 1.6596676703788296, 1.6596676703788296, 1.6596676703788296, 1.6596676703788296, 1.6596676703788296, 1.6867637489571514, 1.6867637489571514, 1.6867637489571514, 1.6867637489571514, 1.7029551313521838, 1.7029551313521838, 1.7029551313521838, 1.7029551313521838, 1.7029551313521838, 1.7029551313521838, 1.7029551313521838, 1.7029551313521838, 1.7029551313521838, 1.7029551313521838], "timestamp": "2025-03-14_00-15-51"}