{"y_max": 1.6514432699284796, "mean_values": [0.9034558589380497, 1.018418809130285, 1.163547125021933, 1.163547125021933, 1.170386695869898, 1.3728357461006668, 1.3728357461006668, 1.3728357461006668, 1.3728357461006668, 1.4496483182939566, 1.4496483182939566, 1.4960034964428803, 1.4960034964428803, 1.4960034964428803, 1.4960034964428803, 1.4960034964428803, 1.4960034964428803, 1.4960034964428803, 1.4960034964428803, 1.4960034964428803, 1.4960034964428803, 1.4960034964428803, 1.4960034964428803, 1.4960034964428803, 1.4960034964428803, 1.4960034964428803, 1.4960034964428803, 1.4960034964428803, 1.6513022911257085, 1.6513022911257085, 1.6513022911257085, 1.6513022911257085, 1.6513022911257085, 1.660124127559087, 1.660124127559087, 1.660124127559087, 1.660124127559087, 1.660124127559087, 1.660124127559087, 1.6761678191217526], "timestamp": "2025-03-13_21-38-47"}