{"y_max": 1.6514432699284796, "mean_values": [0.8064301608033356, 0.9172841219450697, 1.1133431024639389, 1.18172837423732, 1.18172837423732, 1.2561124626662683, 1.5071856896315277, 1.5071856896315277, 1.5071856896315277, 1.5071856896315277, 1.5071856896315277, 1.5071856896315277, 1.5071856896315277, 1.5071856896315277, 1.5071856896315277, 1.5071856896315277, 1.5071856896315277, 1.5071856896315277, 1.6237576390465729, 1.6237576390465729, 1.6237576390465729, 1.6237576390465729, 1.6237576390465729, 1.6587156571944661, 1.6587156571944661, 1.7064778047492841, 1.7064778047492841, 1.7064778047492841, 1.7064778047492841, 1.7064778047492841, 1.7064778047492841, 1.7064778047492841, 1.7064778047492841, 1.7064778047492841, 1.7064778047492841, 1.7064778047492841, 1.7064778047492841, 1.7064778047492841, 1.7064778047492841, 1.7064778047492841], "timestamp": "2025-03-13_21-15-06"}