{"y_max": 1.6514432699284796, "mean_values": [0.7702849208749326, 0.973663962567828, 1.0843216581492912, 1.1109502945616274, 1.2413416811757803, 1.3175344302685985, 1.426556331391109, 1.426556331391109, 1.426556331391109, 1.426556331391109, 1.426556331391109, 1.426556331391109, 1.426556331391109, 1.426556331391109, 1.5452653179268019, 1.6830621665651193, 1.6830621665651193, 1.6830621665651193, 1.6830621665651193, 1.6830621665651193, 1.6830621665651193, 1.6830621665651193, 1.6830621665651193, 1.6830621665651193, 1.6830621665651193, 1.6830621665651193, 1.6830621665651193, 1.6830621665651193, 1.6830621665651193, 1.696533072731086, 1.696533072731086, 1.696533072731086, 1.696533072731086, 1.696533072731086, 1.696533072731086, 1.696533072731086, 1.696533072731086, 1.696533072731086, 1.696533072731086, 1.696533072731086], "timestamp": "2025-03-13_19-28-40"}