{"y_max": 1.6514432699284796, "mean_values": [0.7878381644849611, 0.9578849509209523, 1.1577229757781207, 1.1577229757781207, 1.1577229757781207, 1.2449080542889175, 1.440112331296143, 1.440112331296143, 1.440112331296143, 1.440112331296143, 1.440112331296143, 1.440112331296143, 1.440112331296143, 1.440112331296143, 1.440112331296143, 1.5450667682870878, 1.6653692852004258, 1.6653692852004258, 1.6653692852004258, 1.6653692852004258, 1.6653692852004258, 1.6653692852004258, 1.6653692852004258, 1.6653692852004258, 1.6653692852004258, 1.688816542503997, 1.688816542503997, 1.688816542503997, 1.688816542503997, 1.688816542503997, 1.688816542503997, 1.688816542503997, 1.688816542503997, 1.688816542503997, 1.688816542503997, 1.688816542503997, 1.688816542503997, 1.6933288904274455, 1.6933288904274455, 1.6933288904274455], "timestamp": "2025-03-13_23-56-19"}