{"y_max": 1.6514432699284796, "mean_values": [0.8958750765816831, 1.0753489287202798, 1.200621754024352, 1.2263517535181816, 1.2263517535181816, 1.4015545292393912, 1.4015545292393912, 1.4015545292393912, 1.4015545292393912, 1.4015545292393912, 1.496132084133061, 1.496132084133061, 1.496132084133061, 1.496132084133061, 1.496132084133061, 1.496132084133061, 1.496132084133061, 1.496132084133061, 1.496132084133061, 1.496132084133061, 1.496132084133061, 1.496132084133061, 1.496132084133061, 1.6638099139807847, 1.6638099139807847, 1.6638099139807847, 1.6638099139807847, 1.6638099139807847, 1.6638099139807847, 1.6638099139807847, 1.6638099139807847, 1.6638099139807847, 1.6638099139807847, 1.6638099139807847, 1.6638099139807847, 1.6638099139807847, 1.6638099139807847, 1.6638099139807847, 1.6638099139807847, 1.6674964169953355], "timestamp": "2025-03-13_20-39-33"}