{"y_max": 1.6514432699284796, "mean_values": [0.7340835427182691, 0.9303210549173743, 1.1680947699281188, 1.1680947699281188, 1.1680947699281188, 1.3002081929919997, 1.4999989674306746, 1.4999989674306746, 1.4999989674306746, 1.4999989674306746, 1.4999989674306746, 1.4999989674306746, 1.4999989674306746, 1.4999989674306746, 1.5438287426125945, 1.6914946094110694, 1.6914946094110694, 1.6914946094110694, 1.6914946094110694, 1.6914946094110694, 1.6914946094110694, 1.6914946094110694, 1.6914946094110694, 1.6914946094110694, 1.6914946094110694, 1.6914946094110694, 1.6914946094110694, 1.6914946094110694, 1.6914946094110694, 1.6914946094110694, 1.6914946094110694, 1.6914946094110694, 1.6914946094110694, 1.7037988937786102, 1.7037988937786102, 1.711787577282385, 1.711787577282385, 1.711787577282385, 1.711787577282385, 1.711787577282385], "timestamp": "2025-03-13_22-41-14"}