{"y_max": 1.6514432699284796, "mean_values": [0.7873900148485043, 0.9748805096800779, 1.1070030343632995, 1.1520028672874902, 1.1520028672874902, 1.1828456905874563, 1.493689898743527, 1.493689898743527, 1.493689898743527, 1.493689898743527, 1.493689898743527, 1.493689898743527, 1.493689898743527, 1.493689898743527, 1.493689898743527, 1.493689898743527, 1.493689898743527, 1.6308556339012426, 1.6308556339012426, 1.6308556339012426, 1.6308556339012426, 1.6308556339012426, 1.6308556339012426, 1.6462562219423769, 1.6462562219423769, 1.6462562219423769, 1.7030131983772896, 1.7030131983772896, 1.7030131983772896, 1.7030131983772896, 1.7030131983772896, 1.7030131983772896, 1.7030131983772896, 1.7030131983772896, 1.7030131983772896, 1.7030131983772896, 1.7030131983772896, 1.7358201611960924, 1.7358201611960924, 1.7484467222549027], "timestamp": "2025-03-13_18-53-08"}