{"y_max": 1.6514432699284796, "mean_values": [0.7364512047611022, 0.7364512047611022, 1.0126280936061802, 1.1641935437759792, 1.1641935437759792, 1.1938251110977267, 1.2859149438076802, 1.4165961254489379, 1.4165961254489379, 1.4165961254489379, 1.4165961254489379, 1.4477292962757375, 1.4477292962757375, 1.4477292962757375, 1.4477292962757375, 1.4477292962757375, 1.4477292962757375, 1.4477292962757375, 1.4477292962757375, 1.45305879278667, 1.5181288682475558, 1.5181288682475558, 1.5181288682475558, 1.5181288682475558, 1.5181288682475558, 1.5181288682475558, 1.5181288682475558, 1.5181288682475558, 1.5181288682475558, 1.5181288682475558, 1.5181288682475558, 1.5181288682475558, 1.5181288682475558, 1.5181288682475558, 1.5181288682475558, 1.5181288682475558, 1.5181288682475558, 1.5181288682475558, 1.5181288682475558, 1.5181288682475558], "timestamp": "2025-03-13_20-51-27"}