{"y_max": 1.6514432699284796, "mean_values": [0.8973013733186219, 1.0240482004695912, 1.1730716416599671, 1.1730716416599671, 1.2205596179203257, 1.4120600782962698, 1.4477960268910675, 1.4477960268910675, 1.4554021880021297, 1.4554021880021297, 1.4554021880021297, 1.4554021880021297, 1.4554021880021297, 1.4681798119612912, 1.4681798119612912, 1.4772551776214027, 1.4772551776214027, 1.4772551776214027, 1.4772551776214027, 1.4772551776214027, 1.4772551776214027, 1.4772551776214027, 1.4772551776214027, 1.4772551776214027, 1.4772551776214027, 1.6319419445680712, 1.6319419445680712, 1.6319419445680712, 1.6319419445680712, 1.647061910731549, 1.647061910731549, 1.647061910731549, 1.647061910731549, 1.647061910731549, 1.6702980186836012, 1.6702980186836012, 1.6702980186836012, 1.674073298553394, 1.674073298553394, 1.674073298553394], "timestamp": "2025-03-13_20-35-37"}