{"y_max": 1.6514432699284796, "mean_values": [0.8287987217209231, 0.9908889916185596, 1.145772409430745, 1.145772409430745, 1.145772409430745, 1.176622107340586, 1.3884897088661408, 1.3884897088661408, 1.3884897088661408, 1.3884897088661408, 1.3884897088661408, 1.3884897088661408, 1.3884897088661408, 1.3884897088661408, 1.545621286102243, 1.617770270974293, 1.617770270974293, 1.617770270974293, 1.617770270974293, 1.617770270974293, 1.636620773710585, 1.636620773710585, 1.636620773710585, 1.6709979314364767, 1.6709979314364767, 1.6709979314364767, 1.6709979314364767, 1.6946518850059797, 1.6946518850059797, 1.6946518850059797, 1.6946518850059797, 1.6946518850059797, 1.6946518850059797, 1.6946518850059797, 1.6946518850059797, 1.6946518850059797, 1.6946518850059797, 1.6946518850059797, 1.6946518850059797, 1.6946518850059797], "timestamp": "2025-03-14_00-11-55"}