{"y_max": 1.6514432699284796, "mean_values": [0.9195015322008588, 1.092803574649361, 1.1223151893047438, 1.1488210666620766, 1.2317227955737717, 1.328263304567769, 1.3593489562931826, 1.3593489562931826, 1.3593489562931826, 1.3593489562931826, 1.3593489562931826, 1.3593489562931826, 1.3593489562931826, 1.3593489562931826, 1.3593489562931826, 1.540006401649378, 1.5883156731805113, 1.5883156731805113, 1.5883156731805113, 1.5883156731805113, 1.5883156731805113, 1.6003999011208472, 1.648066335836825, 1.648066335836825, 1.648066335836825, 1.6905280609826636, 1.6905280609826636, 1.6905280609826636, 1.6905280609826636, 1.6905280609826636, 1.6905280609826636, 1.6905280609826636, 1.6905280609826636, 1.6905280609826636, 1.6905280609826636, 1.6905280609826636, 1.6905280609826636, 1.6905280609826636, 1.6905280609826636, 1.6905280609826636], "timestamp": "2025-03-13_23-12-57"}