{"y_max": 1.6514432699284796, "mean_values": [0.7847900343671792, 1.0097186545385064, 1.1118273521816022, 1.1183557208090038, 1.1629420642568935, 1.2505097302588988, 1.3930944278702053, 1.3930944278702053, 1.3930944278702053, 1.4373380824141848, 1.4373380824141848, 1.4373380824141848, 1.4373380824141848, 1.4373380824141848, 1.4373380824141848, 1.4373380824141848, 1.5156737800163051, 1.6091611974299207, 1.6091611974299207, 1.6091611974299207, 1.6091611974299207, 1.6091611974299207, 1.6643706237801907, 1.6643706237801907, 1.6643706237801907, 1.6643706237801907, 1.6643706237801907, 1.6643706237801907, 1.6643706237801907, 1.6643706237801907, 1.6643706237801907, 1.6643706237801907, 1.6643706237801907, 1.6643706237801907, 1.6643706237801907, 1.6643706237801907, 1.6643706237801907, 1.679267047169234, 1.679267047169234, 1.679267047169234], "timestamp": "2025-03-13_20-59-27"}