{"y_max": 1.6514432699284796, "mean_values": [0.789280772880454, 0.9651500267671249, 1.19659702668459, 1.19659702668459, 1.2060763136193857, 1.3183883138487158, 1.419789017470485, 1.419789017470485, 1.419789017470485, 1.4640830655934007, 1.4640830655934007, 1.4640830655934007, 1.4640830655934007, 1.4640830655934007, 1.4640830655934007, 1.5127762392896325, 1.6739317840455725, 1.6739317840455725, 1.6739317840455725, 1.6739317840455725, 1.6739317840455725, 1.6739317840455725, 1.6739317840455725, 1.6739317840455725, 1.6739317840455725, 1.6739317840455725, 1.6739317840455725, 1.6739317840455725, 1.6739317840455725, 1.6739317840455725, 1.6739317840455725, 1.6739317840455725, 1.6779459734122604, 1.6779459734122604, 1.6779459734122604, 1.6779459734122604, 1.6779459734122604, 1.6779459734122604, 1.6779459734122604, 1.6779459734122604], "timestamp": "2025-03-13_23-24-48"}