{"y_max": 1.6514432699284796, "mean_values": [0.7627151261310786, 0.9937650503799151, 1.1365443188807514, 1.163871257392621, 1.163921926607384, 1.2849600011631455, 1.482599283042738, 1.482599283042738, 1.482599283042738, 1.482599283042738, 1.482599283042738, 1.482599283042738, 1.482599283042738, 1.482599283042738, 1.482599283042738, 1.5312094204291258, 1.6065262844092112, 1.6065262844092112, 1.6065262844092112, 1.6065262844092112, 1.6065262844092112, 1.6205679907649853, 1.6205679907649853, 1.625409967567861, 1.625409967567861, 1.625409967567861, 1.625409967567861, 1.7064427149446537, 1.7064427149446537, 1.7064427149446537, 1.7064427149446537, 1.7064427149446537, 1.7064427149446537, 1.7064427149446537, 1.7064427149446537, 1.7064427149446537, 1.7064427149446537, 1.7064427149446537, 1.7064427149446537, 1.7064427149446537], "timestamp": "2025-03-13_18-01-43"}