{"y_max": 1.6514432699284796, "mean_values": [0.8302356430632851, 0.9614279291799324, 1.090809233269298, 1.1435070975498731, 1.165262654766709, 1.2378286915785444, 1.4198147178521334, 1.4198147178521334, 1.4198147178521334, 1.4198147178521334, 1.4198147178521334, 1.4717348868142646, 1.4717348868142646, 1.4717348868142646, 1.4717348868142646, 1.5944688740984119, 1.6207485843046299, 1.6207485843046299, 1.6207485843046299, 1.6207485843046299, 1.6681710494692004, 1.6681710494692004, 1.6681710494692004, 1.6971820730374096, 1.6971820730374096, 1.6971820730374096, 1.6971820730374096, 1.6971820730374096, 1.6971820730374096, 1.6971820730374096, 1.6971820730374096, 1.6971820730374096, 1.6971820730374096, 1.6971820730374096, 1.6971820730374096, 1.6971820730374096, 1.6971820730374096, 1.6971820730374096, 1.6971820730374096, 1.6971820730374096], "timestamp": "2025-03-13_20-23-54"}