{"y_max": 1.6514432699284796, "mean_values": [0.8228614229195835, 0.9549881725818579, 1.1511041384805702, 1.1511041384805702, 1.18273206057036, 1.2993952475504198, 1.4873733102307487, 1.4873733102307487, 1.4873733102307487, 1.4873733102307487, 1.4873733102307487, 1.4873733102307487, 1.4873733102307487, 1.4873733102307487, 1.4873733102307487, 1.4873733102307487, 1.4873733102307487, 1.4873733102307487, 1.4873733102307487, 1.4873733102307487, 1.542250711807143, 1.5757927462513266, 1.5757927462513266, 1.5757927462513266, 1.5757927462513266, 1.5757927462513266, 1.6654605511044327, 1.6654605511044327, 1.6654605511044327, 1.6694175093273786, 1.6694175093273786, 1.6694175093273786, 1.6694175093273786, 1.6694175093273786, 1.6694175093273786, 1.6694175093273786, 1.6694175093273786, 1.6694175093273786, 1.6694175093273786, 1.6694175093273786], "timestamp": "2025-03-13_23-28-44"}