{"y_max": 1.6514432699284796, "mean_values": [0.7684793637851532, 1.003956778002003, 1.1423568521157892, 1.1462146744692625, 1.2130525256476734, 1.3082581869771357, 1.3561379459056273, 1.3561379459056273, 1.3561379459056273, 1.3561379459056273, 1.3561379459056273, 1.3561379459056273, 1.3561379459056273, 1.3561379459056273, 1.5495641766055501, 1.6861690067941137, 1.6861690067941137, 1.6861690067941137, 1.6861690067941137, 1.6861690067941137, 1.6861690067941137, 1.6861690067941137, 1.6861690067941137, 1.6861690067941137, 1.6861690067941137, 1.6867113089443069, 1.6867113089443069, 1.6867113089443069, 1.6867113089443069, 1.6867113089443069, 1.6995279267555314, 1.6995279267555314, 1.7001040232172666, 1.7001040232172666, 1.7001040232172666, 1.7001040232172666, 1.7001040232172666, 1.7001040232172666, 1.7001040232172666, 1.7001040232172666], "timestamp": "2025-03-13_18-29-45"}