{"y_max": 1.6514432699284796, "mean_values": [0.8357053461815069, 0.9659281906272532, 1.1023860991399081, 1.1204958869322497, 1.1204958869322497, 1.2366765118832632, 1.423825988081691, 1.423825988081691, 1.423825988081691, 1.423825988081691, 1.4270584395610035, 1.4270584395610035, 1.444731402950357, 1.444731402950357, 1.444731402950357, 1.444731402950357, 1.444731402950357, 1.5597941980412902, 1.607070862360776, 1.607070862360776, 1.607070862360776, 1.607070862360776, 1.6911085297379687, 1.6911085297379687, 1.6911085297379687, 1.6911085297379687, 1.6911085297379687, 1.6911085297379687, 1.6911085297379687, 1.6911085297379687, 1.6911085297379687, 1.6911085297379687, 1.6911085297379687, 1.7113102805097438, 1.7113102805097438, 1.7113102805097438, 1.7113102805097438, 1.7113102805097438, 1.7113102805097438, 1.7113102805097438], "timestamp": "2025-03-13_18-21-46"}