{"y_max": 1.6514432699284796, "mean_values": [0.7568092763096903, 0.9291178654510532, 1.0877357625985866, 1.146259842565149, 1.146259842565149, 1.245844091044627, 1.4461317129598767, 1.4461317129598767, 1.4461317129598767, 1.4461317129598767, 1.4461317129598767, 1.4461317129598767, 1.4461317129598767, 1.4461317129598767, 1.588322250073545, 1.6295414017954024, 1.6295414017954024, 1.6295414017954024, 1.6295414017954024, 1.7074223775548354, 1.7074223775548354, 1.7074223775548354, 1.7074223775548354, 1.7074223775548354, 1.7074223775548354, 1.7074223775548354, 1.7074223775548354, 1.7074223775548354, 1.7074223775548354, 1.7074223775548354, 1.7074223775548354, 1.7074223775548354, 1.7074223775548354, 1.7074223775548354, 1.7074223775548354, 1.7074223775548354, 1.7074223775548354, 1.7074223775548354, 1.7074223775548354, 1.7074223775548354], "timestamp": "2025-03-13_19-44-41"}