{"y_max": 1.6514432699284796, "mean_values": [0.803158469444114, 1.021905617706777, 1.1318994369940818, 1.1318994369940818, 1.2099577466713383, 1.3120050579855247, 1.4548792594217876, 1.4548792594217876, 1.4548792594217876, 1.4707149041763008, 1.4707149041763008, 1.4707149041763008, 1.4707149041763008, 1.4707149041763008, 1.4707149041763008, 1.4942840665873132, 1.6246453492757031, 1.6246453492757031, 1.6246453492757031, 1.6246453492757031, 1.6533207078743244, 1.6533207078743244, 1.6693405930920249, 1.7110559727657193, 1.7110559727657193, 1.7110559727657193, 1.7110559727657193, 1.7110559727657193, 1.7110559727657193, 1.7110559727657193, 1.7110559727657193, 1.7110559727657193, 1.7110559727657193, 1.7110559727657193, 1.7110559727657193, 1.7110559727657193, 1.7110559727657193, 1.7110559727657193, 1.7110559727657193, 1.7110559727657193], "timestamp": "2025-03-13_22-17-59"}