{"y_max": 1.6514432699284796, "mean_values": [0.798084747369598, 0.9280074843029754, 1.1004789817990492, 1.101571315173415, 1.110861293231888, 1.218375727119521, 1.4503802486717856, 1.4503802486717856, 1.4503802486717856, 1.4503802486717856, 1.4855087881118032, 1.4855087881118032, 1.4855087881118032, 1.4855087881118032, 1.4855087881118032, 1.4855087881118032, 1.4855087881118032, 1.4855087881118032, 1.4855087881118032, 1.4855087881118032, 1.4877572299474995, 1.4877572299474995, 1.4877572299474995, 1.4877572299474995, 1.4877572299474995, 1.4877572299474995, 1.4877572299474995, 1.4877572299474995, 1.4877572299474995, 1.4877572299474995, 1.5080913074160796, 1.669835840165529, 1.669835840165529, 1.669835840165529, 1.669835840165529, 1.669835840165529, 1.669835840165529, 1.669835840165529, 1.669835840165529, 1.669835840165529], "timestamp": "2025-03-13_21-11-06"}