{"y_max": 1.6514432699284796, "mean_values": [0.7293055627345042, 0.9889798559658125, 1.0926922715235838, 1.1089158737245597, 1.1976430842660473, 1.24879725106306, 1.48296088379201, 1.48296088379201, 1.48296088379201, 1.48296088379201, 1.48296088379201, 1.48296088379201, 1.48296088379201, 1.48296088379201, 1.48296088379201, 1.5001025746935182, 1.6650819267761208, 1.6650819267761208, 1.6650819267761208, 1.6650819267761208, 1.7271281088427544, 1.7271281088427544, 1.7271281088427544, 1.7271281088427544, 1.7271281088427544, 1.7271281088427544, 1.7271281088427544, 1.7271281088427544, 1.7271281088427544, 1.7271281088427544, 1.7271281088427544, 1.7271281088427544, 1.7271281088427544, 1.7271281088427544, 1.7271281088427544, 1.7271281088427544, 1.7271281088427544, 1.7271281088427544, 1.7271281088427544, 1.7271281088427544], "timestamp": "2025-03-13_21-19-05"}