{"y_max": 1.6514432699284796, "mean_values": [0.8551103589055186, 1.0110405986482884, 1.1491316301535341, 1.1491316301535341, 1.1710482053778513, 1.2740869542906434, 1.4987858305419934, 1.4987858305419934, 1.4987858305419934, 1.4987858305419934, 1.4987858305419934, 1.4987858305419934, 1.4987858305419934, 1.4987858305419934, 1.4987858305419934, 1.4987858305419934, 1.5537452216913012, 1.6177725123511368, 1.6177725123511368, 1.6177725123511368, 1.6177725123511368, 1.6875767256228715, 1.6875767256228715, 1.6875767256228715, 1.6964613174572039, 1.6964613174572039, 1.6964613174572039, 1.6964613174572039, 1.6964613174572039, 1.6964613174572039, 1.6964613174572039, 1.6964613174572039, 1.6964613174572039, 1.6964613174572039, 1.6964613174572039, 1.6964613174572039, 1.6964613174572039, 1.6964613174572039, 1.6964613174572039, 1.6964613174572039], "timestamp": "2025-03-13_20-07-58"}