{"y_max": 1.6514432699284796, "mean_values": [0.7840727023841693, 0.981279454922275, 1.149652837733538, 1.149652837733538, 1.1518652614659974, 1.328181629890111, 1.4162597931207241, 1.4162597931207241, 1.4162597931207241, 1.4162597931207241, 1.4162597931207241, 1.4162597931207241, 1.4162597931207241, 1.4162597931207241, 1.5647838316298583, 1.6239170163169387, 1.6239170163169387, 1.6239170163169387, 1.6239170163169387, 1.6239170163169387, 1.6239170163169387, 1.6239170163169387, 1.6690053670319598, 1.6690053670319598, 1.6690053670319598, 1.6690053670319598, 1.6690053670319598, 1.6893639546393304, 1.6893639546393304, 1.6893639546393304, 1.6893639546393304, 1.6893639546393304, 1.6893639546393304, 1.6893639546393304, 1.6893639546393304, 1.6893639546393304, 1.6893639546393304, 1.6893639546393304, 1.6893639546393304, 1.6893639546393304], "timestamp": "2025-03-13_19-20-39"}