{"y_max": 1.6514432699284796, "mean_values": [0.872259047539901, 1.085402830321996, 1.1672179698157823, 1.1672179698157823, 1.233410961601629, 1.435606200683281, 1.435606200683281, 1.435606200683281, 1.435606200683281, 1.435606200683281, 1.435606200683281, 1.435606200683281, 1.435606200683281, 1.435606200683281, 1.614974979013236, 1.614974979013236, 1.614974979013236, 1.614974979013236, 1.614974979013236, 1.6734270522262982, 1.6734270522262982, 1.6734270522262982, 1.677916619159377, 1.677916619159377, 1.677916619159377, 1.677916619159377, 1.677916619159377, 1.677916619159377, 1.677916619159377, 1.7011598014970193, 1.7011598014970193, 1.7011598014970193, 1.7011598014970193, 1.7011598014970193, 1.7011598014970193, 1.7011598014970193, 1.7011598014970193, 1.7011598014970193, 1.7011598014970193, 1.7011598014970193], "timestamp": "2025-03-13_19-24-39"}