{"y_max": 1.6514432699284796, "mean_values": [0.7857659218977666, 0.9743052564842782, 1.1449263311112685, 1.1449263311112685, 1.1496891648649188, 1.302986412297358, 1.4320800420282522, 1.4320800420282522, 1.4320800420282522, 1.4320800420282522, 1.4320800420282522, 1.4320800420282522, 1.4320800420282522, 1.4320800420282522, 1.4664574001011963, 1.7119794437204876, 1.7119794437204876, 1.7119794437204876, 1.7119794437204876, 1.7119794437204876, 1.7119794437204876, 1.7119794437204876, 1.7119794437204876, 1.7119794437204876, 1.7119794437204876, 1.7119794437204876, 1.7119794437204876, 1.7119794437204876, 1.7119794437204876, 1.7119794437204876, 1.7119794437204876, 1.7119794437204876, 1.7119794437204876, 1.7119794437204876, 1.7119794437204876, 1.7119794437204876, 1.7119794437204876, 1.7119794437204876, 1.7119794437204876, 1.7119794437204876], "timestamp": "2025-03-13_22-53-06"}