{"y_max": 1.6514432699284796, "mean_values": [0.8898606670314758, 1.0548243953204, 1.0685097449889498, 1.2093821092728734, 1.2684299381541502, 1.3151939522676046, 1.393285001942085, 1.393285001942085, 1.393285001942085, 1.4505720096413566, 1.4505720096413566, 1.4505720096413566, 1.4505720096413566, 1.465718504305526, 1.465718504305526, 1.465718504305526, 1.465718504305526, 1.465718504305526, 1.465718504305526, 1.465718504305526, 1.465718504305526, 1.6241699510229088, 1.6241699510229088, 1.6241699510229088, 1.6241699510229088, 1.6241699510229088, 1.7129815197058451, 1.7129815197058451, 1.7451721245617664, 1.7451721245617664, 1.7451721245617664, 1.7451721245617664, 1.7451721245617664, 1.7451721245617664, 1.7451721245617664, 1.7451721245617664, 1.7451721245617664, 1.7451721245617664, 1.7451721245617664, 1.7451721245617664], "timestamp": "2025-03-13_20-04-05"}