{"y_max": 1.6514432699284796, "mean_values": [0.913996243106359, 1.1109141205140203, 1.1701750797025454, 1.1701750797025454, 1.2377675220037296, 1.391140311859801, 1.391140311859801, 1.391140311859801, 1.391140311859801, 1.4068168956477927, 1.4068168956477927, 1.4068168956477927, 1.4068168956477927, 1.4068168956477927, 1.4068168956477927, 1.5713164761358798, 1.5741181449604353, 1.5741181449604353, 1.5741181449604353, 1.5741181449604353, 1.7011309965721, 1.7011309965721, 1.7011309965721, 1.7011309965721, 1.7011309965721, 1.7011309965721, 1.7011309965721, 1.7011309965721, 1.7011309965721, 1.7011309965721, 1.7011309965721, 1.7011309965721, 1.7011309965721, 1.7011309965721, 1.7011309965721, 1.7011309965721, 1.7011309965721, 1.7011309965721, 1.7011309965721, 1.7011309965721], "timestamp": "2025-03-13_22-13-55"}