{"y_max": 1.6514432699284796, "mean_values": [0.7963811968078963, 1.0366181119598672, 1.1020050677183124, 1.1020050677183124, 1.1263990040556175, 1.26751498227735, 1.460497186812249, 1.460497186812249, 1.460497186812249, 1.460497186812249, 1.460497186812249, 1.460497186812249, 1.460497186812249, 1.460497186812249, 1.460497186812249, 1.460497186812249, 1.6108035171068378, 1.6108035171068378, 1.6108035171068378, 1.6108035171068378, 1.6748781017716956, 1.6748781017716956, 1.6748781017716956, 1.6786971876608159, 1.6786971876608159, 1.6786971876608159, 1.6786971876608159, 1.6786971876608159, 1.680544727528265, 1.7231589923503343, 1.7231589923503343, 1.7231589923503343, 1.7231589923503343, 1.7231589923503343, 1.7231589923503343, 1.7231589923503343, 1.7231589923503343, 1.7231589923503343, 1.7231589923503343, 1.7231589923503343], "timestamp": "2025-03-13_19-32-38"}