{"y_max": 1.6514432699284796, "mean_values": [0.8343050279657817, 1.0251630338921476, 1.0898180603985252, 1.1117003081703094, 1.1535102993876543, 1.2377727810392751, 1.4148792592846644, 1.4148792592846644, 1.4148792592846644, 1.4707520091846895, 1.4707520091846895, 1.4707520091846895, 1.4707520091846895, 1.4707520091846895, 1.4707520091846895, 1.4707520091846895, 1.4707520091846895, 1.5225787482083672, 1.6837734853237465, 1.6837734853237465, 1.6837734853237465, 1.6837734853237465, 1.6837734853237465, 1.6837734853237465, 1.6837734853237465, 1.6837734853237465, 1.6837734853237465, 1.6837734853237465, 1.6837734853237465, 1.6837734853237465, 1.6837734853237465, 1.7034703909244844, 1.7034703909244844, 1.7034703909244844, 1.7034703909244844, 1.7034703909244844, 1.7034703909244844, 1.7034703909244844, 1.7308521375668589, 1.7308521375668589], "timestamp": "2025-03-13_19-56-16"}