{"y_max": 1.6514432699284796, "mean_values": [0.7029615850581226, 0.9516635192388945, 1.1484466812579222, 1.1484466812579222, 1.1572719444097725, 1.3095212449994802, 1.4812193792190373, 1.4812193792190373, 1.4812193792190373, 1.4812193792190373, 1.4812193792190373, 1.4812193792190373, 1.4812193792190373, 1.4812193792190373, 1.4812193792190373, 1.4812193792190373, 1.5110268367867539, 1.6323972309803496, 1.6323972309803496, 1.6323972309803496, 1.6323972309803496, 1.6323972309803496, 1.6323972309803496, 1.6323972309803496, 1.6788428037150855, 1.6788428037150855, 1.6788428037150855, 1.6788428037150855, 1.6788428037150855, 1.6788428037150855, 1.7228342233607248, 1.7228342233607248, 1.7228342233607248, 1.7228342233607248, 1.7228342233607248, 1.7228342233607248, 1.7228342233607248, 1.7228342233607248, 1.7228342233607248, 1.7228342233607248], "timestamp": "2025-03-13_20-31-44"}