{"y_max": 1.6514432699284796, "mean_values": [0.906743376580327, 1.0427765345325581, 1.1268891183645118, 1.1793716094438484, 1.2086652541528835, 1.4126487619986783, 1.4126487619986783, 1.4126487619986783, 1.4126487619986783, 1.4126487619986783, 1.47870765121315, 1.47870765121315, 1.47870765121315, 1.47870765121315, 1.47870765121315, 1.47870765121315, 1.6161519893038252, 1.6161519893038252, 1.6161519893038252, 1.6161519893038252, 1.6161519893038252, 1.6594151490808893, 1.7117174086012648, 1.7117174086012648, 1.7117174086012648, 1.7117174086012648, 1.7117174086012648, 1.7117174086012648, 1.7117174086012648, 1.7117174086012648, 1.7117174086012648, 1.7117174086012648, 1.7117174086012648, 1.7117174086012648, 1.7117174086012648, 1.7117174086012648, 1.7117174086012648, 1.7117174086012648, 1.7117174086012648, 1.7117174086012648], "timestamp": "2025-03-13_21-46-28"}