{"y_max": 1.6514432699284796, "mean_values": [0.7922942991660323, 0.952966057868715, 1.1923907139345327, 1.2047635372853045, 1.2047635372853045, 1.277969284290852, 1.4681572097238411, 1.4681572097238411, 1.4681572097238411, 1.4681572097238411, 1.4681572097238411, 1.4681572097238411, 1.4681572097238411, 1.4681572097238411, 1.4898687032337434, 1.6252206449747055, 1.6252206449747055, 1.6252206449747055, 1.6252206449747055, 1.6252206449747055, 1.6252206449747055, 1.6252206449747055, 1.6657251189000082, 1.6657251189000082, 1.6657251189000082, 1.6657251189000082, 1.6657251189000082, 1.6657251189000082, 1.6657251189000082, 1.6890319752298546, 1.6890319752298546, 1.6890319752298546, 1.6890319752298546, 1.6890319752298546, 1.6976436409208056, 1.6976436409208056, 1.6976436409208056, 1.6976436409208056, 1.6976436409208056, 1.6976436409208056], "timestamp": "2025-03-13_21-50-25"}