{"y_max": 1.6514432699284796, "mean_values": [0.8233248907652353, 0.9817325274334529, 1.097578125685149, 1.162408575599502, 1.162408575599502, 1.3081081378640749, 1.3964859071997806, 1.3964859071997806, 1.3964859071997806, 1.3964859071997806, 1.467184792036981, 1.467184792036981, 1.467184792036981, 1.467184792036981, 1.467184792036981, 1.467184792036981, 1.467184792036981, 1.487863699906632, 1.487863699906632, 1.487863699906632, 1.487863699906632, 1.487863699906632, 1.487863699906632, 1.487863699906632, 1.487863699906632, 1.487863699906632, 1.487863699906632, 1.487863699906632, 1.499208215067409, 1.499208215067409, 1.499208215067409, 1.499208215067409, 1.499208215067409, 1.499208215067409, 1.499208215067409, 1.499208215067409, 1.499208215067409, 1.499208215067409, 1.499208215067409, 1.499208215067409], "timestamp": "2025-03-13_21-26-47"}