{"y_max": 1.6514432699284796, "mean_values": [0.835243213192868, 0.9947708569922928, 1.1002207455527906, 1.1002207455527906, 1.1816516960659298, 1.200194114374828, 1.4716092908717915, 1.4716092908717915, 1.4716092908717915, 1.4716092908717915, 1.4716092908717915, 1.4716092908717915, 1.4716092908717915, 1.4716092908717915, 1.4716092908717915, 1.4716092908717915, 1.4716092908717915, 1.4716092908717915, 1.4716092908717915, 1.4716092908717915, 1.4716092908717915, 1.4989694289732718, 1.4989694289732718, 1.4989694289732718, 1.5032688751428342, 1.5032688751428342, 1.5032688751428342, 1.5032688751428342, 1.5032688751428342, 1.5032688751428342, 1.5032688751428342, 1.5032688751428342, 1.5032688751428342, 1.5032688751428342, 1.5032688751428342, 1.5032688751428342, 1.5032688751428342, 1.5032688751428342, 1.5032688751428342, 1.5032688751428342], "timestamp": "2025-03-13_17-49-27"}