{"y_max": 1.6514432699284796, "mean_values": [0.9167407298007979, 1.0961545120291143, 1.101962633203259, 1.101962633203259, 1.1984967283750367, 1.4033493759125193, 1.4033493759125193, 1.4033493759125193, 1.4033493759125193, 1.479156439802812, 1.479156439802812, 1.479156439802812, 1.479156439802812, 1.479156439802812, 1.479156439802812, 1.479156439802812, 1.479156439802812, 1.479156439802812, 1.479156439802812, 1.479156439802812, 1.479156439802812, 1.479156439802812, 1.479156439802812, 1.5420021696893844, 1.5827111946905557, 1.5827111946905557, 1.5827111946905557, 1.5827111946905557, 1.5827111946905557, 1.6274368020092913, 1.697250105404545, 1.697250105404545, 1.697250105404545, 1.697250105404545, 1.697250105404545, 1.7118529689452944, 1.7118529689452944, 1.7118529689452944, 1.7118529689452944, 1.7118529689452944], "timestamp": "2025-03-13_18-57-09"}