{"y_max": 1.6514432699284796, "mean_values": [0.8555786499674347, 1.1043747685249181, 1.1291556655066899, 1.1291556655066899, 1.280591328124627, 1.3870728899073128, 1.4375967845581166, 1.4375967845581166, 1.4375967845581166, 1.4375967845581166, 1.4375967845581166, 1.4375967845581166, 1.4375967845581166, 1.4375967845581166, 1.4375967845581166, 1.5977066231462562, 1.5977066231462562, 1.5977066231462562, 1.5977066231462562, 1.5977066231462562, 1.634593171283562, 1.634593171283562, 1.634593171283562, 1.634593171283562, 1.6564468410926285, 1.6564468410926285, 1.6564468410926285, 1.6564468410926285, 1.6675851172453837, 1.6675851172453837, 1.6675851172453837, 1.6860843253975903, 1.6860843253975903, 1.6860843253975903, 1.6860843253975903, 1.7277213456265432, 1.7277213456265432, 1.7277213456265432, 1.7277213456265432, 1.7277213456265432], "timestamp": "2025-03-13_20-47-39"}