{"y_max": 1.6514432699284796, "mean_values": [0.9469388903802045, 1.1055074662361808, 1.1107833609528324, 1.172166235239595, 1.2374078599725553, 1.4090727341548057, 1.416763038049902, 1.416763038049902, 1.416763038049902, 1.446482897166572, 1.446482897166572, 1.446482897166572, 1.446482897166572, 1.446482897166572, 1.446482897166572, 1.6763169432475986, 1.6763169432475986, 1.6763169432475986, 1.6763169432475986, 1.6763169432475986, 1.6763169432475986, 1.6763169432475986, 1.6763169432475986, 1.6763169432475986, 1.6763169432475986, 1.6763169432475986, 1.6763169432475986, 1.6763169432475986, 1.6763169432475986, 1.6763169432475986, 1.6763169432475986, 1.6763169432475986, 1.6763169432475986, 1.6763169432475986, 1.6763169432475986, 1.6763169432475986, 1.6763169432475986, 1.6763169432475986, 1.6763169432475986, 1.6763169432475986], "timestamp": "2025-03-13_22-02-17"}