{"y_max": 1.6514432699284796, "mean_values": [0.7933194735239597, 0.982774706008623, 1.112510117397631, 1.1309006487915751, 1.2092993908146148, 1.2950770453421323, 1.4746956911535585, 1.4746956911535585, 1.4746956911535585, 1.4746956911535585, 1.4746956911535585, 1.4746956911535585, 1.4746956911535585, 1.4746956911535585, 1.4746956911535585, 1.517777127606968, 1.6508678124026483, 1.6508678124026483, 1.6508678124026483, 1.6508678124026483, 1.6508678124026483, 1.6508678124026483, 1.6508678124026483, 1.706308475560315, 1.706308475560315, 1.706308475560315, 1.706308475560315, 1.706308475560315, 1.706308475560315, 1.706308475560315, 1.706308475560315, 1.706308475560315, 1.706308475560315, 1.706308475560315, 1.706308475560315, 1.706308475560315, 1.706308475560315, 1.706308475560315, 1.706308475560315, 1.706308475560315], "timestamp": "2025-03-13_18-41-44"}