{"y_max": 1.6514432699284796, "mean_values": [0.7341199874789349, 0.9920436636773734, 1.1617628763339405, 1.1620564724702742, 1.2031113549961234, 1.2740593779859637, 1.4746350490761335, 1.4746350490761335, 1.4746350490761335, 1.4746350490761335, 1.4746350490761335, 1.4746350490761335, 1.4746350490761335, 1.4746350490761335, 1.4746350490761335, 1.4844485713454298, 1.620129133669447, 1.620129133669447, 1.620129133669447, 1.670297037302473, 1.670297037302473, 1.6767944258403413, 1.6767944258403413, 1.6767944258403413, 1.6767944258403413, 1.6767944258403413, 1.6916407634072235, 1.6916407634072235, 1.6954023746330642, 1.6954023746330642, 1.6954023746330642, 1.6954023746330642, 1.6954023746330642, 1.6954023746330642, 1.6954023746330642, 1.6954023746330642, 1.6954023746330642, 1.6954023746330642, 1.6954023746330642, 1.696270735984253], "timestamp": "2025-03-13_23-04-55"}