{"y_max": 1.6514432699284796, "mean_values": [0.8351168077777598, 1.0558996848040707, 1.2461364507539128, 1.2461364507539128, 1.2461364507539128, 1.2895536052400824, 1.4369693868331346, 1.4369693868331346, 1.4369693868331346, 1.4369693868331346, 1.4424484986657709, 1.4424484986657709, 1.4424484986657709, 1.4424484986657709, 1.4424484986657709, 1.4424484986657709, 1.4424484986657709, 1.4424484986657709, 1.5793885590793537, 1.6003063527381662, 1.6003063527381662, 1.6003063527381662, 1.6003063527381662, 1.6003063527381662, 1.6702742854252253, 1.6702742854252253, 1.6702742854252253, 1.6996013762632534, 1.6996013762632534, 1.6996013762632534, 1.7142729747693113, 1.7142729747693113, 1.7142729747693113, 1.7142729747693113, 1.7142729747693113, 1.7142729747693113, 1.7142729747693113, 1.7142729747693113, 1.7142729747693113, 1.7142729747693113], "timestamp": "2025-03-13_23-40-28"}