{"y_max": 1.6514432699284796, "mean_values": [0.8198555585091898, 1.0028509552566056, 1.0827487622653318, 1.1367953450250703, 1.1834188738951916, 1.2277030390384565, 1.4109018419399983, 1.4109018419399983, 1.4109018419399983, 1.4109018419399983, 1.4109018419399983, 1.4109018419399983, 1.4109018419399983, 1.4109018419399983, 1.4818163942383973, 1.6668861451234984, 1.6668861451234984, 1.6668861451234984, 1.6668861451234984, 1.6668861451234984, 1.7075936737273962, 1.7075936737273962, 1.7075936737273962, 1.7075936737273962, 1.7075936737273962, 1.7075936737273962, 1.7075936737273962, 1.7075936737273962, 1.7075936737273962, 1.7075936737273962, 1.7075936737273962, 1.7075936737273962, 1.7075936737273962, 1.7075936737273962, 1.7075936737273962, 1.7075936737273962, 1.7075936737273962, 1.7075936737273962, 1.7075936737273962, 1.7075936737273962], "timestamp": "2025-03-13_21-30-47"}