{"y_max": 1.6514432699284796, "mean_values": [0.7853791352939921, 0.8998247906115574, 1.0904137926477764, 1.1285893913557485, 1.1867809846908215, 1.2504146662730473, 1.3998187650513154, 1.3998187650513154, 1.3998187650513154, 1.3998187650513154, 1.4482340948453125, 1.4482340948453125, 1.4482340948453125, 1.4482340948453125, 1.4482340948453125, 1.5181548442956738, 1.6732551253674741, 1.6732551253674741, 1.6732551253674741, 1.6732551253674741, 1.6732551253674741, 1.6732551253674741, 1.6732551253674741, 1.6732551253674741, 1.6732551253674741, 1.6732551253674741, 1.6732551253674741, 1.6748479421590023, 1.6748479421590023, 1.6748479421590023, 1.6748479421590023, 1.6750285836655705, 1.6750285836655705, 1.6750285836655705, 1.6750285836655705, 1.6750285836655705, 1.7001042797732266, 1.7001042797732266, 1.7001042797732266, 1.7001042797732266], "timestamp": "2025-03-13_18-33-46"}