{"y_max": 1.6514432699284796, "mean_values": [0.8640073114266249, 1.007832146666525, 1.1211798187107194, 1.1211798187107194, 1.1554579459759975, 1.2821631031521648, 1.4107959749952625, 1.4107959749952625, 1.4107959749952625, 1.4107959749952625, 1.4107959749952625, 1.4107959749952625, 1.4107959749952625, 1.4107959749952625, 1.5775283436179623, 1.5775283436179623, 1.5775283436179623, 1.5775283436179623, 1.5775283436179623, 1.6384765273590471, 1.6384765273590471, 1.6384765273590471, 1.6384765273590471, 1.6451886130091895, 1.6451886130091895, 1.6451886130091895, 1.6451886130091895, 1.6545449247582937, 1.6545449247582937, 1.6545449247582937, 1.6860903121880984, 1.6860903121880984, 1.6860903121880984, 1.6860903121880984, 1.6900839402096766, 1.6900839402096766, 1.7028290991404014, 1.7028290991404014, 1.7028290991404014, 1.7028290991404014], "timestamp": "2025-03-13_22-57-09"}