{"y_max": 1.6514432699284796, "mean_values": [0.8207122830655381, 0.9857241821389932, 1.176217077347068, 1.176217077347068, 1.176217077347068, 1.2895370049731811, 1.4558196386139286, 1.4558196386139286, 1.4558196386139286, 1.4809782417083823, 1.4809782417083823, 1.4809782417083823, 1.4809782417083823, 1.4823282518720489, 1.4823282518720489, 1.4823282518720489, 1.4823282518720489, 1.4823282518720489, 1.4823282518720489, 1.4935932429807603, 1.4935932429807603, 1.4935932429807603, 1.4935932429807603, 1.4935932429807603, 1.4935932429807603, 1.4935932429807603, 1.4935932429807603, 1.4935932429807603, 1.4935932429807603, 1.4935932429807603, 1.4935932429807603, 1.4935932429807603, 1.4935932429807603, 1.4935932429807603, 1.4935932429807603, 1.4935932429807603, 1.4935932429807603, 1.4935932429807603, 1.4935932429807603, 1.4935932429807603], "timestamp": "2025-03-13_19-48-27"}