{"y_max": 1.6514432699284796, "mean_values": [0.7426982504016063, 0.9511758812700309, 1.1643479423498977, 1.1643479423498977, 1.1643479423498977, 1.2612988845596995, 1.4115151080754236, 1.4115151080754236, 1.4115151080754236, 1.4115151080754236, 1.4115151080754236, 1.4115151080754236, 1.4115151080754236, 1.4115151080754236, 1.5424456979622159, 1.6167922503940335, 1.6167922503940335, 1.6167922503940335, 1.6167922503940335, 1.6167922503940335, 1.6167922503940335, 1.6281085842557, 1.6738935054754283, 1.6738935054754283, 1.6738935054754283, 1.692063063698241, 1.7041711303879137, 1.7041711303879137, 1.7041711303879137, 1.7041711303879137, 1.7041711303879137, 1.7041711303879137, 1.7041711303879137, 1.7041711303879137, 1.7041711303879137, 1.7041711303879137, 1.7041711303879137, 1.7041711303879137, 1.7041711303879137, 1.7041711303879137], "timestamp": "2025-03-13_23-44-31"}