{"y_max": 1.6514432699284796, "mean_values": [0.8068381135575053, 0.9606928070039245, 1.1723076372588748, 1.1723076372588748, 1.1908510315929028, 1.3670666676378238, 1.4465694063039265, 1.4465694063039265, 1.4465694063039265, 1.4465694063039265, 1.4616355774359349, 1.467189801064318, 1.467189801064318, 1.467189801064318, 1.467189801064318, 1.467189801064318, 1.467189801064318, 1.467189801064318, 1.467189801064318, 1.467189801064318, 1.467189801064318, 1.50744649129154, 1.617956379085198, 1.617956379085198, 1.617956379085198, 1.617956379085198, 1.617956379085198, 1.6922444784829156, 1.6922444784829156, 1.6922444784829156, 1.6922444784829156, 1.6922444784829156, 1.7160717925441649, 1.7160717925441649, 1.7160717925441649, 1.7160717925441649, 1.7160717925441649, 1.7160717925441649, 1.7160717925441649, 1.7160717925441649], "timestamp": "2025-03-14_00-04-09"}