{"y_max": 1.6514432699284796, "mean_values": [0.9225459639098434, 1.0863538630547567, 1.1522135711144745, 1.2032583006616777, 1.2346263121988676, 1.405192316706157, 1.405192316706157, 1.405192316706157, 1.405192316706157, 1.4540235944700455, 1.4540235944700455, 1.4540235944700455, 1.4540235944700455, 1.4540235944700455, 1.4540235944700455, 1.463804902692701, 1.463804902692701, 1.463804902692701, 1.463804902692701, 1.463804902692701, 1.463804902692701, 1.463804902692701, 1.4752432159053441, 1.4752432159053441, 1.4752432159053441, 1.4814423652977071, 1.4814423652977071, 1.4814423652977071, 1.5112260825897268, 1.5112260825897268, 1.5112260825897268, 1.5112260825897268, 1.5112260825897268, 1.5112260825897268, 1.5112260825897268, 1.5112260825897268, 1.5112260825897268, 1.5112260825897268, 1.5112260825897268, 1.5112260825897268], "timestamp": "2025-03-14_00-07-50"}