{"y_max": 1.6514432699284796, "mean_values": [0.7988927255330901, 1.016376280433476, 1.1403088759017455, 1.14540892178912, 1.262934680759282, 1.441860992654327, 1.441860992654327, 1.441860992654327, 1.441860992654327, 1.441860992654327, 1.441860992654327, 1.441860992654327, 1.6247296041872936, 1.6247296041872936, 1.6247296041872936, 1.6247296041872936, 1.6418455972170343, 1.6418455972170343, 1.6529968328465525, 1.6529968328465525, 1.653551388768022, 1.653551388768022, 1.653551388768022, 1.653551388768022, 1.653551388768022, 1.653551388768022, 1.6537271633778814, 1.6537271633778814, 1.6537271633778814, 1.6537271633778814], "timestamp": "2025-03-14_16-46-51"}