{"y_max": 1.6514432699284796, "mean_values": [0.836025373292625, 1.023690585066199, 1.1396549309213508, 1.1476985522130214, 1.268759083780313, 1.4437398675902802, 1.4437398675902802, 1.4437398675902802, 1.4437398675902802, 1.4437398675902802, 1.4437398675902802, 1.4437398675902802, 1.4437398675902802, 1.4437398675902802, 1.6321346435077615, 1.6321346435077615, 1.6321346435077615, 1.6321346435077615, 1.6370168808395436, 1.652548452636051, 1.652548452636051, 1.652548452636051, 1.652548452636051, 1.652548452636051, 1.652548452636051, 1.6542895521110694, 1.6542895521110694, 1.6542895521110694, 1.6542895521110694, 1.6542895521110694], "timestamp": "2025-03-14_17-04-42"}