{"y_max": 1.6514432699284796, "mean_values": [0.7816956843744652, 1.0100748832468838, 1.1382052225891781, 1.1432614269461008, 1.2603918657638906, 1.4393625972645763, 1.4393625972645763, 1.4393625972645763, 1.4393625972645763, 1.4393625972645763, 1.4393625972645763, 1.4393625972645763, 1.6344576124342014, 1.6344576124342014, 1.6344576124342014, 1.6344576124342014, 1.6344576124342014, 1.6344576124342014, 1.6531937617917254, 1.6534704947884222, 1.6534704947884222, 1.6534704947884222, 1.6534704947884222, 1.6534704947884222, 1.6534704947884222, 1.6534704947884222, 1.6534704947884222, 1.6534704947884222, 1.6534704947884222, 1.6534704947884222], "timestamp": "2025-03-14_17-11-41"}