{"y_max": 1.6514432699284796, "mean_values": [0.8167615588257193, 1.0179063913987412, 1.1385510319204875, 1.14389382004217, 1.2613108737855812, 1.441515237278854, 1.441515237278854, 1.441515237278854, 1.441515237278854, 1.441515237278854, 1.441515237278854, 1.441515237278854, 1.441515237278854, 1.636493942688176, 1.636493942688176, 1.636493942688176, 1.636493942688176, 1.636493942688176, 1.636493942688176, 1.6544239758367845, 1.6544239758367845, 1.6544239758367845, 1.6544239758367845, 1.6544239758367845, 1.6544239758367845, 1.6544239758367845, 1.6544239758367845, 1.6544239758367845, 1.6544239758367845, 1.6544239758367845], "timestamp": "2025-03-14_17-02-27"}