{"y_max": 1.6514432699284796, "mean_values": [0.8309701123586859, 1.0224775232534946, 1.1379330704334827, 1.1440822087285485, 1.26385444898172, 1.4415591096262925, 1.4415591096262925, 1.4415591096262925, 1.4415591096262925, 1.4415591096262925, 1.4415591096262925, 1.4415591096262925, 1.4415591096262925, 1.4415591096262925, 1.631872582391595, 1.631872582391595, 1.631872582391595, 1.631872582391595, 1.6351098424154644, 1.6351098424154644, 1.6538877772309393, 1.6539903724054426, 1.6539903724054426, 1.6539903724054426, 1.6539903724054426, 1.6539903724054426, 1.6539903724054426, 1.6539903724054426, 1.6539903724054426, 1.6539903724054426], "timestamp": "2025-03-14_17-09-21"}