{"y_max": 1.6514432699284796, "mean_values": [0.7780495103783219, 1.0094086719724322, 1.1396542972038723, 1.1445369128409406, 1.2668435696998075, 1.4403337685050237, 1.4403337685050237, 1.4403337685050237, 1.4403337685050237, 1.4403337685050237, 1.4403337685050237, 1.4403337685050237, 1.6353534994434409, 1.6353534994434409, 1.6353534994434409, 1.6353534994434409, 1.6353534994434409, 1.6353534994434409, 1.6526859187551777, 1.6542947383074105, 1.6542947383074105, 1.6542947383074105, 1.6542947383074105, 1.6542947383074105, 1.6542947383074105, 1.6542947383074105, 1.6542947383074105, 1.6542947383074105, 1.6542947383074105, 1.6542947383074105], "timestamp": "2025-03-14_17-21-04"}