{"y_max": 1.6514432699284796, "mean_values": [0.7569185366738193, 1.00993186282288, 1.1379958354763782, 1.144278295141033, 1.2623461146466246, 1.4403728623923577, 1.4403728623923577, 1.4403728623923577, 1.4403728623923577, 1.4403728623923577, 1.4403728623923577, 1.4403728623923577, 1.632872134120683, 1.632872134120683, 1.632872134120683, 1.632872134120683, 1.6366505585104059, 1.6366505585104059, 1.651645014667273, 1.65308125274175, 1.65308125274175, 1.65308125274175, 1.65308125274175, 1.65308125274175, 1.65308125274175, 1.65308125274175, 1.65308125274175, 1.65308125274175, 1.65308125274175, 1.65308125274175], "timestamp": "2025-03-14_17-00-12"}