{"y_max": 1.6514432699284796, "mean_values": [0.9715046069853025, 1.1334120230591809, 1.1394810266995161, 1.2247921076423343, 1.4245917841909517, 1.4245917841909517, 1.4245917841909517, 1.4245917841909517, 1.4293913669479201, 1.4293913669479201, 1.4293913669479201, 1.4293913669479201, 1.4293913669479201, 1.6504712921404447, 1.6504712921404447, 1.6504712921404447, 1.6504712921404447, 1.6504712921404447, 1.6504712921404447, 1.6522202051354677, 1.6523538134869198, 1.6523538134869198, 1.6523538134869198, 1.6523538134869198, 1.6523538134869198, 1.6523538134869198, 1.6523538134869198, 1.6523538134869198, 1.6523538134869198, 1.6523538134869198], "timestamp": "2025-03-14_16-49-03"}