{"y_max": 1.6514432699284796, "mean_values": [0.7956716022110347, 1.018440778049748, 1.1388038318889446, 1.1476068695766253, 1.2664668593883006, 1.4396648731541153, 1.4396648731541153, 1.4396648731541153, 1.4396648731541153, 1.4396648731541153, 1.4396648731541153, 1.4396648731541153, 1.6217187415297112, 1.6217187415297112, 1.6217187415297112, 1.6217187415297112, 1.641291202163593, 1.641291202163593, 1.6499233498677304, 1.6499233498677304, 1.6530815060971324, 1.6530815060971324, 1.6530815060971324, 1.6530815060971324, 1.6530815060971324, 1.6530815060971324, 1.6530815060971324, 1.6530815060971324, 1.6530815060971324, 1.6530815060971324], "timestamp": "2025-03-14_16-40-09"}