{"y_max": 1.6514432699284796, "mean_values": [0.7936535744397453, 1.0176350256787328, 1.1379933481541926, 1.144889987556969, 1.2650161955646413, 1.4407795455815555, 1.4407795455815555, 1.4407795455815555, 1.4407795455815555, 1.4407795455815555, 1.4407795455815555, 1.4407795455815555, 1.6371944327421777, 1.6371944327421777, 1.6371944327421777, 1.6371944327421777, 1.6375064606101228, 1.6375064606101228, 1.6522111393217762, 1.654782476170058, 1.654782476170058, 1.654782476170058, 1.654782476170058, 1.654782476170058, 1.654782476170058, 1.654782476170058, 1.654782476170058, 1.654782476170058, 1.654782476170058, 1.654782476170058], "timestamp": "2025-03-14_16-36-34"}