{"y_max": 1.6514432699284796, "mean_values": [0.7814142546993955, 1.0090302343349955, 1.1391645710041325, 1.1452876739185045, 1.2603146334312292, 1.4425876881015054, 1.4425876881015054, 1.4425876881015054, 1.4425876881015054, 1.4425876881015054, 1.4425876881015054, 1.4425876881015054, 1.6344238140493983, 1.6344238140493983, 1.6344238140493983, 1.6344238140493983, 1.635798933064025, 1.635798933064025, 1.635798933064025, 1.652123814446927, 1.6535729532009813, 1.6535729532009813, 1.6535729532009813, 1.6535729532009813, 1.6535729532009813, 1.6535729532009813, 1.6535729532009813, 1.6535729532009813, 1.6535729532009813, 1.6535729532009813], "timestamp": "2025-03-14_17-23-30"}