{"y_max": 1.6514432699284796, "mean_values": [0.8177681838832166, 1.0182070986800704, 1.1382615126019036, 1.1431375120974163, 1.259544086152442, 1.4416565238349712, 1.4416565238349712, 1.4416565238349712, 1.4416565238349712, 1.4416565238349712, 1.4416565238349712, 1.4416565238349712, 1.4416565238349712, 1.638720808429324, 1.638720808429324, 1.638720808429324, 1.638720808429324, 1.638720808429324, 1.638720808429324, 1.653568502191401, 1.6538494879340522, 1.6538494879340522, 1.6538494879340522, 1.6538494879340522, 1.6538494879340522, 1.6538494879340522, 1.6538494879340522, 1.6538494879340522, 1.6538494879340522, 1.6538494879340522], "timestamp": "2025-03-14_16-53-28"}