{"y_max": 1.6514432699284796, "mean_values": [0.7701040118422844, 1.0124393897608215, 1.1400409671417533, 1.1441331504908685, 1.265763351959444, 1.44104873885334, 1.44104873885334, 1.44104873885334, 1.44104873885334, 1.44104873885334, 1.44104873885334, 1.44104873885334, 1.6367200075524095, 1.6367200075524095, 1.6367200075524095, 1.6367200075524095, 1.6367200075524095, 1.6367200075524095, 1.6367200075524095, 1.6533294500499427, 1.653657357051261, 1.653657357051261, 1.653657357051261, 1.653657357051261, 1.653657357051261, 1.653657357051261, 1.6536938248799082, 1.6536938248799082, 1.6536938248799082, 1.6536938248799082], "timestamp": "2025-03-14_17-18-45"}