{"y_max": 1.6514432699284796, "mean_values": [0.7344481964334033, 1.0036473989388222, 1.1388387463895364, 1.1459952218905087, 1.2640768968236575, 1.4418481159096992, 1.4418481159096992, 1.4418481159096992, 1.4418481159096992, 1.4418481159096992, 1.4418481159096992, 1.4418481159096992, 1.6338317669755598, 1.6338317669755598, 1.6338317669755598, 1.6338317669755598, 1.637728396927144, 1.637728396927144, 1.6513289504724087, 1.65320803921797, 1.65320803921797, 1.65320803921797, 1.65320803921797, 1.65320803921797, 1.65320803921797, 1.65320803921797, 1.65320803921797, 1.65320803921797, 1.65320803921797, 1.65320803921797], "timestamp": "2025-03-14_16-44-38"}