{"y_max": 1.6514432699284796, "mean_values": [0.8266951729104578, 1.0229671099840707, 1.1400310643252536, 1.1458968965701508, 1.2650390158301157, 1.4437120009815336, 1.4437120009815336, 1.4437120009815336, 1.4437120009815336, 1.4437120009815336, 1.4437120009815336, 1.4437120009815336, 1.4437120009815336, 1.4437120009815336, 1.6313431778112057, 1.6313431778112057, 1.6313431778112057, 1.6313431778112057, 1.6372116749069023, 1.652337068713328, 1.652337068713328, 1.6536500424895846, 1.6536500424895846, 1.6536500424895846, 1.6536500424895846, 1.6536500424895846, 1.6536500424895846, 1.6536500424895846, 1.6536500424895846, 1.6536500424895846], "timestamp": "2025-03-14_17-07-05"}