{"y_max": 1.6514432699284796, "mean_values": [0.9636958452498802, 1.1342630659064616, 1.1367724318081756, 1.2210510843998728, 1.4173960293408632, 1.4173960293408632, 1.4173960293408632, 1.4324980637579845, 1.4324980637579845, 1.4324980637579845, 1.4324980637579845, 1.4324980637579845, 1.4324980637579845, 1.650273149528306, 1.650273149528306, 1.650273149528306, 1.650273149528306, 1.650273149528306, 1.650273149528306, 1.6534985423360995, 1.6534985423360995, 1.6534985423360995, 1.6534985423360995, 1.6534985423360995, 1.6534985423360995, 1.6534985423360995, 1.6534985423360995, 1.6534985423360995, 1.655258662323725, 1.655258662323725], "timestamp": "2025-03-14_16-51-15"}