{"y_max": 1.6514432699284796, "mean_values": [0.7924391149582879, 1.0186627901449659, 1.1393737589086608, 1.1456736944986095, 1.264200981956417, 1.4405463153404856, 1.4405463153404856, 1.4405463153404856, 1.4405463153404856, 1.4405463153404856, 1.4405463153404856, 1.4405463153404856, 1.6324162051209419, 1.6324162051209419, 1.6324162051209419, 1.6324162051209419, 1.6355020328851013, 1.6355020328851013, 1.6534237215787293, 1.6534237215787293, 1.6534237215787293, 1.6534237215787293, 1.6534237215787293, 1.6534237215787293, 1.6534237215787293, 1.6534237215787293, 1.6534237215787293, 1.6534237215787293, 1.6534237215787293, 1.6534237215787293], "timestamp": "2025-03-14_16-57-54"}