{"y_max": 1.6514432699284796, "mean_values": [0.792299935073529, 1.0175049383695696, 1.1406668985688053, 1.1447611172331764, 1.26400815955629, 1.4436894188913973, 1.4436894188913973, 1.4436894188913973, 1.4436894188913973, 1.4436894188913973, 1.4436894188913973, 1.4436894188913973, 1.6350728107274666, 1.6350728107274666, 1.6350728107274666, 1.6350728107274666, 1.6350728107274666, 1.6350728107274666, 1.6510642501670787, 1.6546448614708817, 1.6546448614708817, 1.6546448614708817, 1.6546448614708817, 1.6546448614708817, 1.6546448614708817, 1.6546448614708817, 1.6546448614708817, 1.6546448614708817, 1.6546448614708817, 1.6546448614708817], "timestamp": "2025-03-14_16-55-41"}