{"y_max": 1.6514432699284796, "mean_values": [0.7427817466075215, 1.0044802870799852, 1.1385803479623926, 1.1437008492065974, 1.2646430531364017, 1.4424323483112185, 1.4424323483112185, 1.4424323483112185, 1.4424323483112185, 1.4424323483112185, 1.4424323483112185, 1.4424323483112185, 1.6355783410799072, 1.6355783410799072, 1.6355783410799072, 1.6355783410799072, 1.6355783410799072, 1.6355783410799072, 1.6355783410799072, 1.6513975350351844, 1.652751245024127, 1.652751245024127, 1.652751245024127, 1.652751245024127, 1.652751245024127, 1.6538459077170937, 1.6538459077170937, 1.6538459077170937, 1.6538459077170937, 1.6538459077170937], "timestamp": "2025-03-14_17-16-26"}