{"y_max": 1.6514432699284796, "mean_values": [0.7962546664813096, 1.0196507198805314, 1.139401788923148, 1.1430516573453784, 1.2649228440214804, 1.4420202041663244, 1.4420202041663244, 1.4420202041663244, 1.4420202041663244, 1.4420202041663244, 1.4420202041663244, 1.4420202041663244, 1.634713619203781, 1.634713619203781, 1.634713619203781, 1.634713619203781, 1.6366921967700232, 1.6366921967700232, 1.6531840065463435, 1.6534799493575971, 1.6534799493575971, 1.6534799493575971, 1.6534799493575971, 1.6534799493575971, 1.6534799493575971, 1.6534799493575971, 1.6534799493575971, 1.6534799493575971, 1.6534799493575971, 1.6544628255433709], "timestamp": "2025-03-14_16-42-23"}