{"y_max": 1.6514432699284796, "mean_values": [0.7945584924756752, 1.0174462623301803, 1.1402710642147622, 1.145279677080586, 1.2632879120581317, 1.4419108975141113, 1.4419108975141113, 1.4419108975141113, 1.4419108975141113, 1.4419108975141113, 1.4419108975141113, 1.4419108975141113, 1.6360441898699498, 1.6360441898699498, 1.6360441898699498, 1.6360441898699498, 1.6360441898699498, 1.6360441898699498, 1.6360441898699498, 1.6558788798423656, 1.6558788798423656, 1.6558788798423656, 1.6558788798423656, 1.6558788798423656, 1.6558788798423656, 1.6558788798423656, 1.6558788798423656, 1.6558788798423656, 1.6558788798423656, 1.6558788798423656], "timestamp": "2025-03-14_17-14-04"}